-- --------------------------------------------------------
-- Host:                         127.0.0.1
-- Server version:               8.0.30 - MySQL Community Server - GPL
-- Server OS:                    Win64
-- HeidiSQL Version:             12.1.0.6537
-- --------------------------------------------------------

/*!40101 SET @OLD_CHARACTER_SET_CLIENT=@@CHARACTER_SET_CLIENT */;
/*!40101 SET NAMES utf8 */;
/*!50503 SET NAMES utf8mb4 */;
/*!40103 SET @OLD_TIME_ZONE=@@TIME_ZONE */;
/*!40103 SET TIME_ZONE='+00:00' */;
/*!40014 SET @OLD_FOREIGN_KEY_CHECKS=@@FOREIGN_KEY_CHECKS, FOREIGN_KEY_CHECKS=0 */;
/*!40101 SET @OLD_SQL_MODE=@@SQL_MODE, SQL_MODE='NO_AUTO_VALUE_ON_ZERO' */;
/*!40111 SET @OLD_SQL_NOTES=@@SQL_NOTES, SQL_NOTES=0 */;


-- Dumping database structure for matress
DROP DATABASE IF EXISTS `matress`;
CREATE DATABASE IF NOT EXISTS `matress` /*!40100 DEFAULT CHARACTER SET utf8mb4 COLLATE utf8mb4_unicode_ci */ /*!80016 DEFAULT ENCRYPTION='N' */;
USE `matress`;

-- Dumping structure for table matress.addresses
DROP TABLE IF EXISTS `addresses`;
CREATE TABLE IF NOT EXISTS `addresses` (
  `id` int unsigned NOT NULL AUTO_INCREMENT,
  `address_type` varchar(191) COLLATE utf8mb4_unicode_ci NOT NULL,
  `customer_id` int unsigned DEFAULT NULL COMMENT 'null if guest checkout',
  `cart_id` int unsigned DEFAULT NULL COMMENT 'only for cart_addresses',
  `order_id` int unsigned DEFAULT NULL COMMENT 'only for order_addresses',
  `first_name` varchar(191) COLLATE utf8mb4_unicode_ci NOT NULL,
  `last_name` varchar(191) COLLATE utf8mb4_unicode_ci NOT NULL,
  `gender` varchar(191) COLLATE utf8mb4_unicode_ci DEFAULT NULL,
  `company_name` varchar(191) COLLATE utf8mb4_unicode_ci DEFAULT NULL,
  `address1` varchar(191) COLLATE utf8mb4_unicode_ci NOT NULL,
  `address2` varchar(191) COLLATE utf8mb4_unicode_ci DEFAULT NULL,
  `city` varchar(191) COLLATE utf8mb4_unicode_ci NOT NULL,
  `state` varchar(191) COLLATE utf8mb4_unicode_ci DEFAULT NULL,
  `country` varchar(191) COLLATE utf8mb4_unicode_ci DEFAULT NULL,
  `postcode` varchar(191) COLLATE utf8mb4_unicode_ci DEFAULT NULL,
  `email` varchar(191) COLLATE utf8mb4_unicode_ci DEFAULT NULL,
  `phone` varchar(191) COLLATE utf8mb4_unicode_ci DEFAULT NULL,
  `vat_id` varchar(191) COLLATE utf8mb4_unicode_ci DEFAULT NULL,
  `default_address` tinyint(1) NOT NULL DEFAULT '0' COMMENT 'only for customer_addresses',
  `additional` json DEFAULT NULL,
  `created_at` timestamp NULL DEFAULT NULL,
  `updated_at` timestamp NULL DEFAULT NULL,
  PRIMARY KEY (`id`),
  KEY `addresses_customer_id_foreign` (`customer_id`),
  KEY `addresses_cart_id_foreign` (`cart_id`),
  KEY `addresses_order_id_foreign` (`order_id`),
  CONSTRAINT `addresses_cart_id_foreign` FOREIGN KEY (`cart_id`) REFERENCES `cart` (`id`) ON DELETE CASCADE,
  CONSTRAINT `addresses_customer_id_foreign` FOREIGN KEY (`customer_id`) REFERENCES `customers` (`id`) ON DELETE CASCADE,
  CONSTRAINT `addresses_order_id_foreign` FOREIGN KEY (`order_id`) REFERENCES `orders` (`id`) ON DELETE CASCADE
) ENGINE=InnoDB AUTO_INCREMENT=23 DEFAULT CHARSET=utf8mb4 COLLATE=utf8mb4_unicode_ci ROW_FORMAT=DYNAMIC;

-- Dumping data for table matress.addresses: ~22 rows (approximately)
REPLACE INTO `addresses` (`id`, `address_type`, `customer_id`, `cart_id`, `order_id`, `first_name`, `last_name`, `gender`, `company_name`, `address1`, `address2`, `city`, `state`, `country`, `postcode`, `email`, `phone`, `vat_id`, `default_address`, `additional`, `created_at`, `updated_at`) VALUES
	(1, 'cart_billing', NULL, 1, NULL, 'EL Hoceine', 'EL IDRISSI', NULL, 'Rowland Garrett Associates', 'Safi al massira', NULL, 'Sidi Bennour', 'Cumque dolores fugit', 'MA', '20160', 'hoceineelidrissi@gmail.com', '0697361188', NULL, 0, NULL, '2023-12-29 19:56:57', '2023-12-29 19:56:57'),
	(2, 'cart_shipping', NULL, 1, NULL, 'EL Hoceine', 'EL IDRISSI', NULL, 'Rowland Garrett Associates', 'Safi al massira', NULL, 'Sidi Bennour', 'Cumque dolores fugit', 'MA', '20160', 'hoceineelidrissi@gmail.com', '0697361188', NULL, 0, NULL, '2023-12-29 19:56:57', '2023-12-29 19:56:57'),
	(3, 'order_shipping', NULL, NULL, 1, 'EL Hoceine', 'EL IDRISSI', NULL, 'Rowland Garrett Associates', 'Safi al massira', NULL, 'Sidi Bennour', 'Cumque dolores fugit', 'MA', '20160', 'hoceineelidrissi@gmail.com', '0697361188', NULL, 0, NULL, '2023-12-29 19:57:07', '2023-12-29 19:57:07'),
	(4, 'order_billing', NULL, NULL, 1, 'EL Hoceine', 'EL IDRISSI', NULL, 'Rowland Garrett Associates', 'Safi al massira', NULL, 'Sidi Bennour', 'Cumque dolores fugit', 'MA', '20160', 'hoceineelidrissi@gmail.com', '0697361188', NULL, 0, NULL, '2023-12-29 19:57:07', '2023-12-29 19:57:07'),
	(5, 'cart_billing', 1, 3, NULL, 'EL Hoceine', 'EL IDRISSI', NULL, NULL, 'Safi al massira', NULL, 'Sidi Bennour', 'Ut commodi rerum har', 'MA', '20160', 'hoceineelidrissi@gmail.com', '0697361188', NULL, 0, NULL, '2023-12-29 21:19:31', '2023-12-29 21:19:31'),
	(6, 'cart_shipping', 1, 3, NULL, 'EL Hoceine', 'EL IDRISSI', NULL, NULL, 'Safi al massira', NULL, 'Sidi Bennour', 'Ut commodi rerum har', 'MA', '20160', 'hoceineelidrissi@gmail.com', '0697361188', NULL, 0, NULL, '2023-12-29 21:19:31', '2023-12-29 21:19:31'),
	(7, 'order_shipping', NULL, NULL, 2, 'EL Hoceine', 'EL IDRISSI', NULL, NULL, 'Safi al massira', NULL, 'Sidi Bennour', 'Ut commodi rerum har', 'MA', '20160', 'hoceineelidrissi@gmail.com', '0697361188', NULL, 0, NULL, '2023-12-29 21:19:43', '2023-12-29 21:19:43'),
	(8, 'order_billing', NULL, NULL, 2, 'EL Hoceine', 'EL IDRISSI', NULL, NULL, 'Safi al massira', NULL, 'Sidi Bennour', 'Ut commodi rerum har', 'MA', '20160', 'hoceineelidrissi@gmail.com', '0697361188', NULL, 0, NULL, '2023-12-29 21:19:43', '2023-12-29 21:19:43'),
	(9, 'cart_billing', NULL, 5, NULL, 'EL Hoceine', 'EL IDRISSI', NULL, NULL, 'Safi al massira', NULL, 'Sidi Bennour', 'Eius rerum non volup', 'MA', '20160', 'hoceineelidrissi@gmail.com', '0697361188', NULL, 0, NULL, '2023-12-30 01:47:31', '2023-12-30 01:47:31'),
	(10, 'cart_shipping', NULL, 5, NULL, 'EL Hoceine', 'EL IDRISSI', NULL, NULL, 'Safi al massira', NULL, 'Sidi Bennour', 'Eius rerum non volup', 'MA', '20160', 'hoceineelidrissi@gmail.com', '0697361188', NULL, 0, NULL, '2023-12-30 01:47:31', '2023-12-30 01:47:31'),
	(11, 'cart_billing', NULL, 6, NULL, 'EL Hoceine', 'EL IDRISSI', NULL, NULL, 'Safi al massira', NULL, 'Sidi Bennour', 'Ut commodi rerum har', 'MA', '20160', 'hoceineelidrissi@gmail.com', '0697361188', NULL, 0, NULL, '2023-12-30 16:04:00', '2023-12-30 16:04:00'),
	(12, 'cart_shipping', NULL, 6, NULL, 'EL Hoceine', 'EL IDRISSI', NULL, NULL, 'Safi al massira', NULL, 'Sidi Bennour', 'Ut commodi rerum har', 'MA', '20160', 'hoceineelidrissi@gmail.com', '0697361188', NULL, 0, NULL, '2023-12-30 16:04:00', '2023-12-30 16:04:00'),
	(13, 'order_shipping', NULL, NULL, 3, 'EL Hoceine', 'EL IDRISSI', NULL, NULL, 'Safi al massira', NULL, 'Sidi Bennour', 'Ut commodi rerum har', 'MA', '20160', 'hoceineelidrissi@gmail.com', '0697361188', NULL, 0, NULL, '2023-12-30 16:04:17', '2023-12-30 16:04:17'),
	(14, 'order_billing', NULL, NULL, 3, 'EL Hoceine', 'EL IDRISSI', NULL, NULL, 'Safi al massira', NULL, 'Sidi Bennour', 'Ut commodi rerum har', 'MA', '20160', 'hoceineelidrissi@gmail.com', '0697361188', NULL, 0, NULL, '2023-12-30 16:04:17', '2023-12-30 16:04:17'),
	(15, 'cart_billing', NULL, 7, NULL, 'EL Hoceine', 'EL IDRISSI', NULL, NULL, 'Safi al massira', NULL, 'Sidi Bennour', 'Eius rerum non volup', 'MA', '20160', 'hoceineelidrissi@gmail.com', '0697361188', NULL, 0, NULL, '2023-12-30 19:37:12', '2023-12-30 19:37:12'),
	(16, 'cart_shipping', NULL, 7, NULL, 'EL Hoceine', 'EL IDRISSI', NULL, NULL, 'Safi al massira', NULL, 'Sidi Bennour', 'Eius rerum non volup', 'MA', '20160', 'hoceineelidrissi@gmail.com', '0697361188', NULL, 0, NULL, '2023-12-30 19:37:12', '2023-12-30 19:37:12'),
	(17, 'order_shipping', NULL, NULL, 4, 'EL Hoceine', 'EL IDRISSI', NULL, NULL, 'Safi al massira', NULL, 'Sidi Bennour', 'Eius rerum non volup', 'MA', '20160', 'hoceineelidrissi@gmail.com', '0697361188', NULL, 0, NULL, '2023-12-30 19:37:21', '2023-12-30 19:37:21'),
	(18, 'order_billing', NULL, NULL, 4, 'EL Hoceine', 'EL IDRISSI', NULL, NULL, 'Safi al massira', NULL, 'Sidi Bennour', 'Eius rerum non volup', 'MA', '20160', 'hoceineelidrissi@gmail.com', '0697361188', NULL, 0, NULL, '2023-12-30 19:37:21', '2023-12-30 19:37:21'),
	(19, 'cart_billing', NULL, 8, NULL, 'EL Hoceine', 'EL IDRISSI', NULL, NULL, 'Safi al massira', NULL, 'Sidi Bennour', 'Doloribus officia qu', 'MA', '20160', 'hoceineelidrissi@gmail.com', '0697361188', NULL, 0, NULL, '2024-01-01 00:54:50', '2024-01-01 00:54:50'),
	(20, 'cart_shipping', NULL, 8, NULL, 'EL Hoceine', 'EL IDRISSI', NULL, NULL, 'Safi al massira', NULL, 'Sidi Bennour', 'Doloribus officia qu', 'MA', '20160', 'hoceineelidrissi@gmail.com', '0697361188', NULL, 0, NULL, '2024-01-01 00:54:50', '2024-01-01 00:54:50'),
	(21, 'order_shipping', NULL, NULL, 5, 'EL Hoceine', 'EL IDRISSI', NULL, NULL, 'Safi al massira', NULL, 'Sidi Bennour', 'Doloribus officia qu', 'MA', '20160', 'hoceineelidrissi@gmail.com', '0697361188', NULL, 0, NULL, '2024-01-01 00:54:56', '2024-01-01 00:54:56'),
	(22, 'order_billing', NULL, NULL, 5, 'EL Hoceine', 'EL IDRISSI', NULL, NULL, 'Safi al massira', NULL, 'Sidi Bennour', 'Doloribus officia qu', 'MA', '20160', 'hoceineelidrissi@gmail.com', '0697361188', NULL, 0, NULL, '2024-01-01 00:54:56', '2024-01-01 00:54:56');

-- Dumping structure for table matress.admins
DROP TABLE IF EXISTS `admins`;
CREATE TABLE IF NOT EXISTS `admins` (
  `id` int unsigned NOT NULL AUTO_INCREMENT,
  `name` varchar(191) COLLATE utf8mb4_unicode_ci NOT NULL,
  `email` varchar(191) COLLATE utf8mb4_unicode_ci NOT NULL,
  `password` varchar(191) COLLATE utf8mb4_unicode_ci DEFAULT NULL,
  `api_token` varchar(80) COLLATE utf8mb4_unicode_ci DEFAULT NULL,
  `status` tinyint(1) NOT NULL DEFAULT '0',
  `role_id` int unsigned NOT NULL,
  `image` varchar(191) COLLATE utf8mb4_unicode_ci DEFAULT NULL,
  `remember_token` varchar(100) COLLATE utf8mb4_unicode_ci DEFAULT NULL,
  `created_at` timestamp NULL DEFAULT NULL,
  `updated_at` timestamp NULL DEFAULT NULL,
  PRIMARY KEY (`id`),
  UNIQUE KEY `admins_email_unique` (`email`),
  UNIQUE KEY `admins_api_token_unique` (`api_token`)
) ENGINE=InnoDB AUTO_INCREMENT=2 DEFAULT CHARSET=utf8mb4 COLLATE=utf8mb4_unicode_ci ROW_FORMAT=DYNAMIC;

-- Dumping data for table matress.admins: ~1 rows (approximately)
REPLACE INTO `admins` (`id`, `name`, `email`, `password`, `api_token`, `status`, `role_id`, `image`, `remember_token`, `created_at`, `updated_at`) VALUES
	(1, 'Example', 'admin@example.com', '$2y$10$1/Eyd5QDQ6BIQHNfRil7C.Ot505zLRVFGU782xeFhRL1DjFiI1KV.', 'JtX5ghrnhj8tUl5TTYVjTwu1flS9QM6qbzwm4HaGNvITUNOUks1VMcKJW0HFD1xSFZMwjMNKK6Q9uTTk', 1, 1, NULL, NULL, '2023-12-29 19:08:26', '2023-12-29 19:08:26');

-- Dumping structure for table matress.admin_password_resets
DROP TABLE IF EXISTS `admin_password_resets`;
CREATE TABLE IF NOT EXISTS `admin_password_resets` (
  `email` varchar(191) COLLATE utf8mb4_unicode_ci NOT NULL,
  `token` varchar(191) COLLATE utf8mb4_unicode_ci NOT NULL,
  `created_at` timestamp NULL DEFAULT NULL,
  KEY `admin_password_resets_email_index` (`email`)
) ENGINE=InnoDB DEFAULT CHARSET=utf8mb4 COLLATE=utf8mb4_unicode_ci ROW_FORMAT=DYNAMIC;

-- Dumping data for table matress.admin_password_resets: ~0 rows (approximately)

-- Dumping structure for table matress.attributes
DROP TABLE IF EXISTS `attributes`;
CREATE TABLE IF NOT EXISTS `attributes` (
  `id` int unsigned NOT NULL AUTO_INCREMENT,
  `code` varchar(191) COLLATE utf8mb4_unicode_ci NOT NULL,
  `admin_name` varchar(191) COLLATE utf8mb4_unicode_ci NOT NULL,
  `type` varchar(191) COLLATE utf8mb4_unicode_ci NOT NULL,
  `swatch_type` varchar(191) COLLATE utf8mb4_unicode_ci DEFAULT NULL,
  `validation` varchar(191) COLLATE utf8mb4_unicode_ci DEFAULT NULL,
  `regex` varchar(191) COLLATE utf8mb4_unicode_ci DEFAULT NULL,
  `position` int DEFAULT NULL,
  `is_required` tinyint(1) NOT NULL DEFAULT '0',
  `is_unique` tinyint(1) NOT NULL DEFAULT '0',
  `is_filterable` tinyint(1) NOT NULL DEFAULT '0',
  `is_comparable` tinyint(1) NOT NULL DEFAULT '0',
  `is_configurable` tinyint(1) NOT NULL DEFAULT '0',
  `is_user_defined` tinyint(1) NOT NULL DEFAULT '1',
  `is_visible_on_front` tinyint(1) NOT NULL DEFAULT '0',
  `value_per_locale` tinyint(1) NOT NULL DEFAULT '0',
  `value_per_channel` tinyint(1) NOT NULL DEFAULT '0',
  `default_value` int DEFAULT NULL,
  `enable_wysiwyg` tinyint(1) NOT NULL DEFAULT '0',
  `created_at` timestamp NULL DEFAULT NULL,
  `updated_at` timestamp NULL DEFAULT NULL,
  PRIMARY KEY (`id`),
  UNIQUE KEY `attributes_code_unique` (`code`)
) ENGINE=InnoDB AUTO_INCREMENT=34 DEFAULT CHARSET=utf8mb4 COLLATE=utf8mb4_unicode_ci ROW_FORMAT=DYNAMIC;

-- Dumping data for table matress.attributes: ~27 rows (approximately)
REPLACE INTO `attributes` (`id`, `code`, `admin_name`, `type`, `swatch_type`, `validation`, `regex`, `position`, `is_required`, `is_unique`, `is_filterable`, `is_comparable`, `is_configurable`, `is_user_defined`, `is_visible_on_front`, `value_per_locale`, `value_per_channel`, `default_value`, `enable_wysiwyg`, `created_at`, `updated_at`) VALUES
	(1, 'sku', 'SKU', 'text', NULL, NULL, NULL, 1, 1, 1, 0, 0, 0, 0, 0, 0, 0, NULL, 0, '2023-12-29 19:08:26', '2023-12-29 19:08:26'),
	(2, 'name', 'Name', 'text', NULL, NULL, NULL, 3, 1, 0, 0, 1, 0, 0, 0, 1, 1, NULL, 0, '2023-12-29 19:08:26', '2023-12-29 19:08:26'),
	(3, 'url_key', 'URL Key', 'text', NULL, NULL, NULL, 4, 1, 1, 0, 0, 0, 0, 0, 0, 0, NULL, 0, '2023-12-29 19:08:26', '2023-12-29 19:08:26'),
	(4, 'tax_category_id', 'Tax Category', 'select', NULL, NULL, NULL, 5, 0, 0, 0, 0, 0, 0, 0, 0, 1, NULL, 0, '2023-12-29 19:08:26', '2023-12-29 19:08:26'),
	(5, 'new', 'New', 'boolean', NULL, NULL, NULL, 6, 0, 0, 0, 0, 0, 0, 0, 0, 0, NULL, 0, '2023-12-29 19:08:26', '2023-12-29 19:08:26'),
	(6, 'featured', 'Featured', 'boolean', NULL, NULL, NULL, 7, 0, 0, 0, 0, 0, 0, 0, 0, 0, NULL, 0, '2023-12-29 19:08:26', '2023-12-29 19:08:26'),
	(7, 'visible_individually', 'Visible Individually', 'boolean', NULL, NULL, NULL, 9, 1, 0, 0, 0, 0, 0, 0, 0, 0, NULL, 0, '2023-12-29 19:08:26', '2023-12-29 19:08:26'),
	(8, 'status', 'Status', 'boolean', NULL, NULL, NULL, 10, 1, 0, 0, 0, 0, 0, 0, 0, 0, NULL, 0, '2023-12-29 19:08:26', '2023-12-29 19:08:26'),
	(9, 'short_description', 'Short Description', 'textarea', NULL, NULL, NULL, 11, 1, 0, 0, 0, 0, 0, 0, 1, 1, NULL, 0, '2023-12-29 19:08:26', '2023-12-29 19:08:26'),
	(10, 'description', 'Description', 'textarea', NULL, NULL, NULL, 12, 1, 0, 0, 1, 1, 0, 1, 0, 0, NULL, 1, '2023-12-29 19:08:26', '2023-12-30 12:53:38'),
	(11, 'price', 'Price', 'price', NULL, 'decimal', NULL, 13, 1, 0, 1, 1, 0, 0, 0, 0, 0, NULL, 0, '2023-12-29 19:08:26', '2023-12-29 19:08:26'),
	(12, 'cost', 'Cost', 'price', NULL, 'decimal', NULL, 14, 0, 0, 0, 0, 0, 1, 0, 0, 1, NULL, 0, '2023-12-29 19:08:26', '2023-12-29 19:08:26'),
	(13, 'special_price', 'Special Price', 'price', NULL, 'decimal', NULL, 15, 0, 0, 0, 0, 0, 0, 0, 0, 0, NULL, 0, '2023-12-29 19:08:26', '2023-12-29 19:08:26'),
	(14, 'special_price_from', 'Special Price From', 'date', NULL, NULL, NULL, 16, 0, 0, 0, 0, 0, 0, 0, 0, 1, NULL, 0, '2023-12-29 19:08:26', '2023-12-29 19:08:26'),
	(15, 'special_price_to', 'Special Price To', 'date', NULL, NULL, NULL, 17, 0, 0, 0, 0, 0, 0, 0, 0, 1, NULL, 0, '2023-12-29 19:08:26', '2023-12-29 19:08:26'),
	(16, 'meta_title', 'Meta Title', 'textarea', NULL, NULL, NULL, 18, 0, 0, 0, 0, 0, 0, 0, 1, 1, NULL, 0, '2023-12-29 19:08:26', '2023-12-29 19:08:26'),
	(17, 'meta_keywords', 'Meta Keywords', 'textarea', NULL, NULL, NULL, 20, 0, 0, 0, 0, 0, 0, 0, 1, 1, NULL, 0, '2023-12-29 19:08:26', '2023-12-29 19:08:26'),
	(18, 'meta_description', 'Meta Description', 'textarea', NULL, NULL, NULL, 21, 0, 0, 0, 0, 0, 1, 0, 1, 1, NULL, 0, '2023-12-29 19:08:26', '2023-12-29 19:08:26'),
	(19, 'length', 'Length', 'text', NULL, 'decimal', NULL, 22, 0, 0, 0, 0, 0, 1, 0, 0, 0, NULL, 0, '2023-12-29 19:08:26', '2023-12-29 19:08:26'),
	(20, 'width', 'Width', 'text', NULL, 'decimal', NULL, 23, 0, 0, 0, 0, 0, 1, 0, 0, 0, NULL, 0, '2023-12-29 19:08:26', '2023-12-29 19:08:26'),
	(21, 'height', 'Height', 'text', NULL, 'decimal', NULL, 24, 0, 0, 0, 0, 0, 1, 0, 0, 0, NULL, 0, '2023-12-29 19:08:26', '2023-12-29 19:08:26'),
	(22, 'weight', 'Weight', 'text', NULL, 'decimal', NULL, 25, 1, 0, 0, 0, 0, 0, 0, 0, 0, NULL, 0, '2023-12-29 19:08:26', '2023-12-29 19:08:26'),
	(25, 'brand', 'Sizes', 'select', 'text', NULL, NULL, 28, 0, 0, 1, 1, 1, 1, 1, 0, 0, NULL, 0, '2023-12-29 19:08:26', '2023-12-30 19:32:16'),
	(26, 'guest_checkout', 'Guest Checkout', 'boolean', NULL, NULL, NULL, 8, 1, 0, 0, 0, 0, 0, 0, 0, 0, NULL, 0, '2023-12-29 19:08:26', '2023-12-29 19:08:26'),
	(27, 'product_number', 'Product Number', 'text', NULL, NULL, NULL, 2, 0, 1, 0, 0, 0, 0, 0, 0, 0, NULL, 0, '2023-12-29 19:08:26', '2023-12-29 19:08:26'),
	(28, 'manage_stock', 'Manage Stock', 'boolean', NULL, NULL, NULL, 1, 0, 0, 0, 0, 0, 0, 0, 0, 1, 1, 0, '2023-12-29 19:08:26', '2023-12-29 19:08:26'),
	(33, 'brand_column', 'Brands', 'select', 'text', NULL, '', NULL, 0, 0, 1, 1, 1, 1, 1, 0, 0, NULL, 0, '2023-12-30 21:07:49', '2023-12-30 21:07:49');

-- Dumping structure for table matress.attribute_families
DROP TABLE IF EXISTS `attribute_families`;
CREATE TABLE IF NOT EXISTS `attribute_families` (
  `id` int unsigned NOT NULL AUTO_INCREMENT,
  `code` varchar(191) COLLATE utf8mb4_unicode_ci NOT NULL,
  `name` varchar(191) COLLATE utf8mb4_unicode_ci NOT NULL,
  `status` tinyint(1) NOT NULL DEFAULT '0',
  `is_user_defined` tinyint(1) NOT NULL DEFAULT '1',
  PRIMARY KEY (`id`)
) ENGINE=InnoDB AUTO_INCREMENT=2 DEFAULT CHARSET=utf8mb4 COLLATE=utf8mb4_unicode_ci ROW_FORMAT=DYNAMIC;

-- Dumping data for table matress.attribute_families: ~1 rows (approximately)
REPLACE INTO `attribute_families` (`id`, `code`, `name`, `status`, `is_user_defined`) VALUES
	(1, 'default', 'Default', 0, 1);

-- Dumping structure for table matress.attribute_groups
DROP TABLE IF EXISTS `attribute_groups`;
CREATE TABLE IF NOT EXISTS `attribute_groups` (
  `id` int unsigned NOT NULL AUTO_INCREMENT,
  `attribute_family_id` int unsigned NOT NULL,
  `name` varchar(191) COLLATE utf8mb4_unicode_ci NOT NULL,
  `column` int NOT NULL DEFAULT '1',
  `position` int NOT NULL,
  `is_user_defined` tinyint(1) NOT NULL DEFAULT '1',
  PRIMARY KEY (`id`),
  UNIQUE KEY `attribute_groups_attribute_family_id_name_unique` (`attribute_family_id`,`name`),
  CONSTRAINT `attribute_groups_attribute_family_id_foreign` FOREIGN KEY (`attribute_family_id`) REFERENCES `attribute_families` (`id`) ON DELETE CASCADE
) ENGINE=InnoDB AUTO_INCREMENT=8 DEFAULT CHARSET=utf8mb4 COLLATE=utf8mb4_unicode_ci ROW_FORMAT=DYNAMIC;

-- Dumping data for table matress.attribute_groups: ~7 rows (approximately)
REPLACE INTO `attribute_groups` (`id`, `attribute_family_id`, `name`, `column`, `position`, `is_user_defined`) VALUES
	(1, 1, 'General', 1, 1, 0),
	(2, 1, 'Description', 1, 2, 0),
	(3, 1, 'Meta Description', 1, 3, 0),
	(4, 1, 'Price', 2, 1, 0),
	(5, 1, 'Shipping', 2, 2, 0),
	(6, 1, 'Settings', 2, 3, 0),
	(7, 1, 'Inventories', 2, 4, 0);

-- Dumping structure for table matress.attribute_group_mappings
DROP TABLE IF EXISTS `attribute_group_mappings`;
CREATE TABLE IF NOT EXISTS `attribute_group_mappings` (
  `attribute_id` int unsigned NOT NULL,
  `attribute_group_id` int unsigned NOT NULL,
  `position` int DEFAULT NULL,
  PRIMARY KEY (`attribute_id`,`attribute_group_id`),
  KEY `attribute_group_mappings_attribute_group_id_foreign` (`attribute_group_id`),
  CONSTRAINT `attribute_group_mappings_attribute_group_id_foreign` FOREIGN KEY (`attribute_group_id`) REFERENCES `attribute_groups` (`id`) ON DELETE CASCADE,
  CONSTRAINT `attribute_group_mappings_attribute_id_foreign` FOREIGN KEY (`attribute_id`) REFERENCES `attributes` (`id`) ON DELETE CASCADE
) ENGINE=InnoDB DEFAULT CHARSET=utf8mb4 COLLATE=utf8mb4_unicode_ci ROW_FORMAT=DYNAMIC;

-- Dumping data for table matress.attribute_group_mappings: ~26 rows (approximately)
REPLACE INTO `attribute_group_mappings` (`attribute_id`, `attribute_group_id`, `position`) VALUES
	(1, 1, 1),
	(2, 1, 3),
	(3, 1, 4),
	(4, 1, 5),
	(5, 6, 1),
	(6, 6, 2),
	(7, 6, 3),
	(8, 6, 4),
	(9, 2, 1),
	(10, 2, 2),
	(11, 4, 1),
	(12, 4, 2),
	(13, 4, 3),
	(14, 4, 4),
	(15, 4, 5),
	(16, 3, 1),
	(17, 3, 2),
	(18, 3, 3),
	(19, 5, 1),
	(20, 5, 2),
	(21, 5, 3),
	(22, 5, 4),
	(25, 1, 6),
	(26, 6, 5),
	(27, 1, 2),
	(28, 7, 1);

-- Dumping structure for table matress.attribute_options
DROP TABLE IF EXISTS `attribute_options`;
CREATE TABLE IF NOT EXISTS `attribute_options` (
  `id` int unsigned NOT NULL AUTO_INCREMENT,
  `attribute_id` int unsigned NOT NULL,
  `admin_name` varchar(191) COLLATE utf8mb4_unicode_ci DEFAULT NULL,
  `sort_order` int DEFAULT NULL,
  `swatch_value` varchar(191) COLLATE utf8mb4_unicode_ci DEFAULT NULL,
  PRIMARY KEY (`id`),
  KEY `attribute_options_attribute_id_foreign` (`attribute_id`),
  CONSTRAINT `attribute_options_attribute_id_foreign` FOREIGN KEY (`attribute_id`) REFERENCES `attributes` (`id`) ON DELETE CASCADE
) ENGINE=InnoDB AUTO_INCREMENT=26 DEFAULT CHARSET=utf8mb4 COLLATE=utf8mb4_unicode_ci ROW_FORMAT=DYNAMIC;

-- Dumping data for table matress.attribute_options: ~4 rows (approximately)
REPLACE INTO `attribute_options` (`id`, `attribute_id`, `admin_name`, `sort_order`, `swatch_value`) VALUES
	(10, 25, 'Queen', NULL, NULL),
	(11, 25, 'TwinXl', NULL, NULL),
	(24, 33, 'Matress', NULL, NULL),
	(25, 33, 'GhostBed', NULL, NULL);

-- Dumping structure for table matress.attribute_option_translations
DROP TABLE IF EXISTS `attribute_option_translations`;
CREATE TABLE IF NOT EXISTS `attribute_option_translations` (
  `id` int unsigned NOT NULL AUTO_INCREMENT,
  `attribute_option_id` int unsigned NOT NULL,
  `locale` varchar(191) COLLATE utf8mb4_unicode_ci NOT NULL,
  `label` text COLLATE utf8mb4_unicode_ci,
  PRIMARY KEY (`id`),
  UNIQUE KEY `attribute_option_translations_attribute_option_id_locale_unique` (`attribute_option_id`,`locale`),
  CONSTRAINT `attribute_option_translations_attribute_option_id_foreign` FOREIGN KEY (`attribute_option_id`) REFERENCES `attribute_options` (`id`) ON DELETE CASCADE
) ENGINE=InnoDB AUTO_INCREMENT=218 DEFAULT CHARSET=utf8mb4 COLLATE=utf8mb4_unicode_ci ROW_FORMAT=DYNAMIC;

-- Dumping data for table matress.attribute_option_translations: ~36 rows (approximately)
REPLACE INTO `attribute_option_translations` (`id`, `attribute_option_id`, `locale`, `label`) VALUES
	(10, 10, 'en', 'Queen'),
	(11, 10, 'fr', ''),
	(12, 10, 'nl', ''),
	(13, 10, 'tr', ''),
	(14, 10, 'es', ''),
	(15, 10, 'de', ''),
	(16, 10, 'it', ''),
	(17, 10, 'ru', ''),
	(18, 10, 'uk', ''),
	(19, 11, 'en', 'TwinXl'),
	(20, 11, 'fr', ''),
	(21, 11, 'nl', ''),
	(22, 11, 'tr', ''),
	(23, 11, 'es', ''),
	(24, 11, 'de', ''),
	(25, 11, 'it', ''),
	(26, 11, 'ru', ''),
	(27, 11, 'uk', ''),
	(200, 24, 'en', 'Matress'),
	(201, 24, 'fr', ''),
	(202, 24, 'nl', ''),
	(203, 24, 'tr', ''),
	(204, 24, 'es', ''),
	(205, 24, 'de', ''),
	(206, 24, 'it', ''),
	(207, 24, 'ru', ''),
	(208, 24, 'uk', ''),
	(209, 25, 'en', 'GhostBed'),
	(210, 25, 'fr', ''),
	(211, 25, 'nl', ''),
	(212, 25, 'tr', ''),
	(213, 25, 'es', ''),
	(214, 25, 'de', ''),
	(215, 25, 'it', ''),
	(216, 25, 'ru', ''),
	(217, 25, 'uk', '');

-- Dumping structure for table matress.attribute_translations
DROP TABLE IF EXISTS `attribute_translations`;
CREATE TABLE IF NOT EXISTS `attribute_translations` (
  `id` int unsigned NOT NULL AUTO_INCREMENT,
  `attribute_id` int unsigned NOT NULL,
  `locale` varchar(191) COLLATE utf8mb4_unicode_ci NOT NULL,
  `name` text COLLATE utf8mb4_unicode_ci,
  PRIMARY KEY (`id`),
  UNIQUE KEY `attribute_translations_attribute_id_locale_unique` (`attribute_id`,`locale`),
  CONSTRAINT `attribute_translations_attribute_id_foreign` FOREIGN KEY (`attribute_id`) REFERENCES `attributes` (`id`) ON DELETE CASCADE
) ENGINE=InnoDB AUTO_INCREMENT=105 DEFAULT CHARSET=utf8mb4 COLLATE=utf8mb4_unicode_ci ROW_FORMAT=DYNAMIC;

-- Dumping data for table matress.attribute_translations: ~50 rows (approximately)
REPLACE INTO `attribute_translations` (`id`, `attribute_id`, `locale`, `name`) VALUES
	(1, 1, 'en', 'SKU'),
	(2, 2, 'en', 'Name'),
	(3, 3, 'en', 'URL Key'),
	(4, 4, 'en', 'Tax Category'),
	(5, 5, 'en', 'New'),
	(6, 6, 'en', 'Featured'),
	(7, 7, 'en', 'Visible Individually'),
	(8, 8, 'en', 'Status'),
	(9, 9, 'en', 'Short Description'),
	(10, 10, 'en', 'Description'),
	(11, 11, 'en', 'Price'),
	(12, 12, 'en', 'Cost'),
	(13, 13, 'en', 'Special Price'),
	(14, 14, 'en', 'Special Price From'),
	(15, 15, 'en', 'Special Price To'),
	(16, 16, 'en', 'Meta Description'),
	(17, 17, 'en', 'Meta Keywords'),
	(18, 18, 'en', 'Meta Description'),
	(19, 19, 'en', 'Width'),
	(20, 20, 'en', 'Height'),
	(21, 21, 'en', 'Depth'),
	(22, 22, 'en', 'Weight'),
	(25, 25, 'en', 'Sizes'),
	(26, 26, 'en', 'Allow Guest Checkout'),
	(27, 27, 'en', 'Product Number'),
	(28, 25, 'fr', ''),
	(29, 25, 'nl', ''),
	(30, 25, 'tr', ''),
	(31, 25, 'es', ''),
	(32, 25, 'de', ''),
	(33, 25, 'it', ''),
	(34, 25, 'ru', ''),
	(35, 25, 'uk', ''),
	(36, 10, 'fr', ''),
	(37, 10, 'nl', ''),
	(38, 10, 'tr', ''),
	(39, 10, 'es', ''),
	(40, 10, 'de', ''),
	(41, 10, 'it', ''),
	(42, 10, 'ru', ''),
	(43, 10, 'uk', ''),
	(96, 33, 'en', 'Brand'),
	(97, 33, 'fr', ''),
	(98, 33, 'nl', ''),
	(99, 33, 'tr', ''),
	(100, 33, 'es', ''),
	(101, 33, 'de', ''),
	(102, 33, 'it', ''),
	(103, 33, 'ru', ''),
	(104, 33, 'uk', '');

-- Dumping structure for table matress.cart
DROP TABLE IF EXISTS `cart`;
CREATE TABLE IF NOT EXISTS `cart` (
  `id` int unsigned NOT NULL AUTO_INCREMENT,
  `customer_email` varchar(191) COLLATE utf8mb4_unicode_ci DEFAULT NULL,
  `customer_first_name` varchar(191) COLLATE utf8mb4_unicode_ci DEFAULT NULL,
  `customer_last_name` varchar(191) COLLATE utf8mb4_unicode_ci DEFAULT NULL,
  `shipping_method` varchar(191) COLLATE utf8mb4_unicode_ci DEFAULT NULL,
  `coupon_code` varchar(191) COLLATE utf8mb4_unicode_ci DEFAULT NULL,
  `is_gift` tinyint(1) NOT NULL DEFAULT '0',
  `items_count` int DEFAULT NULL,
  `items_qty` decimal(12,4) DEFAULT NULL,
  `exchange_rate` decimal(12,4) DEFAULT NULL,
  `global_currency_code` varchar(191) COLLATE utf8mb4_unicode_ci DEFAULT NULL,
  `base_currency_code` varchar(191) COLLATE utf8mb4_unicode_ci DEFAULT NULL,
  `channel_currency_code` varchar(191) COLLATE utf8mb4_unicode_ci DEFAULT NULL,
  `cart_currency_code` varchar(191) COLLATE utf8mb4_unicode_ci DEFAULT NULL,
  `grand_total` decimal(12,4) DEFAULT '0.0000',
  `base_grand_total` decimal(12,4) DEFAULT '0.0000',
  `sub_total` decimal(12,4) DEFAULT '0.0000',
  `base_sub_total` decimal(12,4) DEFAULT '0.0000',
  `tax_total` decimal(12,4) DEFAULT '0.0000',
  `base_tax_total` decimal(12,4) DEFAULT '0.0000',
  `discount_amount` decimal(12,4) DEFAULT '0.0000',
  `base_discount_amount` decimal(12,4) DEFAULT '0.0000',
  `checkout_method` varchar(191) COLLATE utf8mb4_unicode_ci DEFAULT NULL,
  `is_guest` tinyint(1) DEFAULT NULL,
  `is_active` tinyint(1) DEFAULT '1',
  `applied_cart_rule_ids` varchar(191) COLLATE utf8mb4_unicode_ci DEFAULT NULL,
  `customer_id` int unsigned DEFAULT NULL,
  `channel_id` int unsigned NOT NULL,
  `created_at` timestamp NULL DEFAULT NULL,
  `updated_at` timestamp NULL DEFAULT NULL,
  PRIMARY KEY (`id`),
  KEY `cart_customer_id_foreign` (`customer_id`),
  KEY `cart_channel_id_foreign` (`channel_id`),
  CONSTRAINT `cart_channel_id_foreign` FOREIGN KEY (`channel_id`) REFERENCES `channels` (`id`) ON DELETE CASCADE,
  CONSTRAINT `cart_customer_id_foreign` FOREIGN KEY (`customer_id`) REFERENCES `customers` (`id`) ON DELETE CASCADE
) ENGINE=InnoDB AUTO_INCREMENT=9 DEFAULT CHARSET=utf8mb4 COLLATE=utf8mb4_unicode_ci ROW_FORMAT=DYNAMIC;

-- Dumping data for table matress.cart: ~7 rows (approximately)
REPLACE INTO `cart` (`id`, `customer_email`, `customer_first_name`, `customer_last_name`, `shipping_method`, `coupon_code`, `is_gift`, `items_count`, `items_qty`, `exchange_rate`, `global_currency_code`, `base_currency_code`, `channel_currency_code`, `cart_currency_code`, `grand_total`, `base_grand_total`, `sub_total`, `base_sub_total`, `tax_total`, `base_tax_total`, `discount_amount`, `base_discount_amount`, `checkout_method`, `is_guest`, `is_active`, `applied_cart_rule_ids`, `customer_id`, `channel_id`, `created_at`, `updated_at`) VALUES
	(1, 'hoceineelidrissi@gmail.com', 'EL Hoceine', 'EL IDRISSI', 'free_free', NULL, 0, 1, 6.0000, NULL, 'USD', 'USD', 'USD', 'USD', 1200.0000, 1200.0000, 1200.0000, 1200.0000, 0.0000, 0.0000, 0.0000, 0.0000, NULL, 1, 0, NULL, NULL, 1, '2023-12-29 19:56:04', '2023-12-29 19:57:11'),
	(3, 'hoceineelidrissi@gmail.com', 'EL Hoceine', 'EL IDRISSI', 'flatrate_flatrate', NULL, 0, 1, 4.0000, NULL, 'USD', 'USD', 'USD', 'USD', 840.0000, 840.0000, 800.0000, 800.0000, 0.0000, 0.0000, 0.0000, 0.0000, NULL, 0, 0, NULL, 1, 1, '2023-12-29 21:19:03', '2023-12-29 21:19:45'),
	(4, NULL, NULL, NULL, NULL, NULL, 0, 1, 1.0000, NULL, 'USD', 'USD', 'USD', 'USD', 363.0000, 363.0000, 363.0000, 363.0000, 0.0000, 0.0000, 0.0000, 0.0000, NULL, 1, 0, NULL, NULL, 1, '2023-12-29 22:14:21', '2023-12-30 01:47:06'),
	(5, 'hoceineelidrissi@gmail.com', 'EL Hoceine', 'EL IDRISSI', 'flatrate_flatrate', NULL, 0, 1, 2.0000, NULL, 'USD', 'USD', 'USD', 'USD', 1620.0000, 1620.0000, 1600.0000, 1600.0000, 0.0000, 0.0000, 0.0000, 0.0000, NULL, 1, 1, NULL, NULL, 1, '2023-12-30 01:47:06', '2023-12-30 01:48:09'),
	(6, 'hoceineelidrissi@gmail.com', 'EL Hoceine', 'EL IDRISSI', 'flatrate_flatrate', NULL, 0, 1, 1.0000, NULL, 'USD', 'USD', 'USD', 'USD', 373.0000, 373.0000, 363.0000, 363.0000, 0.0000, 0.0000, 0.0000, 0.0000, NULL, 1, 0, NULL, NULL, 1, '2023-12-30 16:03:27', '2023-12-30 16:04:20'),
	(7, 'hoceineelidrissi@gmail.com', 'EL Hoceine', 'EL IDRISSI', 'free_free', NULL, 0, 1, 1.0000, NULL, 'USD', 'USD', 'USD', 'USD', 100.0000, 100.0000, 100.0000, 100.0000, 0.0000, 0.0000, 0.0000, 0.0000, NULL, 1, 0, NULL, NULL, 1, '2023-12-30 19:36:44', '2023-12-30 19:37:26'),
	(8, 'hoceineelidrissi@gmail.com', 'EL Hoceine', 'EL IDRISSI', 'free_free', NULL, 0, 1, 2.0000, NULL, 'USD', 'USD', 'USD', 'USD', 200.0000, 200.0000, 200.0000, 200.0000, 0.0000, 0.0000, 0.0000, 0.0000, NULL, 1, 0, NULL, NULL, 1, '2024-01-01 00:54:36', '2024-01-01 00:55:03');

-- Dumping structure for table matress.cart_items
DROP TABLE IF EXISTS `cart_items`;
CREATE TABLE IF NOT EXISTS `cart_items` (
  `id` int unsigned NOT NULL AUTO_INCREMENT,
  `quantity` int unsigned NOT NULL DEFAULT '0',
  `sku` varchar(191) COLLATE utf8mb4_unicode_ci DEFAULT NULL,
  `type` varchar(191) COLLATE utf8mb4_unicode_ci DEFAULT NULL,
  `name` varchar(191) COLLATE utf8mb4_unicode_ci DEFAULT NULL,
  `coupon_code` varchar(191) COLLATE utf8mb4_unicode_ci DEFAULT NULL,
  `weight` decimal(12,4) NOT NULL DEFAULT '0.0000',
  `total_weight` decimal(12,4) NOT NULL DEFAULT '0.0000',
  `base_total_weight` decimal(12,4) NOT NULL DEFAULT '0.0000',
  `price` decimal(12,4) NOT NULL DEFAULT '1.0000',
  `base_price` decimal(12,4) NOT NULL DEFAULT '0.0000',
  `custom_price` decimal(12,4) DEFAULT NULL,
  `total` decimal(12,4) NOT NULL DEFAULT '0.0000',
  `base_total` decimal(12,4) NOT NULL DEFAULT '0.0000',
  `tax_percent` decimal(12,4) DEFAULT '0.0000',
  `tax_amount` decimal(12,4) DEFAULT '0.0000',
  `base_tax_amount` decimal(12,4) DEFAULT '0.0000',
  `discount_percent` decimal(12,4) NOT NULL DEFAULT '0.0000',
  `discount_amount` decimal(12,4) NOT NULL DEFAULT '0.0000',
  `base_discount_amount` decimal(12,4) NOT NULL DEFAULT '0.0000',
  `parent_id` int unsigned DEFAULT NULL,
  `product_id` int unsigned NOT NULL,
  `cart_id` int unsigned NOT NULL,
  `tax_category_id` int unsigned DEFAULT NULL,
  `applied_cart_rule_ids` varchar(191) COLLATE utf8mb4_unicode_ci DEFAULT NULL,
  `additional` json DEFAULT NULL,
  `created_at` timestamp NULL DEFAULT NULL,
  `updated_at` timestamp NULL DEFAULT NULL,
  PRIMARY KEY (`id`),
  KEY `cart_items_parent_id_foreign` (`parent_id`),
  KEY `cart_items_product_id_foreign` (`product_id`),
  KEY `cart_items_cart_id_foreign` (`cart_id`),
  KEY `cart_items_tax_category_id_foreign` (`tax_category_id`),
  CONSTRAINT `cart_items_cart_id_foreign` FOREIGN KEY (`cart_id`) REFERENCES `cart` (`id`) ON DELETE CASCADE,
  CONSTRAINT `cart_items_parent_id_foreign` FOREIGN KEY (`parent_id`) REFERENCES `cart_items` (`id`) ON DELETE CASCADE,
  CONSTRAINT `cart_items_product_id_foreign` FOREIGN KEY (`product_id`) REFERENCES `products` (`id`) ON DELETE CASCADE,
  CONSTRAINT `cart_items_tax_category_id_foreign` FOREIGN KEY (`tax_category_id`) REFERENCES `tax_categories` (`id`)
) ENGINE=InnoDB AUTO_INCREMENT=10 DEFAULT CHARSET=utf8mb4 COLLATE=utf8mb4_unicode_ci ROW_FORMAT=DYNAMIC;

-- Dumping data for table matress.cart_items: ~7 rows (approximately)
REPLACE INTO `cart_items` (`id`, `quantity`, `sku`, `type`, `name`, `coupon_code`, `weight`, `total_weight`, `base_total_weight`, `price`, `base_price`, `custom_price`, `total`, `base_total`, `tax_percent`, `tax_amount`, `base_tax_amount`, `discount_percent`, `discount_amount`, `base_discount_amount`, `parent_id`, `product_id`, `cart_id`, `tax_category_id`, `applied_cart_rule_ids`, `additional`, `created_at`, `updated_at`) VALUES
	(3, 1, '545455', 'simple', 'Paul Atkins', NULL, 10.0000, 10.0000, 10.0000, 363.0000, 363.0000, NULL, 363.0000, 363.0000, 0.0000, 0.0000, 0.0000, 0.0000, 0.0000, 0.0000, NULL, 23, 4, NULL, NULL, '{"rating": "0", "quantity": 1, "is_buy_now": "1", "product_id": "23"}', '2023-12-29 22:14:21', '2023-12-30 01:46:32'),
	(4, 2, '674168', 'simple', 'Bedgear Hybrid Performance® H6 Hybrid Performance Plush Mattress', NULL, 100.0000, 200.0000, 200.0000, 800.0000, 800.0000, NULL, 1600.0000, 1600.0000, 0.0000, 0.0000, 0.0000, 0.0000, 0.0000, 0.0000, NULL, 24, 5, NULL, NULL, '{"rating": "0", "quantity": 2, "is_buy_now": "1", "product_id": "24"}', '2023-12-30 01:47:06', '2023-12-30 01:48:09'),
	(5, 1, '545455', 'simple', 'Paul Atkins', NULL, 10.0000, 10.0000, 10.0000, 363.0000, 363.0000, NULL, 363.0000, 363.0000, 0.0000, 0.0000, 0.0000, 0.0000, 0.0000, 0.0000, NULL, 23, 6, NULL, NULL, '{"rating": "0", "quantity": 1, "is_buy_now": "1", "product_id": "23"}', '2023-12-30 16:03:27', '2023-12-30 16:04:17'),
	(6, 1, '847', 'configurable', 'Configurable product', NULL, 5.0000, 5.0000, 5.0000, 100.0000, 100.0000, NULL, 100.0000, 100.0000, 0.0000, 0.0000, 0.0000, 0.0000, 0.0000, 0.0000, NULL, 47, 7, NULL, NULL, '{"rating": "0", "quantity": 1, "attributes": {"brand": {"option_id": 11, "option_label": "TwinXl", "attribute_name": "Sizes"}}, "is_buy_now": "1", "product_id": "47", "super_attribute": {"25": "11"}, "selected_configurable_option": "49"}', '2023-12-30 19:36:44', '2023-12-30 19:37:21'),
	(7, 0, '847-variant-11', 'simple', 'Twin XL', NULL, 0.0000, 0.0000, 0.0000, 1.0000, 0.0000, NULL, 0.0000, 0.0000, 0.0000, 0.0000, 0.0000, 0.0000, 0.0000, 0.0000, 6, 49, 7, NULL, NULL, '{"parent_id": 47, "product_id": 49}', '2023-12-30 19:36:44', '2023-12-30 19:36:44'),
	(8, 2, '847', 'configurable', 'Configurable product', NULL, 5.0000, 10.0000, 10.0000, 100.0000, 100.0000, NULL, 200.0000, 200.0000, 0.0000, 0.0000, 0.0000, 0.0000, 0.0000, 0.0000, NULL, 47, 8, NULL, NULL, '{"rating": "0", "quantity": 2, "attributes": {"brand": {"option_id": 11, "option_label": "TwinXl", "attribute_name": "Sizes"}}, "is_buy_now": "1", "product_id": "47", "super_attribute": {"25": "11"}, "selected_configurable_option": "49"}', '2024-01-01 00:54:36', '2024-01-01 00:54:56'),
	(9, 0, '847-variant-11', 'simple', 'Twin XL', NULL, 0.0000, 0.0000, 0.0000, 1.0000, 0.0000, NULL, 0.0000, 0.0000, 0.0000, 0.0000, 0.0000, 0.0000, 0.0000, 0.0000, 8, 49, 8, NULL, NULL, '{"parent_id": 47, "product_id": 49}', '2024-01-01 00:54:36', '2024-01-01 00:54:36');

-- Dumping structure for table matress.cart_item_inventories
DROP TABLE IF EXISTS `cart_item_inventories`;
CREATE TABLE IF NOT EXISTS `cart_item_inventories` (
  `id` int unsigned NOT NULL AUTO_INCREMENT,
  `qty` int unsigned NOT NULL DEFAULT '0',
  `inventory_source_id` int unsigned DEFAULT NULL,
  `cart_item_id` int unsigned DEFAULT NULL,
  `created_at` timestamp NULL DEFAULT NULL,
  `updated_at` timestamp NULL DEFAULT NULL,
  PRIMARY KEY (`id`)
) ENGINE=InnoDB DEFAULT CHARSET=utf8mb4 COLLATE=utf8mb4_unicode_ci ROW_FORMAT=DYNAMIC;

-- Dumping data for table matress.cart_item_inventories: ~0 rows (approximately)

-- Dumping structure for table matress.cart_payment
DROP TABLE IF EXISTS `cart_payment`;
CREATE TABLE IF NOT EXISTS `cart_payment` (
  `id` int unsigned NOT NULL AUTO_INCREMENT,
  `method` varchar(191) COLLATE utf8mb4_unicode_ci NOT NULL,
  `method_title` varchar(191) COLLATE utf8mb4_unicode_ci DEFAULT NULL,
  `cart_id` int unsigned DEFAULT NULL,
  `created_at` timestamp NULL DEFAULT NULL,
  `updated_at` timestamp NULL DEFAULT NULL,
  PRIMARY KEY (`id`),
  KEY `cart_payment_cart_id_foreign` (`cart_id`),
  CONSTRAINT `cart_payment_cart_id_foreign` FOREIGN KEY (`cart_id`) REFERENCES `cart` (`id`) ON DELETE CASCADE
) ENGINE=InnoDB AUTO_INCREMENT=7 DEFAULT CHARSET=utf8mb4 COLLATE=utf8mb4_unicode_ci ROW_FORMAT=DYNAMIC;

-- Dumping data for table matress.cart_payment: ~6 rows (approximately)
REPLACE INTO `cart_payment` (`id`, `method`, `method_title`, `cart_id`, `created_at`, `updated_at`) VALUES
	(1, 'cashondelivery', 'Cash On Delivery', 1, '2023-12-29 19:57:05', '2023-12-29 19:57:05'),
	(2, 'moneytransfer', 'Money Transfer', 3, '2023-12-29 21:19:41', '2023-12-29 21:19:41'),
	(3, 'paypal_standard', 'PayPal Standard', 5, '2023-12-30 01:48:07', '2023-12-30 01:48:07'),
	(4, 'cashondelivery', 'Cash On Delivery', 6, '2023-12-30 16:04:15', '2023-12-30 16:04:15'),
	(5, 'cashondelivery', 'Cash On Delivery', 7, '2023-12-30 19:37:20', '2023-12-30 19:37:20'),
	(6, 'cashondelivery', 'Cash On Delivery', 8, '2024-01-01 00:54:55', '2024-01-01 00:54:55');

-- Dumping structure for table matress.cart_rules
DROP TABLE IF EXISTS `cart_rules`;
CREATE TABLE IF NOT EXISTS `cart_rules` (
  `id` int unsigned NOT NULL AUTO_INCREMENT,
  `name` varchar(191) COLLATE utf8mb4_unicode_ci DEFAULT NULL,
  `description` varchar(191) COLLATE utf8mb4_unicode_ci DEFAULT NULL,
  `starts_from` datetime DEFAULT NULL,
  `ends_till` datetime DEFAULT NULL,
  `status` tinyint(1) NOT NULL DEFAULT '0',
  `coupon_type` int NOT NULL DEFAULT '1',
  `use_auto_generation` tinyint(1) NOT NULL DEFAULT '0',
  `usage_per_customer` int NOT NULL DEFAULT '0',
  `uses_per_coupon` int NOT NULL DEFAULT '0',
  `times_used` int unsigned NOT NULL DEFAULT '0',
  `condition_type` tinyint(1) NOT NULL DEFAULT '1',
  `conditions` json DEFAULT NULL,
  `end_other_rules` tinyint(1) NOT NULL DEFAULT '0',
  `uses_attribute_conditions` tinyint(1) NOT NULL DEFAULT '0',
  `action_type` varchar(191) COLLATE utf8mb4_unicode_ci DEFAULT NULL,
  `discount_amount` decimal(12,4) NOT NULL DEFAULT '0.0000',
  `discount_quantity` int NOT NULL DEFAULT '1',
  `discount_step` varchar(191) COLLATE utf8mb4_unicode_ci NOT NULL DEFAULT '1',
  `apply_to_shipping` tinyint(1) NOT NULL DEFAULT '0',
  `free_shipping` tinyint(1) NOT NULL DEFAULT '0',
  `sort_order` int unsigned NOT NULL DEFAULT '0',
  `created_at` timestamp NULL DEFAULT NULL,
  `updated_at` timestamp NULL DEFAULT NULL,
  PRIMARY KEY (`id`)
) ENGINE=InnoDB DEFAULT CHARSET=utf8mb4 COLLATE=utf8mb4_unicode_ci ROW_FORMAT=DYNAMIC;

-- Dumping data for table matress.cart_rules: ~0 rows (approximately)

-- Dumping structure for table matress.cart_rule_channels
DROP TABLE IF EXISTS `cart_rule_channels`;
CREATE TABLE IF NOT EXISTS `cart_rule_channels` (
  `cart_rule_id` int unsigned NOT NULL,
  `channel_id` int unsigned NOT NULL,
  PRIMARY KEY (`cart_rule_id`,`channel_id`),
  KEY `cart_rule_channels_channel_id_foreign` (`channel_id`),
  CONSTRAINT `cart_rule_channels_cart_rule_id_foreign` FOREIGN KEY (`cart_rule_id`) REFERENCES `cart_rules` (`id`) ON DELETE CASCADE,
  CONSTRAINT `cart_rule_channels_channel_id_foreign` FOREIGN KEY (`channel_id`) REFERENCES `channels` (`id`) ON DELETE CASCADE
) ENGINE=InnoDB DEFAULT CHARSET=utf8mb4 COLLATE=utf8mb4_unicode_ci ROW_FORMAT=DYNAMIC;

-- Dumping data for table matress.cart_rule_channels: ~0 rows (approximately)

-- Dumping structure for table matress.cart_rule_coupons
DROP TABLE IF EXISTS `cart_rule_coupons`;
CREATE TABLE IF NOT EXISTS `cart_rule_coupons` (
  `id` int unsigned NOT NULL AUTO_INCREMENT,
  `code` varchar(191) COLLATE utf8mb4_unicode_ci DEFAULT NULL,
  `usage_limit` int unsigned NOT NULL DEFAULT '0',
  `usage_per_customer` int unsigned NOT NULL DEFAULT '0',
  `times_used` int unsigned NOT NULL DEFAULT '0',
  `type` int unsigned NOT NULL DEFAULT '0',
  `is_primary` tinyint(1) NOT NULL DEFAULT '0',
  `expired_at` date DEFAULT NULL,
  `cart_rule_id` int unsigned NOT NULL,
  `created_at` timestamp NULL DEFAULT NULL,
  `updated_at` timestamp NULL DEFAULT NULL,
  PRIMARY KEY (`id`),
  KEY `cart_rule_coupons_cart_rule_id_foreign` (`cart_rule_id`),
  CONSTRAINT `cart_rule_coupons_cart_rule_id_foreign` FOREIGN KEY (`cart_rule_id`) REFERENCES `cart_rules` (`id`) ON DELETE CASCADE
) ENGINE=InnoDB DEFAULT CHARSET=utf8mb4 COLLATE=utf8mb4_unicode_ci ROW_FORMAT=DYNAMIC;

-- Dumping data for table matress.cart_rule_coupons: ~0 rows (approximately)

-- Dumping structure for table matress.cart_rule_coupon_usage
DROP TABLE IF EXISTS `cart_rule_coupon_usage`;
CREATE TABLE IF NOT EXISTS `cart_rule_coupon_usage` (
  `id` int unsigned NOT NULL AUTO_INCREMENT,
  `times_used` int NOT NULL DEFAULT '0',
  `cart_rule_coupon_id` int unsigned NOT NULL,
  `customer_id` int unsigned NOT NULL,
  PRIMARY KEY (`id`),
  KEY `cart_rule_coupon_usage_cart_rule_coupon_id_foreign` (`cart_rule_coupon_id`),
  KEY `cart_rule_coupon_usage_customer_id_foreign` (`customer_id`),
  CONSTRAINT `cart_rule_coupon_usage_cart_rule_coupon_id_foreign` FOREIGN KEY (`cart_rule_coupon_id`) REFERENCES `cart_rule_coupons` (`id`) ON DELETE CASCADE,
  CONSTRAINT `cart_rule_coupon_usage_customer_id_foreign` FOREIGN KEY (`customer_id`) REFERENCES `customers` (`id`) ON DELETE CASCADE
) ENGINE=InnoDB DEFAULT CHARSET=utf8mb4 COLLATE=utf8mb4_unicode_ci ROW_FORMAT=DYNAMIC;

-- Dumping data for table matress.cart_rule_coupon_usage: ~0 rows (approximately)

-- Dumping structure for table matress.cart_rule_customers
DROP TABLE IF EXISTS `cart_rule_customers`;
CREATE TABLE IF NOT EXISTS `cart_rule_customers` (
  `id` int unsigned NOT NULL AUTO_INCREMENT,
  `times_used` bigint unsigned NOT NULL DEFAULT '0',
  `customer_id` int unsigned NOT NULL,
  `cart_rule_id` int unsigned NOT NULL,
  PRIMARY KEY (`id`),
  KEY `cart_rule_customers_cart_rule_id_foreign` (`cart_rule_id`),
  KEY `cart_rule_customers_customer_id_foreign` (`customer_id`),
  CONSTRAINT `cart_rule_customers_cart_rule_id_foreign` FOREIGN KEY (`cart_rule_id`) REFERENCES `cart_rules` (`id`) ON DELETE CASCADE,
  CONSTRAINT `cart_rule_customers_customer_id_foreign` FOREIGN KEY (`customer_id`) REFERENCES `customers` (`id`) ON DELETE CASCADE
) ENGINE=InnoDB DEFAULT CHARSET=utf8mb4 COLLATE=utf8mb4_unicode_ci ROW_FORMAT=DYNAMIC;

-- Dumping data for table matress.cart_rule_customers: ~0 rows (approximately)

-- Dumping structure for table matress.cart_rule_customer_groups
DROP TABLE IF EXISTS `cart_rule_customer_groups`;
CREATE TABLE IF NOT EXISTS `cart_rule_customer_groups` (
  `cart_rule_id` int unsigned NOT NULL,
  `customer_group_id` int unsigned NOT NULL,
  PRIMARY KEY (`cart_rule_id`,`customer_group_id`),
  KEY `cart_rule_customer_groups_customer_group_id_foreign` (`customer_group_id`),
  CONSTRAINT `cart_rule_customer_groups_cart_rule_id_foreign` FOREIGN KEY (`cart_rule_id`) REFERENCES `cart_rules` (`id`) ON DELETE CASCADE,
  CONSTRAINT `cart_rule_customer_groups_customer_group_id_foreign` FOREIGN KEY (`customer_group_id`) REFERENCES `customer_groups` (`id`) ON DELETE CASCADE
) ENGINE=InnoDB DEFAULT CHARSET=utf8mb4 COLLATE=utf8mb4_unicode_ci ROW_FORMAT=DYNAMIC;

-- Dumping data for table matress.cart_rule_customer_groups: ~0 rows (approximately)

-- Dumping structure for table matress.cart_rule_translations
DROP TABLE IF EXISTS `cart_rule_translations`;
CREATE TABLE IF NOT EXISTS `cart_rule_translations` (
  `id` int unsigned NOT NULL AUTO_INCREMENT,
  `locale` varchar(191) COLLATE utf8mb4_unicode_ci NOT NULL,
  `label` text COLLATE utf8mb4_unicode_ci,
  `cart_rule_id` int unsigned NOT NULL,
  PRIMARY KEY (`id`),
  UNIQUE KEY `cart_rule_translations_cart_rule_id_locale_unique` (`cart_rule_id`,`locale`),
  CONSTRAINT `cart_rule_translations_cart_rule_id_foreign` FOREIGN KEY (`cart_rule_id`) REFERENCES `cart_rules` (`id`) ON DELETE CASCADE
) ENGINE=InnoDB DEFAULT CHARSET=utf8mb4 COLLATE=utf8mb4_unicode_ci ROW_FORMAT=DYNAMIC;

-- Dumping data for table matress.cart_rule_translations: ~0 rows (approximately)

-- Dumping structure for table matress.cart_shipping_rates
DROP TABLE IF EXISTS `cart_shipping_rates`;
CREATE TABLE IF NOT EXISTS `cart_shipping_rates` (
  `id` int unsigned NOT NULL AUTO_INCREMENT,
  `carrier` varchar(191) COLLATE utf8mb4_unicode_ci NOT NULL,
  `carrier_title` varchar(191) COLLATE utf8mb4_unicode_ci NOT NULL,
  `method` varchar(191) COLLATE utf8mb4_unicode_ci NOT NULL,
  `method_title` varchar(191) COLLATE utf8mb4_unicode_ci NOT NULL,
  `method_description` varchar(191) COLLATE utf8mb4_unicode_ci DEFAULT NULL,
  `price` double DEFAULT '0',
  `base_price` double DEFAULT '0',
  `discount_amount` decimal(12,4) NOT NULL DEFAULT '0.0000',
  `base_discount_amount` decimal(12,4) NOT NULL DEFAULT '0.0000',
  `is_calculate_tax` tinyint(1) NOT NULL DEFAULT '1',
  `cart_address_id` int unsigned DEFAULT NULL,
  `created_at` timestamp NULL DEFAULT NULL,
  `updated_at` timestamp NULL DEFAULT NULL,
  PRIMARY KEY (`id`)
) ENGINE=InnoDB AUTO_INCREMENT=27 DEFAULT CHARSET=utf8mb4 COLLATE=utf8mb4_unicode_ci ROW_FORMAT=DYNAMIC;

-- Dumping data for table matress.cart_shipping_rates: ~11 rows (approximately)
REPLACE INTO `cart_shipping_rates` (`id`, `carrier`, `carrier_title`, `method`, `method_title`, `method_description`, `price`, `base_price`, `discount_amount`, `base_discount_amount`, `is_calculate_tax`, `cart_address_id`, `created_at`, `updated_at`) VALUES
	(3, 'flatrate', 'Flat Rate', 'flatrate_flatrate', 'Flat Rate', 'Flat Rate Shipping', 60, 60, 0.0000, 0.0000, 1, 2, '2023-12-29 19:57:00', '2023-12-29 19:57:00'),
	(4, 'free', 'Free Shipping', 'free_free', 'Free Shipping', 'Free Shipping', 0, 0, 0.0000, 0.0000, 1, 2, '2023-12-29 19:57:00', '2023-12-29 19:57:00'),
	(7, 'flatrate', 'Flat Rate', 'flatrate_flatrate', 'Flat Rate', 'Flat Rate Shipping', 40, 40, 0.0000, 0.0000, 1, 6, '2023-12-29 21:19:33', '2023-12-29 21:19:33'),
	(8, 'free', 'Free Shipping', 'free_free', 'Free Shipping', 'Free Shipping', 0, 0, 0.0000, 0.0000, 1, 6, '2023-12-29 21:19:33', '2023-12-29 21:19:33'),
	(15, 'flatrate', 'Flat Rate', 'flatrate_flatrate', 'Flat Rate', 'Flat Rate Shipping', 20, 20, 0.0000, 0.0000, 1, 10, '2023-12-30 01:47:40', '2023-12-30 01:47:40'),
	(16, 'free', 'Free Shipping', 'free_free', 'Free Shipping', 'Free Shipping', 0, 0, 0.0000, 0.0000, 1, 10, '2023-12-30 01:47:40', '2023-12-30 01:47:40'),
	(19, 'flatrate', 'Flat Rate', 'flatrate_flatrate', 'Flat Rate', 'Flat Rate Shipping', 10, 10, 0.0000, 0.0000, 1, 12, '2023-12-30 16:04:10', '2023-12-30 16:04:10'),
	(20, 'free', 'Free Shipping', 'free_free', 'Free Shipping', 'Free Shipping', 0, 0, 0.0000, 0.0000, 1, 12, '2023-12-30 16:04:10', '2023-12-30 16:04:10'),
	(23, 'flatrate', 'Flat Rate', 'flatrate_flatrate', 'Flat Rate', 'Flat Rate Shipping', 10, 10, 0.0000, 0.0000, 1, 16, '2023-12-30 19:37:16', '2023-12-30 19:37:16'),
	(24, 'free', 'Free Shipping', 'free_free', 'Free Shipping', 'Free Shipping', 0, 0, 0.0000, 0.0000, 1, 16, '2023-12-30 19:37:16', '2023-12-30 19:37:16'),
	(26, 'free', 'Free Shipping', 'free_free', 'Free Shipping', 'Free Shipping', 0, 0, 0.0000, 0.0000, 1, 20, '2024-01-01 00:54:52', '2024-01-01 00:54:52');

-- Dumping structure for table matress.catalog_rules
DROP TABLE IF EXISTS `catalog_rules`;
CREATE TABLE IF NOT EXISTS `catalog_rules` (
  `id` int unsigned NOT NULL AUTO_INCREMENT,
  `name` varchar(191) COLLATE utf8mb4_unicode_ci DEFAULT NULL,
  `description` varchar(191) COLLATE utf8mb4_unicode_ci DEFAULT NULL,
  `starts_from` date DEFAULT NULL,
  `ends_till` date DEFAULT NULL,
  `status` tinyint(1) NOT NULL DEFAULT '0',
  `condition_type` tinyint(1) NOT NULL DEFAULT '1',
  `conditions` json DEFAULT NULL,
  `end_other_rules` tinyint(1) NOT NULL DEFAULT '0',
  `action_type` varchar(191) COLLATE utf8mb4_unicode_ci DEFAULT NULL,
  `discount_amount` decimal(12,4) NOT NULL DEFAULT '0.0000',
  `sort_order` int unsigned NOT NULL DEFAULT '0',
  `created_at` timestamp NULL DEFAULT NULL,
  `updated_at` timestamp NULL DEFAULT NULL,
  PRIMARY KEY (`id`)
) ENGINE=InnoDB DEFAULT CHARSET=utf8mb4 COLLATE=utf8mb4_unicode_ci ROW_FORMAT=DYNAMIC;

-- Dumping data for table matress.catalog_rules: ~0 rows (approximately)

-- Dumping structure for table matress.catalog_rule_channels
DROP TABLE IF EXISTS `catalog_rule_channels`;
CREATE TABLE IF NOT EXISTS `catalog_rule_channels` (
  `catalog_rule_id` int unsigned NOT NULL,
  `channel_id` int unsigned NOT NULL,
  PRIMARY KEY (`catalog_rule_id`,`channel_id`),
  KEY `catalog_rule_channels_channel_id_foreign` (`channel_id`),
  CONSTRAINT `catalog_rule_channels_catalog_rule_id_foreign` FOREIGN KEY (`catalog_rule_id`) REFERENCES `catalog_rules` (`id`) ON DELETE CASCADE,
  CONSTRAINT `catalog_rule_channels_channel_id_foreign` FOREIGN KEY (`channel_id`) REFERENCES `channels` (`id`) ON DELETE CASCADE
) ENGINE=InnoDB DEFAULT CHARSET=utf8mb4 COLLATE=utf8mb4_unicode_ci ROW_FORMAT=DYNAMIC;

-- Dumping data for table matress.catalog_rule_channels: ~0 rows (approximately)

-- Dumping structure for table matress.catalog_rule_customer_groups
DROP TABLE IF EXISTS `catalog_rule_customer_groups`;
CREATE TABLE IF NOT EXISTS `catalog_rule_customer_groups` (
  `catalog_rule_id` int unsigned NOT NULL,
  `customer_group_id` int unsigned NOT NULL,
  PRIMARY KEY (`catalog_rule_id`,`customer_group_id`),
  KEY `catalog_rule_customer_groups_customer_group_id_foreign` (`customer_group_id`),
  CONSTRAINT `catalog_rule_customer_groups_catalog_rule_id_foreign` FOREIGN KEY (`catalog_rule_id`) REFERENCES `catalog_rules` (`id`) ON DELETE CASCADE,
  CONSTRAINT `catalog_rule_customer_groups_customer_group_id_foreign` FOREIGN KEY (`customer_group_id`) REFERENCES `customer_groups` (`id`) ON DELETE CASCADE
) ENGINE=InnoDB DEFAULT CHARSET=utf8mb4 COLLATE=utf8mb4_unicode_ci ROW_FORMAT=DYNAMIC;

-- Dumping data for table matress.catalog_rule_customer_groups: ~0 rows (approximately)

-- Dumping structure for table matress.catalog_rule_products
DROP TABLE IF EXISTS `catalog_rule_products`;
CREATE TABLE IF NOT EXISTS `catalog_rule_products` (
  `id` int unsigned NOT NULL AUTO_INCREMENT,
  `starts_from` datetime DEFAULT NULL,
  `ends_till` datetime DEFAULT NULL,
  `end_other_rules` tinyint(1) NOT NULL DEFAULT '0',
  `action_type` varchar(191) COLLATE utf8mb4_unicode_ci DEFAULT NULL,
  `discount_amount` decimal(12,4) NOT NULL DEFAULT '0.0000',
  `sort_order` int unsigned NOT NULL DEFAULT '0',
  `product_id` int unsigned NOT NULL,
  `customer_group_id` int unsigned NOT NULL,
  `catalog_rule_id` int unsigned NOT NULL,
  `channel_id` int unsigned NOT NULL,
  PRIMARY KEY (`id`),
  KEY `catalog_rule_products_product_id_foreign` (`product_id`),
  KEY `catalog_rule_products_customer_group_id_foreign` (`customer_group_id`),
  KEY `catalog_rule_products_catalog_rule_id_foreign` (`catalog_rule_id`),
  KEY `catalog_rule_products_channel_id_foreign` (`channel_id`),
  CONSTRAINT `catalog_rule_products_catalog_rule_id_foreign` FOREIGN KEY (`catalog_rule_id`) REFERENCES `catalog_rules` (`id`) ON DELETE CASCADE,
  CONSTRAINT `catalog_rule_products_channel_id_foreign` FOREIGN KEY (`channel_id`) REFERENCES `channels` (`id`) ON DELETE CASCADE,
  CONSTRAINT `catalog_rule_products_customer_group_id_foreign` FOREIGN KEY (`customer_group_id`) REFERENCES `customer_groups` (`id`) ON DELETE CASCADE,
  CONSTRAINT `catalog_rule_products_product_id_foreign` FOREIGN KEY (`product_id`) REFERENCES `products` (`id`) ON DELETE CASCADE
) ENGINE=InnoDB DEFAULT CHARSET=utf8mb4 COLLATE=utf8mb4_unicode_ci ROW_FORMAT=DYNAMIC;

-- Dumping data for table matress.catalog_rule_products: ~0 rows (approximately)

-- Dumping structure for table matress.catalog_rule_product_prices
DROP TABLE IF EXISTS `catalog_rule_product_prices`;
CREATE TABLE IF NOT EXISTS `catalog_rule_product_prices` (
  `id` int unsigned NOT NULL AUTO_INCREMENT,
  `price` decimal(12,4) NOT NULL DEFAULT '0.0000',
  `rule_date` date NOT NULL,
  `starts_from` datetime DEFAULT NULL,
  `ends_till` datetime DEFAULT NULL,
  `product_id` int unsigned NOT NULL,
  `customer_group_id` int unsigned NOT NULL,
  `catalog_rule_id` int unsigned NOT NULL,
  `channel_id` int unsigned NOT NULL,
  PRIMARY KEY (`id`),
  KEY `catalog_rule_product_prices_product_id_foreign` (`product_id`),
  KEY `catalog_rule_product_prices_customer_group_id_foreign` (`customer_group_id`),
  KEY `catalog_rule_product_prices_catalog_rule_id_foreign` (`catalog_rule_id`),
  KEY `catalog_rule_product_prices_channel_id_foreign` (`channel_id`),
  CONSTRAINT `catalog_rule_product_prices_catalog_rule_id_foreign` FOREIGN KEY (`catalog_rule_id`) REFERENCES `catalog_rules` (`id`) ON DELETE CASCADE,
  CONSTRAINT `catalog_rule_product_prices_channel_id_foreign` FOREIGN KEY (`channel_id`) REFERENCES `channels` (`id`) ON DELETE CASCADE,
  CONSTRAINT `catalog_rule_product_prices_customer_group_id_foreign` FOREIGN KEY (`customer_group_id`) REFERENCES `customer_groups` (`id`) ON DELETE CASCADE,
  CONSTRAINT `catalog_rule_product_prices_product_id_foreign` FOREIGN KEY (`product_id`) REFERENCES `products` (`id`) ON DELETE CASCADE
) ENGINE=InnoDB DEFAULT CHARSET=utf8mb4 COLLATE=utf8mb4_unicode_ci ROW_FORMAT=DYNAMIC;

-- Dumping data for table matress.catalog_rule_product_prices: ~0 rows (approximately)

-- Dumping structure for table matress.categories
DROP TABLE IF EXISTS `categories`;
CREATE TABLE IF NOT EXISTS `categories` (
  `id` int unsigned NOT NULL AUTO_INCREMENT,
  `position` int NOT NULL DEFAULT '0',
  `logo_path` text COLLATE utf8mb4_unicode_ci,
  `status` tinyint(1) NOT NULL DEFAULT '0',
  `display_mode` varchar(191) COLLATE utf8mb4_unicode_ci DEFAULT 'products_and_description',
  `_lft` int unsigned NOT NULL DEFAULT '0',
  `_rgt` int unsigned NOT NULL DEFAULT '0',
  `parent_id` int unsigned DEFAULT NULL,
  `additional` json DEFAULT NULL,
  `banner_path` text COLLATE utf8mb4_unicode_ci,
  `created_at` timestamp NULL DEFAULT NULL,
  `updated_at` timestamp NULL DEFAULT NULL,
  PRIMARY KEY (`id`),
  KEY `categories__lft__rgt_parent_id_index` (`_lft`,`_rgt`,`parent_id`)
) ENGINE=InnoDB AUTO_INCREMENT=4 DEFAULT CHARSET=utf8mb4 COLLATE=utf8mb4_unicode_ci ROW_FORMAT=DYNAMIC;

-- Dumping data for table matress.categories: ~3 rows (approximately)
REPLACE INTO `categories` (`id`, `position`, `logo_path`, `status`, `display_mode`, `_lft`, `_rgt`, `parent_id`, `additional`, `banner_path`, `created_at`, `updated_at`) VALUES
	(1, 1, NULL, 1, 'products_and_description', 1, 18, NULL, NULL, NULL, '2023-12-29 19:08:25', '2023-12-29 19:08:25'),
	(2, 0, 'category/2/KuDKiuDY3vh6IYCmmfnDB7bOQe3hIhKRisH6vHH3.webp', 1, 'products_and_description', 14, 15, 1, NULL, 'category/2/zEwALmPhb5s0WW0VmtpK0t8a7mtJM49oK4mNEDr8.webp', '2023-12-29 23:14:41', '2023-12-30 01:33:18'),
	(3, 2, 'category/3/PHboeGMWqQT3bFiKtgYLUSebEqGz71Mv4lPTT3if.webp', 1, 'products_and_description', 16, 17, 1, NULL, 'category/3/oijYWwLotZzVQBQrR0e1r9XVTTsuM8P1HYNuHREx.webp', '2023-12-30 01:35:41', '2023-12-30 01:35:45');

-- Dumping structure for table matress.category_filterable_attributes
DROP TABLE IF EXISTS `category_filterable_attributes`;
CREATE TABLE IF NOT EXISTS `category_filterable_attributes` (
  `category_id` int unsigned NOT NULL,
  `attribute_id` int unsigned NOT NULL,
  KEY `category_filterable_attributes_category_id_foreign` (`category_id`),
  KEY `category_filterable_attributes_attribute_id_foreign` (`attribute_id`),
  CONSTRAINT `category_filterable_attributes_attribute_id_foreign` FOREIGN KEY (`attribute_id`) REFERENCES `attributes` (`id`) ON DELETE CASCADE,
  CONSTRAINT `category_filterable_attributes_category_id_foreign` FOREIGN KEY (`category_id`) REFERENCES `categories` (`id`) ON DELETE CASCADE
) ENGINE=InnoDB DEFAULT CHARSET=utf8mb4 COLLATE=utf8mb4_unicode_ci ROW_FORMAT=DYNAMIC;

-- Dumping data for table matress.category_filterable_attributes: ~4 rows (approximately)
REPLACE INTO `category_filterable_attributes` (`category_id`, `attribute_id`) VALUES
	(2, 11),
	(2, 25),
	(3, 11),
	(3, 25);

-- Dumping structure for table matress.category_translations
DROP TABLE IF EXISTS `category_translations`;
CREATE TABLE IF NOT EXISTS `category_translations` (
  `id` int unsigned NOT NULL AUTO_INCREMENT,
  `category_id` int unsigned NOT NULL,
  `name` text COLLATE utf8mb4_unicode_ci NOT NULL,
  `slug` varchar(191) COLLATE utf8mb4_unicode_ci NOT NULL,
  `url_path` varchar(2048) COLLATE utf8mb4_unicode_ci NOT NULL,
  `description` text COLLATE utf8mb4_unicode_ci,
  `meta_title` text COLLATE utf8mb4_unicode_ci,
  `meta_description` text COLLATE utf8mb4_unicode_ci,
  `meta_keywords` text COLLATE utf8mb4_unicode_ci,
  `locale_id` int unsigned DEFAULT NULL,
  `locale` varchar(191) COLLATE utf8mb4_unicode_ci NOT NULL,
  PRIMARY KEY (`id`),
  UNIQUE KEY `category_translations_category_id_slug_locale_unique` (`category_id`,`slug`,`locale`),
  KEY `category_translations_locale_id_foreign` (`locale_id`),
  CONSTRAINT `category_translations_category_id_foreign` FOREIGN KEY (`category_id`) REFERENCES `categories` (`id`) ON DELETE CASCADE,
  CONSTRAINT `category_translations_locale_id_foreign` FOREIGN KEY (`locale_id`) REFERENCES `locales` (`id`) ON DELETE CASCADE
) ENGINE=InnoDB AUTO_INCREMENT=24 DEFAULT CHARSET=utf8mb4 COLLATE=utf8mb4_unicode_ci ROW_FORMAT=DYNAMIC;

-- Dumping data for table matress.category_translations: ~9 rows (approximately)
REPLACE INTO `category_translations` (`id`, `category_id`, `name`, `slug`, `url_path`, `description`, `meta_title`, `meta_description`, `meta_keywords`, `locale_id`, `locale`) VALUES
	(1, 1, 'Root', 'root', '', 'Root', '', '', '', NULL, 'en'),
	(2, 1, 'Raíz', 'root', '', 'Raíz', '', '', '', NULL, 'es'),
	(3, 1, 'Racine', 'root', '', 'Racine', '', '', '', NULL, 'fr'),
	(4, 1, 'Hoofdcategorie', 'root', '', 'Hoofdcategorie', '', '', '', NULL, 'nl'),
	(5, 1, 'Kök', 'root', '', 'Kök', '', '', '', NULL, 'tr'),
	(6, 2, 'Bed', 'bed', 'bed', '<p>Beds Category Buy now</p>', 'bed matressforless', 'baed matressforless', 'bed matressforless', 1, 'en'),
	(9, 2, 'Bed', 'bed', 'bed', '<p>Beds Category Buy now</p>', 'bed matressforless', 'baed matressforless', 'bed matressforless', 2, 'fr'),
	(15, 3, 'Pillow', 'pillow', 'pillow', '<ul>\r\n<li>Buy <em><strong>Pillows </strong></em>now&nbsp;</li>\r\n</ul>', 'Pillow', 'Pillow', 'Pillow', 1, 'en'),
	(18, 3, 'Pillow', 'pillow', 'pillow', '<ul>\r\n<li>Buy <em><strong>Pillows </strong></em>now&nbsp;</li>\r\n</ul>', 'Pillow', 'Pillow', 'Pillow', 2, 'fr');

-- Dumping structure for table matress.channels
DROP TABLE IF EXISTS `channels`;
CREATE TABLE IF NOT EXISTS `channels` (
  `id` int unsigned NOT NULL AUTO_INCREMENT,
  `code` varchar(191) COLLATE utf8mb4_unicode_ci NOT NULL,
  `timezone` varchar(191) COLLATE utf8mb4_unicode_ci DEFAULT NULL,
  `theme` varchar(191) COLLATE utf8mb4_unicode_ci DEFAULT NULL,
  `hostname` varchar(191) COLLATE utf8mb4_unicode_ci DEFAULT NULL,
  `logo` varchar(191) COLLATE utf8mb4_unicode_ci DEFAULT NULL,
  `favicon` varchar(191) COLLATE utf8mb4_unicode_ci DEFAULT NULL,
  `home_seo` json DEFAULT NULL,
  `is_maintenance_on` tinyint(1) NOT NULL DEFAULT '0',
  `allowed_ips` text COLLATE utf8mb4_unicode_ci,
  `root_category_id` int unsigned DEFAULT NULL,
  `default_locale_id` int unsigned NOT NULL,
  `base_currency_id` int unsigned NOT NULL,
  `created_at` timestamp NULL DEFAULT NULL,
  `updated_at` timestamp NULL DEFAULT NULL,
  PRIMARY KEY (`id`),
  KEY `channels_root_category_id_foreign` (`root_category_id`),
  KEY `channels_default_locale_id_foreign` (`default_locale_id`),
  KEY `channels_base_currency_id_foreign` (`base_currency_id`),
  CONSTRAINT `channels_base_currency_id_foreign` FOREIGN KEY (`base_currency_id`) REFERENCES `currencies` (`id`),
  CONSTRAINT `channels_default_locale_id_foreign` FOREIGN KEY (`default_locale_id`) REFERENCES `locales` (`id`),
  CONSTRAINT `channels_root_category_id_foreign` FOREIGN KEY (`root_category_id`) REFERENCES `categories` (`id`) ON DELETE SET NULL
) ENGINE=InnoDB AUTO_INCREMENT=3 DEFAULT CHARSET=utf8mb4 COLLATE=utf8mb4_unicode_ci ROW_FORMAT=DYNAMIC;

-- Dumping data for table matress.channels: ~2 rows (approximately)
REPLACE INTO `channels` (`id`, `code`, `timezone`, `theme`, `hostname`, `logo`, `favicon`, `home_seo`, `is_maintenance_on`, `allowed_ips`, `root_category_id`, `default_locale_id`, `base_currency_id`, `created_at`, `updated_at`) VALUES
	(1, 'default', NULL, 'default', 'http://localhost', 'channel/1/yziQAKLBngp5Y8DPMAwbVFYbYYWTJgFI0k3RPbKa.png', 'channel/1/Faumdty9yUncZ5EOnpBWeX2rIySVa8pmJ5fP746M.png', NULL, 1, '', 1, 1, 1, NULL, '2024-01-01 02:03:48'),
	(2, 'testing', NULL, 'default', 'https://3jtre1a7wb.sharedwithexpose.com', 'channel/2/WzcG20lXM4I4I0BJr43Ky5wxXUeSYpXKEUVuei25.png', 'channel/2/roBBR9x7aHLI6ZjUi52wRwnRciZ2KgXXlmmGeEna.png', NULL, 1, '', 1, 1, 1, '2024-01-01 01:22:39', '2024-01-01 02:28:58');

-- Dumping structure for table matress.channel_currencies
DROP TABLE IF EXISTS `channel_currencies`;
CREATE TABLE IF NOT EXISTS `channel_currencies` (
  `channel_id` int unsigned NOT NULL,
  `currency_id` int unsigned NOT NULL,
  PRIMARY KEY (`channel_id`,`currency_id`),
  KEY `channel_currencies_currency_id_foreign` (`currency_id`),
  CONSTRAINT `channel_currencies_channel_id_foreign` FOREIGN KEY (`channel_id`) REFERENCES `channels` (`id`) ON DELETE CASCADE,
  CONSTRAINT `channel_currencies_currency_id_foreign` FOREIGN KEY (`currency_id`) REFERENCES `currencies` (`id`) ON DELETE CASCADE
) ENGINE=InnoDB DEFAULT CHARSET=utf8mb4 COLLATE=utf8mb4_unicode_ci ROW_FORMAT=DYNAMIC;

-- Dumping data for table matress.channel_currencies: ~4 rows (approximately)
REPLACE INTO `channel_currencies` (`channel_id`, `currency_id`) VALUES
	(1, 1),
	(2, 1),
	(1, 2),
	(2, 2);

-- Dumping structure for table matress.channel_inventory_sources
DROP TABLE IF EXISTS `channel_inventory_sources`;
CREATE TABLE IF NOT EXISTS `channel_inventory_sources` (
  `channel_id` int unsigned NOT NULL,
  `inventory_source_id` int unsigned NOT NULL,
  UNIQUE KEY `channel_inventory_sources_channel_id_inventory_source_id_unique` (`channel_id`,`inventory_source_id`),
  KEY `channel_inventory_sources_inventory_source_id_foreign` (`inventory_source_id`),
  CONSTRAINT `channel_inventory_sources_channel_id_foreign` FOREIGN KEY (`channel_id`) REFERENCES `channels` (`id`) ON DELETE CASCADE,
  CONSTRAINT `channel_inventory_sources_inventory_source_id_foreign` FOREIGN KEY (`inventory_source_id`) REFERENCES `inventory_sources` (`id`) ON DELETE CASCADE
) ENGINE=InnoDB DEFAULT CHARSET=utf8mb4 COLLATE=utf8mb4_unicode_ci ROW_FORMAT=DYNAMIC;

-- Dumping data for table matress.channel_inventory_sources: ~4 rows (approximately)
REPLACE INTO `channel_inventory_sources` (`channel_id`, `inventory_source_id`) VALUES
	(1, 1),
	(2, 1),
	(1, 2),
	(2, 2);

-- Dumping structure for table matress.channel_locales
DROP TABLE IF EXISTS `channel_locales`;
CREATE TABLE IF NOT EXISTS `channel_locales` (
  `channel_id` int unsigned NOT NULL,
  `locale_id` int unsigned NOT NULL,
  PRIMARY KEY (`channel_id`,`locale_id`),
  KEY `channel_locales_locale_id_foreign` (`locale_id`),
  CONSTRAINT `channel_locales_channel_id_foreign` FOREIGN KEY (`channel_id`) REFERENCES `channels` (`id`) ON DELETE CASCADE,
  CONSTRAINT `channel_locales_locale_id_foreign` FOREIGN KEY (`locale_id`) REFERENCES `locales` (`id`) ON DELETE CASCADE
) ENGINE=InnoDB DEFAULT CHARSET=utf8mb4 COLLATE=utf8mb4_unicode_ci ROW_FORMAT=DYNAMIC;

-- Dumping data for table matress.channel_locales: ~4 rows (approximately)
REPLACE INTO `channel_locales` (`channel_id`, `locale_id`) VALUES
	(1, 1),
	(2, 1),
	(1, 10),
	(2, 10);

-- Dumping structure for table matress.channel_translations
DROP TABLE IF EXISTS `channel_translations`;
CREATE TABLE IF NOT EXISTS `channel_translations` (
  `id` bigint unsigned NOT NULL AUTO_INCREMENT,
  `channel_id` int unsigned NOT NULL,
  `locale` varchar(191) COLLATE utf8mb4_unicode_ci NOT NULL,
  `name` varchar(191) COLLATE utf8mb4_unicode_ci NOT NULL,
  `description` text COLLATE utf8mb4_unicode_ci,
  `maintenance_mode_text` text COLLATE utf8mb4_unicode_ci,
  `home_seo` json DEFAULT NULL,
  `created_at` timestamp NULL DEFAULT NULL,
  `updated_at` timestamp NULL DEFAULT NULL,
  PRIMARY KEY (`id`),
  UNIQUE KEY `channel_translations_channel_id_locale_unique` (`channel_id`,`locale`),
  KEY `channel_translations_locale_index` (`locale`),
  CONSTRAINT `channel_translations_channel_id_foreign` FOREIGN KEY (`channel_id`) REFERENCES `channels` (`id`) ON DELETE CASCADE
) ENGINE=InnoDB AUTO_INCREMENT=9 DEFAULT CHARSET=utf8mb4 COLLATE=utf8mb4_unicode_ci ROW_FORMAT=DYNAMIC;

-- Dumping data for table matress.channel_translations: ~8 rows (approximately)
REPLACE INTO `channel_translations` (`id`, `channel_id`, `locale`, `name`, `description`, `maintenance_mode_text`, `home_seo`, `created_at`, `updated_at`) VALUES
	(1, 1, 'en', 'Default', NULL, NULL, '{"meta_title": "mattress for lesss", "meta_keywords": "mattress for less , sleep bed , mattress , buy beds , better sleep", "meta_description": "mattress for less , sleep bed , mattress , buy beds , better sleep"}', NULL, '2024-01-01 02:03:48'),
	(2, 1, 'fr', 'Default', NULL, NULL, '{"meta_title": "Demo store", "meta_keywords": "Demo store meta keyword", "meta_description": "Demo store meta description"}', NULL, NULL),
	(3, 1, 'nl', 'Default', NULL, NULL, '{"meta_title": "Demo store", "meta_keywords": "Demo store meta keyword", "meta_description": "Demo store meta description"}', NULL, NULL),
	(4, 1, 'tr', 'Default', NULL, NULL, '{"meta_title": "Demo store", "meta_keywords": "Demo store meta keyword", "meta_description": "Demo store meta description"}', NULL, NULL),
	(5, 1, 'es', 'Default', NULL, NULL, '{"meta_title": "Demo store", "meta_keywords": "Demo store meta keyword", "meta_description": "Demo store meta description"}', NULL, NULL),
	(6, 2, 'en', 'testing website', 'testing website', '', '{"meta_title": "testing website", "meta_keywords": "testing website", "meta_description": "testing website"}', '2024-01-01 01:22:39', '2024-01-01 02:28:58'),
	(7, 2, 'ar', 'testing website', 'testing website', '', '{"meta_title": "testing website", "meta_keywords": "testing website", "meta_description": "testing website"}', '2024-01-01 01:22:39', '2024-01-01 01:22:39'),
	(8, 2, 'fr', 'testing website', 'testing website', '', '{"meta_title": "testing website", "meta_keywords": "testing website", "meta_description": "testing website"}', '2024-01-01 01:22:39', '2024-01-01 01:22:39');

-- Dumping structure for table matress.cms_pages
DROP TABLE IF EXISTS `cms_pages`;
CREATE TABLE IF NOT EXISTS `cms_pages` (
  `id` int unsigned NOT NULL AUTO_INCREMENT,
  `layout` varchar(191) COLLATE utf8mb4_unicode_ci DEFAULT NULL,
  `created_at` timestamp NULL DEFAULT NULL,
  `updated_at` timestamp NULL DEFAULT NULL,
  PRIMARY KEY (`id`)
) ENGINE=InnoDB AUTO_INCREMENT=12 DEFAULT CHARSET=utf8mb4 COLLATE=utf8mb4_unicode_ci ROW_FORMAT=DYNAMIC;

-- Dumping data for table matress.cms_pages: ~11 rows (approximately)
REPLACE INTO `cms_pages` (`id`, `layout`, `created_at`, `updated_at`) VALUES
	(1, NULL, '2023-12-29 19:08:26', '2023-12-29 19:08:26'),
	(2, NULL, '2023-12-29 19:08:26', '2023-12-29 19:08:26'),
	(3, NULL, '2023-12-29 19:08:26', '2023-12-29 19:08:26'),
	(4, NULL, '2023-12-29 19:08:26', '2023-12-29 19:08:26'),
	(5, NULL, '2023-12-29 19:08:26', '2023-12-29 19:08:26'),
	(6, NULL, '2023-12-29 19:08:26', '2023-12-29 19:08:26'),
	(7, NULL, '2023-12-29 19:08:26', '2023-12-29 19:08:26'),
	(8, NULL, '2023-12-29 19:08:26', '2023-12-29 19:08:26'),
	(9, NULL, '2023-12-29 19:08:26', '2023-12-29 19:08:26'),
	(10, NULL, '2023-12-29 19:08:26', '2023-12-29 19:08:26'),
	(11, NULL, '2023-12-29 19:08:26', '2023-12-29 19:08:26');

-- Dumping structure for table matress.cms_page_channels
DROP TABLE IF EXISTS `cms_page_channels`;
CREATE TABLE IF NOT EXISTS `cms_page_channels` (
  `cms_page_id` int unsigned NOT NULL,
  `channel_id` int unsigned NOT NULL,
  UNIQUE KEY `cms_page_channels_cms_page_id_channel_id_unique` (`cms_page_id`,`channel_id`),
  KEY `cms_page_channels_channel_id_foreign` (`channel_id`),
  CONSTRAINT `cms_page_channels_channel_id_foreign` FOREIGN KEY (`channel_id`) REFERENCES `channels` (`id`) ON DELETE CASCADE,
  CONSTRAINT `cms_page_channels_cms_page_id_foreign` FOREIGN KEY (`cms_page_id`) REFERENCES `cms_pages` (`id`) ON DELETE CASCADE
) ENGINE=InnoDB DEFAULT CHARSET=utf8mb4 COLLATE=utf8mb4_unicode_ci ROW_FORMAT=DYNAMIC;

-- Dumping data for table matress.cms_page_channels: ~1 rows (approximately)
REPLACE INTO `cms_page_channels` (`cms_page_id`, `channel_id`) VALUES
	(11, 1);

-- Dumping structure for table matress.cms_page_translations
DROP TABLE IF EXISTS `cms_page_translations`;
CREATE TABLE IF NOT EXISTS `cms_page_translations` (
  `id` int unsigned NOT NULL AUTO_INCREMENT,
  `page_title` varchar(191) COLLATE utf8mb4_unicode_ci NOT NULL,
  `url_key` varchar(191) COLLATE utf8mb4_unicode_ci NOT NULL,
  `html_content` longtext COLLATE utf8mb4_unicode_ci,
  `meta_title` text COLLATE utf8mb4_unicode_ci,
  `meta_description` text COLLATE utf8mb4_unicode_ci,
  `meta_keywords` text COLLATE utf8mb4_unicode_ci,
  `locale` varchar(191) COLLATE utf8mb4_unicode_ci NOT NULL,
  `cms_page_id` int unsigned NOT NULL,
  PRIMARY KEY (`id`),
  UNIQUE KEY `cms_page_translations_cms_page_id_url_key_locale_unique` (`cms_page_id`,`url_key`,`locale`),
  CONSTRAINT `cms_page_translations_cms_page_id_foreign` FOREIGN KEY (`cms_page_id`) REFERENCES `cms_pages` (`id`) ON DELETE CASCADE
) ENGINE=InnoDB AUTO_INCREMENT=12 DEFAULT CHARSET=utf8mb4 COLLATE=utf8mb4_unicode_ci ROW_FORMAT=DYNAMIC;

-- Dumping data for table matress.cms_page_translations: ~11 rows (approximately)
REPLACE INTO `cms_page_translations` (`id`, `page_title`, `url_key`, `html_content`, `meta_title`, `meta_description`, `meta_keywords`, `locale`, `cms_page_id`) VALUES
	(1, 'About Us', 'about-us', '<div class="static-container"><div class="mb-5">About us page content</div></div>', 'about us', '', 'aboutus', 'en', 1),
	(2, 'Return Policy', 'return-policy', '<div class="static-container"><div class="mb-5">Return policy page content</div></div>', 'return policy', '', 'return, policy', 'en', 2),
	(3, 'Refund Policy', 'refund-policy', '<div class="static-container"><div class="mb-5">Refund policy page content</div></div>', 'Refund policy', '', 'refund, policy', 'en', 3),
	(4, 'Terms & Conditions', 'terms-conditions', '<div class="static-container"><div class="mb-5">Terms & conditions page content</div></div>', 'Terms & Conditions', '', 'term, conditions', 'en', 4),
	(5, 'Terms of use', 'terms-of-use', '<div class="static-container"><div class="mb-5">Terms of use page content</div></div>', 'Terms of use', '', 'term, use', 'en', 5),
	(6, 'Contact Us', 'contact-us', '<div class="static-container"><div class="mb-5">Contact us page content</div></div>', 'Contact Us', '', 'contact, us', 'en', 6),
	(7, 'Customer Service', 'cutomer-service', '<div class="static-container"><div class="mb-5">Customer service  page content</div></div>', 'Customer Service', '', 'customer, service', 'en', 7),
	(8, 'What\'s New', 'whats-new', '<div class="static-container"><div class="mb-5">What\'s New page content</div></div>', 'What\'s New', '', 'new', 'en', 8),
	(9, 'Payment Policy', 'payment-policy', '<div class="static-container"><div class="mb-5">Payment Policy page content</div></div>', 'Payment Policy', '', 'payment, policy', 'en', 9),
	(10, 'Shipping Policy', 'shipping-policy', '<div class="static-container"><div class="mb-5">Shipping Policy  page content</div></div>', 'Shipping Policy', '', 'shipping, policy', 'en', 10),
	(11, 'Privacy Policy', 'privacy-policy', '<div class="static-container">\r\n<div class="mb-5">Mattress for less privacy policy</div>\r\n</div>', 'Privacy Policy', '', 'privacy, policy', 'en', 11);

-- Dumping structure for table matress.compare_items
DROP TABLE IF EXISTS `compare_items`;
CREATE TABLE IF NOT EXISTS `compare_items` (
  `id` int unsigned NOT NULL AUTO_INCREMENT,
  `product_id` int unsigned NOT NULL,
  `customer_id` int unsigned NOT NULL,
  `created_at` timestamp NULL DEFAULT NULL,
  `updated_at` timestamp NULL DEFAULT NULL,
  PRIMARY KEY (`id`),
  KEY `compare_items_product_id_foreign` (`product_id`),
  KEY `compare_items_customer_id_foreign` (`customer_id`),
  CONSTRAINT `compare_items_customer_id_foreign` FOREIGN KEY (`customer_id`) REFERENCES `customers` (`id`) ON DELETE CASCADE ON UPDATE CASCADE,
  CONSTRAINT `compare_items_product_id_foreign` FOREIGN KEY (`product_id`) REFERENCES `products` (`id`) ON DELETE CASCADE ON UPDATE CASCADE
) ENGINE=InnoDB DEFAULT CHARSET=utf8mb4 COLLATE=utf8mb4_unicode_ci ROW_FORMAT=DYNAMIC;

-- Dumping data for table matress.compare_items: ~0 rows (approximately)

-- Dumping structure for table matress.core_config
DROP TABLE IF EXISTS `core_config`;
CREATE TABLE IF NOT EXISTS `core_config` (
  `id` int unsigned NOT NULL AUTO_INCREMENT,
  `code` varchar(191) COLLATE utf8mb4_unicode_ci NOT NULL,
  `value` text COLLATE utf8mb4_unicode_ci NOT NULL,
  `channel_code` varchar(191) COLLATE utf8mb4_unicode_ci DEFAULT NULL,
  `locale_code` varchar(191) COLLATE utf8mb4_unicode_ci DEFAULT NULL,
  `created_at` timestamp NULL DEFAULT NULL,
  `updated_at` timestamp NULL DEFAULT NULL,
  PRIMARY KEY (`id`)
) ENGINE=InnoDB AUTO_INCREMENT=111 DEFAULT CHARSET=utf8mb4 COLLATE=utf8mb4_unicode_ci ROW_FORMAT=DYNAMIC;

-- Dumping data for table matress.core_config: ~110 rows (approximately)
REPLACE INTO `core_config` (`id`, `code`, `value`, `channel_code`, `locale_code`, `created_at`, `updated_at`) VALUES
	(1, 'catalog.products.guest_checkout.allow_guest_checkout', 'value', NULL, NULL, '2023-12-29 19:08:26', '2023-12-29 19:31:53'),
	(2, 'emails.general.notifications.emails.general.notifications.verification', 'value', NULL, NULL, '2023-12-29 19:08:26', '2023-12-30 21:19:13'),
	(3, 'emails.general.notifications.emails.general.notifications.registration', 'value', NULL, NULL, '2023-12-29 19:08:26', '2023-12-30 21:19:13'),
	(4, 'emails.general.notifications.emails.general.notifications.customer', 'value', NULL, NULL, '2023-12-29 19:08:26', '2023-12-30 21:19:13'),
	(5, 'emails.general.notifications.emails.general.notifications.new_order', 'value', NULL, NULL, '2023-12-29 19:08:26', '2023-12-30 21:19:13'),
	(6, 'emails.general.notifications.emails.general.notifications.new_admin', 'value', NULL, NULL, '2023-12-29 19:08:26', '2023-12-30 21:19:14'),
	(7, 'emails.general.notifications.emails.general.notifications.new_invoice', 'value', NULL, NULL, '2023-12-29 19:08:26', '2023-12-30 21:19:14'),
	(8, 'emails.general.notifications.emails.general.notifications.new_refund', 'value', NULL, NULL, '2023-12-29 19:08:26', '2023-12-30 21:19:14'),
	(9, 'emails.general.notifications.emails.general.notifications.new_shipment', 'value', NULL, NULL, '2023-12-29 19:08:26', '2023-12-30 21:19:14'),
	(10, 'emails.general.notifications.emails.general.notifications.new_inventory_source', 'value', NULL, NULL, '2023-12-29 19:08:26', '2023-12-30 21:19:14'),
	(11, 'emails.general.notifications.emails.general.notifications.cancel_order', 'value', NULL, NULL, '2023-12-29 19:08:26', '2023-12-30 21:19:14'),
	(12, 'customer.settings.social_login.enable_facebook', '1', 'default', NULL, '2023-12-29 19:08:26', '2023-12-29 19:08:26'),
	(13, 'customer.settings.social_login.enable_twitter', '1', 'default', NULL, '2023-12-29 19:08:26', '2023-12-29 19:08:26'),
	(14, 'customer.settings.social_login.enable_google', '1', 'default', NULL, '2023-12-29 19:08:26', '2023-12-29 19:08:26'),
	(15, 'customer.settings.social_login.enable_linkedin', '1', 'default', NULL, '2023-12-29 19:08:26', '2023-12-29 19:08:26'),
	(16, 'customer.settings.social_login.enable_github', '1', 'default', NULL, '2023-12-29 19:08:26', '2023-12-29 19:08:26'),
	(17, 'general.content.shop.compare_option', '', 'default', 'en', '2023-12-29 19:30:17', '2023-12-29 19:30:17'),
	(18, 'general.content.shop.wishlist_option', 'value', 'default', 'en', '2023-12-29 19:30:17', '2023-12-29 19:30:17'),
	(19, 'general.content.shop.image_search', '', 'default', 'en', '2023-12-29 19:30:17', '2023-12-29 19:30:17'),
	(20, 'general.content.custom_scripts.custom_css', '', 'default', NULL, '2023-12-29 19:30:17', '2023-12-29 19:30:17'),
	(21, 'general.content.custom_scripts.custom_javascript', '', 'default', NULL, '2023-12-29 19:30:17', '2023-12-29 19:30:17'),
	(22, 'general.general.locale_options.weight_unit', 'kgs', 'default', NULL, '2023-12-29 19:30:53', '2023-12-29 19:30:53'),
	(23, 'catalog.products.product_view_page.no_of_related_products', '', NULL, NULL, '2023-12-29 19:31:53', '2023-12-29 19:31:53'),
	(24, 'catalog.products.product_view_page.no_of_up_sells_products', '', NULL, NULL, '2023-12-29 19:31:53', '2023-12-29 19:31:53'),
	(25, 'catalog.products.cart_view_page.no_of_cross_sells_products', '', NULL, NULL, '2023-12-29 19:31:53', '2023-12-29 19:31:53'),
	(26, 'catalog.products.storefront.search_mode', 'database', NULL, NULL, '2023-12-29 19:31:53', '2023-12-29 19:54:01'),
	(27, 'catalog.products.storefront.products_per_page', '', 'default', NULL, '2023-12-29 19:31:53', '2023-12-29 19:31:53'),
	(28, 'catalog.products.storefront.sort_by', 'created_at-desc', 'default', NULL, '2023-12-29 19:31:53', '2023-12-29 19:31:53'),
	(29, 'catalog.products.storefront.buy_now_button_display', 'value', NULL, NULL, '2023-12-29 19:31:53', '2023-12-29 19:54:01'),
	(30, 'catalog.products.cache_small_image.width', '', NULL, NULL, '2023-12-29 19:31:53', '2023-12-30 21:15:57'),
	(31, 'catalog.products.cache_small_image.height', '', NULL, NULL, '2023-12-29 19:31:53', '2023-12-30 21:15:57'),
	(32, 'catalog.products.cache_medium_image.width', '', NULL, NULL, '2023-12-29 19:31:53', '2023-12-30 21:15:57'),
	(33, 'catalog.products.cache_medium_image.height', '', NULL, NULL, '2023-12-29 19:31:53', '2023-12-30 21:15:58'),
	(34, 'catalog.products.cache_large_image.width', '', NULL, NULL, '2023-12-29 19:31:53', '2023-12-30 21:15:58'),
	(35, 'catalog.products.cache_large_image.height', '', NULL, NULL, '2023-12-29 19:31:54', '2023-12-30 21:15:58'),
	(36, 'catalog.products.review.guest_review', 'value', NULL, NULL, '2023-12-29 19:31:54', '2023-12-30 16:01:23'),
	(37, 'catalog.products.attribute.image_attribute_upload_size', '20000', NULL, NULL, '2023-12-29 19:31:54', '2023-12-30 01:13:56'),
	(38, 'catalog.products.attribute.file_attribute_upload_size', '40000', NULL, NULL, '2023-12-29 19:31:54', '2023-12-30 01:13:57'),
	(39, 'catalog.products.social_share.enabled', 'value', NULL, NULL, '2023-12-29 19:31:54', '2023-12-29 19:54:02'),
	(40, 'catalog.products.social_share.facebook', '0', NULL, NULL, '2023-12-29 19:31:54', '2023-12-29 19:31:54'),
	(41, 'catalog.products.social_share.twitter', '0', NULL, NULL, '2023-12-29 19:31:54', '2023-12-29 19:31:54'),
	(42, 'catalog.products.social_share.pinterest', '0', NULL, NULL, '2023-12-29 19:31:54', '2023-12-29 19:31:54'),
	(43, 'catalog.products.social_share.whatsapp', '0', NULL, NULL, '2023-12-29 19:31:54', '2023-12-29 19:31:54'),
	(44, 'catalog.products.social_share.linkedin', '0', NULL, NULL, '2023-12-29 19:31:54', '2023-12-29 19:31:54'),
	(45, 'catalog.products.social_share.email', '0', NULL, NULL, '2023-12-29 19:31:54', '2023-12-29 19:31:54'),
	(46, 'catalog.products.social_share.share_message', '', NULL, NULL, '2023-12-29 19:31:54', '2023-12-29 19:31:54'),
	(47, 'catalog.rich_snippets.products.enable', 'value', NULL, NULL, '2023-12-29 19:52:05', '2023-12-30 01:14:46'),
	(48, 'catalog.rich_snippets.products.show_sku', 'value', NULL, NULL, '2023-12-29 19:52:05', '2023-12-30 16:30:46'),
	(49, 'catalog.rich_snippets.products.show_weight', 'value', NULL, NULL, '2023-12-29 19:52:05', '2023-12-30 16:30:46'),
	(50, 'catalog.rich_snippets.products.show_categories', 'value', NULL, NULL, '2023-12-29 19:52:05', '2023-12-30 16:30:46'),
	(51, 'catalog.rich_snippets.products.show_images', 'value', NULL, NULL, '2023-12-29 19:52:05', '2023-12-30 16:30:46'),
	(52, 'catalog.rich_snippets.products.show_reviews', 'value', NULL, NULL, '2023-12-29 19:52:05', '2023-12-30 16:30:46'),
	(53, 'catalog.rich_snippets.products.show_ratings', 'value', NULL, NULL, '2023-12-29 19:52:05', '2023-12-30 16:30:46'),
	(54, 'catalog.rich_snippets.products.show_offers', 'value', NULL, NULL, '2023-12-29 19:52:05', '2023-12-30 16:30:47'),
	(55, 'catalog.rich_snippets.categories.enable', 'value', NULL, NULL, '2023-12-29 19:52:05', '2023-12-30 01:14:46'),
	(56, 'catalog.rich_snippets.categories.show_search_input_field', 'value', NULL, NULL, '2023-12-29 19:52:05', '2023-12-30 16:30:47'),
	(57, 'catalog.products.storefront.mode', 'grid', 'default', NULL, '2023-12-30 01:13:56', '2023-12-30 01:13:56'),
	(58, 'catalog.inventory.stock_options.back_orders', 'on', 'default', NULL, '2023-12-30 01:14:21', '2023-12-30 01:14:21'),
	(59, 'general.design.admin_logo.logo_image', 'configuration/8UxnX5S5JurgeTSwGsVfdbVEfM6kTod9A71SUz1b.png', 'default', NULL, '2023-12-30 01:15:49', '2023-12-30 01:15:49'),
	(60, 'general.design.admin_logo.favicon', 'configuration/iivm8XMoOClSm9sm1OnQg5CbOtl8tv5wNDUOur6U.png', 'default', NULL, '2023-12-30 01:15:49', '2023-12-30 01:15:49'),
	(61, 'sales.carriers.free.title', 'Free Shipping', 'default', 'en', '2023-12-30 21:16:56', '2023-12-30 21:16:56'),
	(62, 'sales.carriers.free.description', 'Free Shipping', 'default', 'en', '2023-12-30 21:16:56', '2023-12-30 21:16:56'),
	(63, 'sales.carriers.free.active', 'value', 'default', NULL, '2023-12-30 21:16:56', '2023-12-30 21:16:56'),
	(64, 'sales.carriers.flatrate.title', 'Flat Rate', 'default', 'en', '2023-12-30 21:16:57', '2023-12-30 21:16:57'),
	(65, 'sales.carriers.flatrate.description', 'Flat Rate Shipping', 'default', 'en', '2023-12-30 21:16:57', '2023-12-30 21:16:57'),
	(66, 'sales.carriers.flatrate.default_rate', '10', 'default', NULL, '2023-12-30 21:16:57', '2023-12-30 21:16:57'),
	(67, 'sales.carriers.flatrate.type', 'per_unit', 'default', NULL, '2023-12-30 21:16:57', '2023-12-30 21:16:57'),
	(68, 'sales.carriers.flatrate.active', '', 'default', NULL, '2023-12-30 21:16:57', '2023-12-30 21:16:57'),
	(69, 'sales.payment_methods.paypal_smart_button.title', 'PayPal Smart Button', 'default', 'en', '2023-12-30 21:18:23', '2023-12-30 21:18:23'),
	(70, 'sales.payment_methods.paypal_smart_button.description', 'PayPal', 'default', 'en', '2023-12-30 21:18:23', '2023-12-30 21:18:23'),
	(71, 'sales.payment_methods.paypal_smart_button.client_id', 'sb', 'default', NULL, '2023-12-30 21:18:23', '2023-12-30 21:18:23'),
	(72, 'sales.payment_methods.paypal_smart_button.client_secret', '', 'default', NULL, '2023-12-30 21:18:23', '2023-12-30 21:18:23'),
	(73, 'sales.payment_methods.paypal_smart_button.accepted_currencies', '', 'default', NULL, '2023-12-30 21:18:23', '2023-12-30 21:18:23'),
	(74, 'sales.payment_methods.paypal_smart_button.active', '', 'default', NULL, '2023-12-30 21:18:23', '2023-12-30 21:18:23'),
	(75, 'sales.payment_methods.paypal_smart_button.sandbox', 'value', 'default', NULL, '2023-12-30 21:18:23', '2023-12-30 21:18:23'),
	(76, 'sales.payment_methods.cashondelivery.title', 'Cash On Delivery', 'default', 'en', '2023-12-30 21:18:24', '2023-12-30 21:18:24'),
	(77, 'sales.payment_methods.cashondelivery.description', 'Cash On Delivery', 'default', 'en', '2023-12-30 21:18:24', '2023-12-30 21:18:24'),
	(78, 'sales.payment_methods.cashondelivery.instructions', '', 'default', 'en', '2023-12-30 21:18:24', '2023-12-30 21:18:24'),
	(79, 'sales.payment_methods.cashondelivery.generate_invoice', 'on', 'default', NULL, '2023-12-30 21:18:24', '2023-12-30 21:18:24'),
	(80, 'sales.payment_methods.cashondelivery.invoice_status', 'pending', 'default', NULL, '2023-12-30 21:18:24', '2023-12-30 21:18:24'),
	(81, 'sales.payment_methods.cashondelivery.order_status', 'pending', 'default', NULL, '2023-12-30 21:18:24', '2023-12-30 21:18:24'),
	(82, 'sales.payment_methods.cashondelivery.active', 'value', 'default', NULL, '2023-12-30 21:18:25', '2023-12-30 21:18:25'),
	(83, 'sales.payment_methods.cashondelivery.sort', '1', NULL, NULL, '2023-12-30 21:18:25', '2023-12-30 21:18:25'),
	(84, 'sales.payment_methods.moneytransfer.title', 'Money Transfer', 'default', 'en', '2023-12-30 21:18:25', '2023-12-30 21:18:25'),
	(85, 'sales.payment_methods.moneytransfer.description', 'Money Transfer', 'default', 'en', '2023-12-30 21:18:25', '2023-12-30 21:18:25'),
	(86, 'sales.payment_methods.moneytransfer.generate_invoice', '0', 'default', NULL, '2023-12-30 21:18:25', '2023-12-30 21:18:25'),
	(87, 'sales.payment_methods.moneytransfer.invoice_status', 'pending', 'default', NULL, '2023-12-30 21:18:25', '2023-12-30 21:18:25'),
	(88, 'sales.payment_methods.moneytransfer.order_status', 'pending', 'default', NULL, '2023-12-30 21:18:25', '2023-12-30 21:18:25'),
	(89, 'sales.payment_methods.moneytransfer.mailing_address', '', 'default', 'en', '2023-12-30 21:18:25', '2023-12-30 21:18:25'),
	(90, 'sales.payment_methods.moneytransfer.active', 'value', 'default', NULL, '2023-12-30 21:18:26', '2023-12-30 21:18:26'),
	(91, 'sales.payment_methods.moneytransfer.sort', '2', NULL, NULL, '2023-12-30 21:18:26', '2023-12-30 21:18:26'),
	(92, 'sales.payment_methods.paypal_standard.title', 'PayPal Standard', 'default', 'en', '2023-12-30 21:18:26', '2023-12-30 21:18:26'),
	(93, 'sales.payment_methods.paypal_standard.description', 'PayPal Standard', 'default', 'en', '2023-12-30 21:18:26', '2023-12-30 21:18:26'),
	(94, 'sales.payment_methods.paypal_standard.business_account', 'test@webkul.com', 'default', NULL, '2023-12-30 21:18:26', '2023-12-30 21:18:26'),
	(95, 'sales.payment_methods.paypal_standard.active', 'value', 'default', NULL, '2023-12-30 21:18:26', '2023-12-30 21:18:26'),
	(96, 'sales.payment_methods.paypal_standard.sandbox', 'value', 'default', NULL, '2023-12-30 21:18:26', '2023-12-30 21:18:26'),
	(97, 'sales.payment_methods.paypal_standard.sort', '3', NULL, NULL, '2023-12-30 21:18:26', '2023-12-30 21:18:26'),
	(98, 'emails.configure.email_settings.sender_name', 'hoceineelidrissi@gmail.com', 'default', NULL, '2023-12-30 21:18:57', '2023-12-30 21:18:57'),
	(99, 'emails.configure.email_settings.shop_email_from', 'hoceineelidrissi@gmail.com', 'default', NULL, '2023-12-30 21:18:57', '2023-12-30 21:18:57'),
	(100, 'emails.configure.email_settings.admin_name', 'Hoceine', 'default', NULL, '2023-12-30 21:18:57', '2023-12-30 21:18:57'),
	(101, 'emails.configure.email_settings.admin_email', 'hoceineelidrissi@gmail.com', 'default', NULL, '2023-12-30 21:18:57', '2023-12-30 21:18:57'),
	(102, 'emails.general.notifications.emails.general.notifications.customer_registration_confirmation_mail_to_admin', '0', NULL, NULL, '2023-12-30 21:19:13', '2023-12-30 21:19:13'),
	(103, 'sales.invoice_settings.invoice_number.invoice_number_prefix', '555', 'default', 'en', '2024-01-01 00:57:51', '2024-01-01 00:57:51'),
	(104, 'sales.invoice_settings.invoice_number.invoice_number_length', '120', 'default', 'en', '2024-01-01 00:57:51', '2024-01-01 00:57:51'),
	(105, 'sales.invoice_settings.invoice_number.invoice_number_suffix', '50', 'default', 'en', '2024-01-01 00:57:51', '2024-01-01 00:57:51'),
	(106, 'sales.invoice_settings.invoice_number.invoice_number_generator_class', '54541', 'default', 'en', '2024-01-01 00:57:52', '2024-01-01 00:57:52'),
	(107, 'sales.invoice_settings.payment_terms.due_duration', '', 'default', NULL, '2024-01-01 00:57:52', '2024-01-01 00:57:52'),
	(108, 'sales.invoice_settings.invoice_reminders.reminders_limit', '10', 'default', NULL, '2024-01-01 00:57:52', '2024-01-01 00:57:52'),
	(109, 'sales.invoice_settings.invoice_reminders.interval_between_reminders', 'P4D', NULL, NULL, '2024-01-01 00:57:52', '2024-01-01 00:57:52'),
	(110, 'sales.invoice_settings.invoice_slip_design.logo', 'configuration/WIi9N1UdRlWiV0vK3U0LdQgN5MJDfzpIQ4GKONMR.png', 'default', NULL, '2024-01-01 00:57:52', '2024-01-01 00:57:52');

-- Dumping structure for table matress.countries
DROP TABLE IF EXISTS `countries`;
CREATE TABLE IF NOT EXISTS `countries` (
  `id` int unsigned NOT NULL AUTO_INCREMENT,
  `code` varchar(191) COLLATE utf8mb4_unicode_ci NOT NULL,
  `name` varchar(191) COLLATE utf8mb4_unicode_ci NOT NULL,
  PRIMARY KEY (`id`)
) ENGINE=InnoDB AUTO_INCREMENT=256 DEFAULT CHARSET=utf8mb4 COLLATE=utf8mb4_unicode_ci ROW_FORMAT=DYNAMIC;

-- Dumping data for table matress.countries: ~255 rows (approximately)
REPLACE INTO `countries` (`id`, `code`, `name`) VALUES
	(1, 'AF', 'Afghanistan'),
	(2, 'AX', 'Åland Islands'),
	(3, 'AL', 'Albania'),
	(4, 'DZ', 'Algeria'),
	(5, 'AS', 'American Samoa'),
	(6, 'AD', 'Andorra'),
	(7, 'AO', 'Angola'),
	(8, 'AI', 'Anguilla'),
	(9, 'AQ', 'Antarctica'),
	(10, 'AG', 'Antigua & Barbuda'),
	(11, 'AR', 'Argentina'),
	(12, 'AM', 'Armenia'),
	(13, 'AW', 'Aruba'),
	(14, 'AC', 'Ascension Island'),
	(15, 'AU', 'Australia'),
	(16, 'AT', 'Austria'),
	(17, 'AZ', 'Azerbaijan'),
	(18, 'BS', 'Bahamas'),
	(19, 'BH', 'Bahrain'),
	(20, 'BD', 'Bangladesh'),
	(21, 'BB', 'Barbados'),
	(22, 'BY', 'Belarus'),
	(23, 'BE', 'Belgium'),
	(24, 'BZ', 'Belize'),
	(25, 'BJ', 'Benin'),
	(26, 'BM', 'Bermuda'),
	(27, 'BT', 'Bhutan'),
	(28, 'BO', 'Bolivia'),
	(29, 'BA', 'Bosnia & Herzegovina'),
	(30, 'BW', 'Botswana'),
	(31, 'BR', 'Brazil'),
	(32, 'IO', 'British Indian Ocean Territory'),
	(33, 'VG', 'British Virgin Islands'),
	(34, 'BN', 'Brunei'),
	(35, 'BG', 'Bulgaria'),
	(36, 'BF', 'Burkina Faso'),
	(37, 'BI', 'Burundi'),
	(38, 'KH', 'Cambodia'),
	(39, 'CM', 'Cameroon'),
	(40, 'CA', 'Canada'),
	(41, 'IC', 'Canary Islands'),
	(42, 'CV', 'Cape Verde'),
	(43, 'BQ', 'Caribbean Netherlands'),
	(44, 'KY', 'Cayman Islands'),
	(45, 'CF', 'Central African Republic'),
	(46, 'EA', 'Ceuta & Melilla'),
	(47, 'TD', 'Chad'),
	(48, 'CL', 'Chile'),
	(49, 'CN', 'China'),
	(50, 'CX', 'Christmas Island'),
	(51, 'CC', 'Cocos (Keeling) Islands'),
	(52, 'CO', 'Colombia'),
	(53, 'KM', 'Comoros'),
	(54, 'CG', 'Congo - Brazzaville'),
	(55, 'CD', 'Congo - Kinshasa'),
	(56, 'CK', 'Cook Islands'),
	(57, 'CR', 'Costa Rica'),
	(58, 'CI', 'Côte d’Ivoire'),
	(59, 'HR', 'Croatia'),
	(60, 'CU', 'Cuba'),
	(61, 'CW', 'Curaçao'),
	(62, 'CY', 'Cyprus'),
	(63, 'CZ', 'Czechia'),
	(64, 'DK', 'Denmark'),
	(65, 'DG', 'Diego Garcia'),
	(66, 'DJ', 'Djibouti'),
	(67, 'DM', 'Dominica'),
	(68, 'DO', 'Dominican Republic'),
	(69, 'EC', 'Ecuador'),
	(70, 'EG', 'Egypt'),
	(71, 'SV', 'El Salvador'),
	(72, 'GQ', 'Equatorial Guinea'),
	(73, 'ER', 'Eritrea'),
	(74, 'EE', 'Estonia'),
	(75, 'ET', 'Ethiopia'),
	(76, 'EZ', 'Eurozone'),
	(77, 'FK', 'Falkland Islands'),
	(78, 'FO', 'Faroe Islands'),
	(79, 'FJ', 'Fiji'),
	(80, 'FI', 'Finland'),
	(81, 'FR', 'France'),
	(82, 'GF', 'French Guiana'),
	(83, 'PF', 'French Polynesia'),
	(84, 'TF', 'French Southern Territories'),
	(85, 'GA', 'Gabon'),
	(86, 'GM', 'Gambia'),
	(87, 'GE', 'Georgia'),
	(88, 'DE', 'Germany'),
	(89, 'GH', 'Ghana'),
	(90, 'GI', 'Gibraltar'),
	(91, 'GR', 'Greece'),
	(92, 'GL', 'Greenland'),
	(93, 'GD', 'Grenada'),
	(94, 'GP', 'Guadeloupe'),
	(95, 'GU', 'Guam'),
	(96, 'GT', 'Guatemala'),
	(97, 'GG', 'Guernsey'),
	(98, 'GN', 'Guinea'),
	(99, 'GW', 'Guinea-Bissau'),
	(100, 'GY', 'Guyana'),
	(101, 'HT', 'Haiti'),
	(102, 'HN', 'Honduras'),
	(103, 'HK', 'Hong Kong SAR China'),
	(104, 'HU', 'Hungary'),
	(105, 'IS', 'Iceland'),
	(106, 'IN', 'India'),
	(107, 'ID', 'Indonesia'),
	(108, 'IR', 'Iran'),
	(109, 'IQ', 'Iraq'),
	(110, 'IE', 'Ireland'),
	(111, 'IM', 'Isle of Man'),
	(112, 'IL', 'Israel'),
	(113, 'IT', 'Italy'),
	(114, 'JM', 'Jamaica'),
	(115, 'JP', 'Japan'),
	(116, 'JE', 'Jersey'),
	(117, 'JO', 'Jordan'),
	(118, 'KZ', 'Kazakhstan'),
	(119, 'KE', 'Kenya'),
	(120, 'KI', 'Kiribati'),
	(121, 'XK', 'Kosovo'),
	(122, 'KW', 'Kuwait'),
	(123, 'KG', 'Kyrgyzstan'),
	(124, 'LA', 'Laos'),
	(125, 'LV', 'Latvia'),
	(126, 'LB', 'Lebanon'),
	(127, 'LS', 'Lesotho'),
	(128, 'LR', 'Liberia'),
	(129, 'LY', 'Libya'),
	(130, 'LI', 'Liechtenstein'),
	(131, 'LT', 'Lithuania'),
	(132, 'LU', 'Luxembourg'),
	(133, 'MO', 'Macau SAR China'),
	(134, 'MK', 'Macedonia'),
	(135, 'MG', 'Madagascar'),
	(136, 'MW', 'Malawi'),
	(137, 'MY', 'Malaysia'),
	(138, 'MV', 'Maldives'),
	(139, 'ML', 'Mali'),
	(140, 'MT', 'Malta'),
	(141, 'MH', 'Marshall Islands'),
	(142, 'MQ', 'Martinique'),
	(143, 'MR', 'Mauritania'),
	(144, 'MU', 'Mauritius'),
	(145, 'YT', 'Mayotte'),
	(146, 'MX', 'Mexico'),
	(147, 'FM', 'Micronesia'),
	(148, 'MD', 'Moldova'),
	(149, 'MC', 'Monaco'),
	(150, 'MN', 'Mongolia'),
	(151, 'ME', 'Montenegro'),
	(152, 'MS', 'Montserrat'),
	(153, 'MA', 'Morocco'),
	(154, 'MZ', 'Mozambique'),
	(155, 'MM', 'Myanmar (Burma)'),
	(156, 'NA', 'Namibia'),
	(157, 'NR', 'Nauru'),
	(158, 'NP', 'Nepal'),
	(159, 'NL', 'Netherlands'),
	(160, 'NC', 'New Caledonia'),
	(161, 'NZ', 'New Zealand'),
	(162, 'NI', 'Nicaragua'),
	(163, 'NE', 'Niger'),
	(164, 'NG', 'Nigeria'),
	(165, 'NU', 'Niue'),
	(166, 'NF', 'Norfolk Island'),
	(167, 'KP', 'North Korea'),
	(168, 'MP', 'Northern Mariana Islands'),
	(169, 'NO', 'Norway'),
	(170, 'OM', 'Oman'),
	(171, 'PK', 'Pakistan'),
	(172, 'PW', 'Palau'),
	(173, 'PS', 'Palestinian Territories'),
	(174, 'PA', 'Panama'),
	(175, 'PG', 'Papua New Guinea'),
	(176, 'PY', 'Paraguay'),
	(177, 'PE', 'Peru'),
	(178, 'PH', 'Philippines'),
	(179, 'PN', 'Pitcairn Islands'),
	(180, 'PL', 'Poland'),
	(181, 'PT', 'Portugal'),
	(182, 'PR', 'Puerto Rico'),
	(183, 'QA', 'Qatar'),
	(184, 'RE', 'Réunion'),
	(185, 'RO', 'Romania'),
	(186, 'RU', 'Russia'),
	(187, 'RW', 'Rwanda'),
	(188, 'WS', 'Samoa'),
	(189, 'SM', 'San Marino'),
	(190, 'ST', 'São Tomé & Príncipe'),
	(191, 'SA', 'Saudi Arabia'),
	(192, 'SN', 'Senegal'),
	(193, 'RS', 'Serbia'),
	(194, 'SC', 'Seychelles'),
	(195, 'SL', 'Sierra Leone'),
	(196, 'SG', 'Singapore'),
	(197, 'SX', 'Sint Maarten'),
	(198, 'SK', 'Slovakia'),
	(199, 'SI', 'Slovenia'),
	(200, 'SB', 'Solomon Islands'),
	(201, 'SO', 'Somalia'),
	(202, 'ZA', 'South Africa'),
	(203, 'GS', 'South Georgia & South Sandwich Islands'),
	(204, 'KR', 'South Korea'),
	(205, 'SS', 'South Sudan'),
	(206, 'ES', 'Spain'),
	(207, 'LK', 'Sri Lanka'),
	(208, 'BL', 'St. Barthélemy'),
	(209, 'SH', 'St. Helena'),
	(210, 'KN', 'St. Kitts & Nevis'),
	(211, 'LC', 'St. Lucia'),
	(212, 'MF', 'St. Martin'),
	(213, 'PM', 'St. Pierre & Miquelon'),
	(214, 'VC', 'St. Vincent & Grenadines'),
	(215, 'SD', 'Sudan'),
	(216, 'SR', 'Suriname'),
	(217, 'SJ', 'Svalbard & Jan Mayen'),
	(218, 'SZ', 'Swaziland'),
	(219, 'SE', 'Sweden'),
	(220, 'CH', 'Switzerland'),
	(221, 'SY', 'Syria'),
	(222, 'TW', 'Taiwan'),
	(223, 'TJ', 'Tajikistan'),
	(224, 'TZ', 'Tanzania'),
	(225, 'TH', 'Thailand'),
	(226, 'TL', 'Timor-Leste'),
	(227, 'TG', 'Togo'),
	(228, 'TK', 'Tokelau'),
	(229, 'TO', 'Tonga'),
	(230, 'TT', 'Trinidad & Tobago'),
	(231, 'TA', 'Tristan da Cunha'),
	(232, 'TN', 'Tunisia'),
	(233, 'TR', 'Turkey'),
	(234, 'TM', 'Turkmenistan'),
	(235, 'TC', 'Turks & Caicos Islands'),
	(236, 'TV', 'Tuvalu'),
	(237, 'UM', 'U.S. Outlying Islands'),
	(238, 'VI', 'U.S. Virgin Islands'),
	(239, 'UG', 'Uganda'),
	(240, 'UA', 'Ukraine'),
	(241, 'AE', 'United Arab Emirates'),
	(242, 'GB', 'United Kingdom'),
	(243, 'UN', 'United Nations'),
	(244, 'US', 'United States'),
	(245, 'UY', 'Uruguay'),
	(246, 'UZ', 'Uzbekistan'),
	(247, 'VU', 'Vanuatu'),
	(248, 'VA', 'Vatican City'),
	(249, 'VE', 'Venezuela'),
	(250, 'VN', 'Vietnam'),
	(251, 'WF', 'Wallis & Futuna'),
	(252, 'EH', 'Western Sahara'),
	(253, 'YE', 'Yemen'),
	(254, 'ZM', 'Zambia'),
	(255, 'ZW', 'Zimbabwe');

-- Dumping structure for table matress.country_states
DROP TABLE IF EXISTS `country_states`;
CREATE TABLE IF NOT EXISTS `country_states` (
  `id` int unsigned NOT NULL AUTO_INCREMENT,
  `country_id` int unsigned DEFAULT NULL,
  `country_code` varchar(191) COLLATE utf8mb4_unicode_ci DEFAULT NULL,
  `code` varchar(191) COLLATE utf8mb4_unicode_ci DEFAULT NULL,
  `default_name` varchar(191) COLLATE utf8mb4_unicode_ci DEFAULT NULL,
  PRIMARY KEY (`id`),
  KEY `country_states_country_id_foreign` (`country_id`),
  CONSTRAINT `country_states_country_id_foreign` FOREIGN KEY (`country_id`) REFERENCES `countries` (`id`) ON DELETE CASCADE
) ENGINE=InnoDB AUTO_INCREMENT=587 DEFAULT CHARSET=utf8mb4 COLLATE=utf8mb4_unicode_ci ROW_FORMAT=DYNAMIC;

-- Dumping data for table matress.country_states: ~586 rows (approximately)
REPLACE INTO `country_states` (`id`, `country_id`, `country_code`, `code`, `default_name`) VALUES
	(1, 244, 'US', 'AL', 'Alabama'),
	(2, 244, 'US', 'AK', 'Alaska'),
	(3, 244, 'US', 'AS', 'American Samoa'),
	(4, 244, 'US', 'AZ', 'Arizona'),
	(5, 244, 'US', 'AR', 'Arkansas'),
	(6, 244, 'US', 'AE', 'Armed Forces Africa'),
	(7, 244, 'US', 'AA', 'Armed Forces Americas'),
	(8, 244, 'US', 'AE', 'Armed Forces Canada'),
	(9, 244, 'US', 'AE', 'Armed Forces Europe'),
	(10, 244, 'US', 'AE', 'Armed Forces Middle East'),
	(11, 244, 'US', 'AP', 'Armed Forces Pacific'),
	(12, 244, 'US', 'CA', 'California'),
	(13, 244, 'US', 'CO', 'Colorado'),
	(14, 244, 'US', 'CT', 'Connecticut'),
	(15, 244, 'US', 'DE', 'Delaware'),
	(16, 244, 'US', 'DC', 'District of Columbia'),
	(17, 244, 'US', 'FM', 'Federated States Of Micronesia'),
	(18, 244, 'US', 'FL', 'Florida'),
	(19, 244, 'US', 'GA', 'Georgia'),
	(20, 244, 'US', 'GU', 'Guam'),
	(21, 244, 'US', 'HI', 'Hawaii'),
	(22, 244, 'US', 'ID', 'Idaho'),
	(23, 244, 'US', 'IL', 'Illinois'),
	(24, 244, 'US', 'IN', 'Indiana'),
	(25, 244, 'US', 'IA', 'Iowa'),
	(26, 244, 'US', 'KS', 'Kansas'),
	(27, 244, 'US', 'KY', 'Kentucky'),
	(28, 244, 'US', 'LA', 'Louisiana'),
	(29, 244, 'US', 'ME', 'Maine'),
	(30, 244, 'US', 'MH', 'Marshall Islands'),
	(31, 244, 'US', 'MD', 'Maryland'),
	(32, 244, 'US', 'MA', 'Massachusetts'),
	(33, 244, 'US', 'MI', 'Michigan'),
	(34, 244, 'US', 'MN', 'Minnesota'),
	(35, 244, 'US', 'MS', 'Mississippi'),
	(36, 244, 'US', 'MO', 'Missouri'),
	(37, 244, 'US', 'MT', 'Montana'),
	(38, 244, 'US', 'NE', 'Nebraska'),
	(39, 244, 'US', 'NV', 'Nevada'),
	(40, 244, 'US', 'NH', 'New Hampshire'),
	(41, 244, 'US', 'NJ', 'New Jersey'),
	(42, 244, 'US', 'NM', 'New Mexico'),
	(43, 244, 'US', 'NY', 'New York'),
	(44, 244, 'US', 'NC', 'North Carolina'),
	(45, 244, 'US', 'ND', 'North Dakota'),
	(46, 244, 'US', 'MP', 'Northern Mariana Islands'),
	(47, 244, 'US', 'OH', 'Ohio'),
	(48, 244, 'US', 'OK', 'Oklahoma'),
	(49, 244, 'US', 'OR', 'Oregon'),
	(50, 244, 'US', 'PW', 'Palau'),
	(51, 244, 'US', 'PA', 'Pennsylvania'),
	(52, 244, 'US', 'PR', 'Puerto Rico'),
	(53, 244, 'US', 'RI', 'Rhode Island'),
	(54, 244, 'US', 'SC', 'South Carolina'),
	(55, 244, 'US', 'SD', 'South Dakota'),
	(56, 244, 'US', 'TN', 'Tennessee'),
	(57, 244, 'US', 'TX', 'Texas'),
	(58, 244, 'US', 'UT', 'Utah'),
	(59, 244, 'US', 'VT', 'Vermont'),
	(60, 244, 'US', 'VI', 'Virgin Islands'),
	(61, 244, 'US', 'VA', 'Virginia'),
	(62, 244, 'US', 'WA', 'Washington'),
	(63, 244, 'US', 'WV', 'West Virginia'),
	(64, 244, 'US', 'WI', 'Wisconsin'),
	(65, 244, 'US', 'WY', 'Wyoming'),
	(66, 40, 'CA', 'AB', 'Alberta'),
	(67, 40, 'CA', 'BC', 'British Columbia'),
	(68, 40, 'CA', 'MB', 'Manitoba'),
	(69, 40, 'CA', 'NL', 'Newfoundland and Labrador'),
	(70, 40, 'CA', 'NB', 'New Brunswick'),
	(71, 40, 'CA', 'NS', 'Nova Scotia'),
	(72, 40, 'CA', 'NT', 'Northwest Territories'),
	(73, 40, 'CA', 'NU', 'Nunavut'),
	(74, 40, 'CA', 'ON', 'Ontario'),
	(75, 40, 'CA', 'PE', 'Prince Edward Island'),
	(76, 40, 'CA', 'QC', 'Quebec'),
	(77, 40, 'CA', 'SK', 'Saskatchewan'),
	(78, 40, 'CA', 'YT', 'Yukon Territory'),
	(79, 88, 'DE', 'NDS', 'Niedersachsen'),
	(80, 88, 'DE', 'BAW', 'Baden-Württemberg'),
	(81, 88, 'DE', 'BAY', 'Bayern'),
	(82, 88, 'DE', 'BER', 'Berlin'),
	(83, 88, 'DE', 'BRG', 'Brandenburg'),
	(84, 88, 'DE', 'BRE', 'Bremen'),
	(85, 88, 'DE', 'HAM', 'Hamburg'),
	(86, 88, 'DE', 'HES', 'Hessen'),
	(87, 88, 'DE', 'MEC', 'Mecklenburg-Vorpommern'),
	(88, 88, 'DE', 'NRW', 'Nordrhein-Westfalen'),
	(89, 88, 'DE', 'RHE', 'Rheinland-Pfalz'),
	(90, 88, 'DE', 'SAR', 'Saarland'),
	(91, 88, 'DE', 'SAS', 'Sachsen'),
	(92, 88, 'DE', 'SAC', 'Sachsen-Anhalt'),
	(93, 88, 'DE', 'SCN', 'Schleswig-Holstein'),
	(94, 88, 'DE', 'THE', 'Thüringen'),
	(95, 16, 'AT', 'WI', 'Wien'),
	(96, 16, 'AT', 'NO', 'Niederösterreich'),
	(97, 16, 'AT', 'OO', 'Oberösterreich'),
	(98, 16, 'AT', 'SB', 'Salzburg'),
	(99, 16, 'AT', 'KN', 'Kärnten'),
	(100, 16, 'AT', 'ST', 'Steiermark'),
	(101, 16, 'AT', 'TI', 'Tirol'),
	(102, 16, 'AT', 'BL', 'Burgenland'),
	(103, 16, 'AT', 'VB', 'Vorarlberg'),
	(104, 220, 'CH', 'AG', 'Aargau'),
	(105, 220, 'CH', 'AI', 'Appenzell Innerrhoden'),
	(106, 220, 'CH', 'AR', 'Appenzell Ausserrhoden'),
	(107, 220, 'CH', 'BE', 'Bern'),
	(108, 220, 'CH', 'BL', 'Basel-Landschaft'),
	(109, 220, 'CH', 'BS', 'Basel-Stadt'),
	(110, 220, 'CH', 'FR', 'Freiburg'),
	(111, 220, 'CH', 'GE', 'Genf'),
	(112, 220, 'CH', 'GL', 'Glarus'),
	(113, 220, 'CH', 'GR', 'Graubünden'),
	(114, 220, 'CH', 'JU', 'Jura'),
	(115, 220, 'CH', 'LU', 'Luzern'),
	(116, 220, 'CH', 'NE', 'Neuenburg'),
	(117, 220, 'CH', 'NW', 'Nidwalden'),
	(118, 220, 'CH', 'OW', 'Obwalden'),
	(119, 220, 'CH', 'SG', 'St. Gallen'),
	(120, 220, 'CH', 'SH', 'Schaffhausen'),
	(121, 220, 'CH', 'SO', 'Solothurn'),
	(122, 220, 'CH', 'SZ', 'Schwyz'),
	(123, 220, 'CH', 'TG', 'Thurgau'),
	(124, 220, 'CH', 'TI', 'Tessin'),
	(125, 220, 'CH', 'UR', 'Uri'),
	(126, 220, 'CH', 'VD', 'Waadt'),
	(127, 220, 'CH', 'VS', 'Wallis'),
	(128, 220, 'CH', 'ZG', 'Zug'),
	(129, 220, 'CH', 'ZH', 'Zürich'),
	(130, 206, 'ES', 'A Coruсa', 'A Coruña'),
	(131, 206, 'ES', 'Alava', 'Alava'),
	(132, 206, 'ES', 'Albacete', 'Albacete'),
	(133, 206, 'ES', 'Alicante', 'Alicante'),
	(134, 206, 'ES', 'Almeria', 'Almeria'),
	(135, 206, 'ES', 'Asturias', 'Asturias'),
	(136, 206, 'ES', 'Avila', 'Avila'),
	(137, 206, 'ES', 'Badajoz', 'Badajoz'),
	(138, 206, 'ES', 'Baleares', 'Baleares'),
	(139, 206, 'ES', 'Barcelona', 'Barcelona'),
	(140, 206, 'ES', 'Burgos', 'Burgos'),
	(141, 206, 'ES', 'Caceres', 'Caceres'),
	(142, 206, 'ES', 'Cadiz', 'Cadiz'),
	(143, 206, 'ES', 'Cantabria', 'Cantabria'),
	(144, 206, 'ES', 'Castellon', 'Castellon'),
	(145, 206, 'ES', 'Ceuta', 'Ceuta'),
	(146, 206, 'ES', 'Ciudad Real', 'Ciudad Real'),
	(147, 206, 'ES', 'Cordoba', 'Cordoba'),
	(148, 206, 'ES', 'Cuenca', 'Cuenca'),
	(149, 206, 'ES', 'Girona', 'Girona'),
	(150, 206, 'ES', 'Granada', 'Granada'),
	(151, 206, 'ES', 'Guadalajara', 'Guadalajara'),
	(152, 206, 'ES', 'Guipuzcoa', 'Guipuzcoa'),
	(153, 206, 'ES', 'Huelva', 'Huelva'),
	(154, 206, 'ES', 'Huesca', 'Huesca'),
	(155, 206, 'ES', 'Jaen', 'Jaen'),
	(156, 206, 'ES', 'La Rioja', 'La Rioja'),
	(157, 206, 'ES', 'Las Palmas', 'Las Palmas'),
	(158, 206, 'ES', 'Leon', 'Leon'),
	(159, 206, 'ES', 'Lleida', 'Lleida'),
	(160, 206, 'ES', 'Lugo', 'Lugo'),
	(161, 206, 'ES', 'Madrid', 'Madrid'),
	(162, 206, 'ES', 'Malaga', 'Malaga'),
	(163, 206, 'ES', 'Melilla', 'Melilla'),
	(164, 206, 'ES', 'Murcia', 'Murcia'),
	(165, 206, 'ES', 'Navarra', 'Navarra'),
	(166, 206, 'ES', 'Ourense', 'Ourense'),
	(167, 206, 'ES', 'Palencia', 'Palencia'),
	(168, 206, 'ES', 'Pontevedra', 'Pontevedra'),
	(169, 206, 'ES', 'Salamanca', 'Salamanca'),
	(170, 206, 'ES', 'Santa Cruz de Tenerife', 'Santa Cruz de Tenerife'),
	(171, 206, 'ES', 'Segovia', 'Segovia'),
	(172, 206, 'ES', 'Sevilla', 'Sevilla'),
	(173, 206, 'ES', 'Soria', 'Soria'),
	(174, 206, 'ES', 'Tarragona', 'Tarragona'),
	(175, 206, 'ES', 'Teruel', 'Teruel'),
	(176, 206, 'ES', 'Toledo', 'Toledo'),
	(177, 206, 'ES', 'Valencia', 'Valencia'),
	(178, 206, 'ES', 'Valladolid', 'Valladolid'),
	(179, 206, 'ES', 'Vizcaya', 'Vizcaya'),
	(180, 206, 'ES', 'Zamora', 'Zamora'),
	(181, 206, 'ES', 'Zaragoza', 'Zaragoza'),
	(182, 81, 'FR', '1', 'Ain'),
	(183, 81, 'FR', '2', 'Aisne'),
	(184, 81, 'FR', '3', 'Allier'),
	(185, 81, 'FR', '4', 'Alpes-de-Haute-Provence'),
	(186, 81, 'FR', '5', 'Hautes-Alpes'),
	(187, 81, 'FR', '6', 'Alpes-Maritimes'),
	(188, 81, 'FR', '7', 'Ardèche'),
	(189, 81, 'FR', '8', 'Ardennes'),
	(190, 81, 'FR', '9', 'Ariège'),
	(191, 81, 'FR', '10', 'Aube'),
	(192, 81, 'FR', '11', 'Aude'),
	(193, 81, 'FR', '12', 'Aveyron'),
	(194, 81, 'FR', '13', 'Bouches-du-Rhône'),
	(195, 81, 'FR', '14', 'Calvados'),
	(196, 81, 'FR', '15', 'Cantal'),
	(197, 81, 'FR', '16', 'Charente'),
	(198, 81, 'FR', '17', 'Charente-Maritime'),
	(199, 81, 'FR', '18', 'Cher'),
	(200, 81, 'FR', '19', 'Corrèze'),
	(201, 81, 'FR', '2A', 'Corse-du-Sud'),
	(202, 81, 'FR', '2B', 'Haute-Corse'),
	(203, 81, 'FR', '21', 'Côte-d\'Or'),
	(204, 81, 'FR', '22', 'Côtes-d\'Armor'),
	(205, 81, 'FR', '23', 'Creuse'),
	(206, 81, 'FR', '24', 'Dordogne'),
	(207, 81, 'FR', '25', 'Doubs'),
	(208, 81, 'FR', '26', 'Drôme'),
	(209, 81, 'FR', '27', 'Eure'),
	(210, 81, 'FR', '28', 'Eure-et-Loir'),
	(211, 81, 'FR', '29', 'Finistère'),
	(212, 81, 'FR', '30', 'Gard'),
	(213, 81, 'FR', '31', 'Haute-Garonne'),
	(214, 81, 'FR', '32', 'Gers'),
	(215, 81, 'FR', '33', 'Gironde'),
	(216, 81, 'FR', '34', 'Hérault'),
	(217, 81, 'FR', '35', 'Ille-et-Vilaine'),
	(218, 81, 'FR', '36', 'Indre'),
	(219, 81, 'FR', '37', 'Indre-et-Loire'),
	(220, 81, 'FR', '38', 'Isère'),
	(221, 81, 'FR', '39', 'Jura'),
	(222, 81, 'FR', '40', 'Landes'),
	(223, 81, 'FR', '41', 'Loir-et-Cher'),
	(224, 81, 'FR', '42', 'Loire'),
	(225, 81, 'FR', '43', 'Haute-Loire'),
	(226, 81, 'FR', '44', 'Loire-Atlantique'),
	(227, 81, 'FR', '45', 'Loiret'),
	(228, 81, 'FR', '46', 'Lot'),
	(229, 81, 'FR', '47', 'Lot-et-Garonne'),
	(230, 81, 'FR', '48', 'Lozère'),
	(231, 81, 'FR', '49', 'Maine-et-Loire'),
	(232, 81, 'FR', '50', 'Manche'),
	(233, 81, 'FR', '51', 'Marne'),
	(234, 81, 'FR', '52', 'Haute-Marne'),
	(235, 81, 'FR', '53', 'Mayenne'),
	(236, 81, 'FR', '54', 'Meurthe-et-Moselle'),
	(237, 81, 'FR', '55', 'Meuse'),
	(238, 81, 'FR', '56', 'Morbihan'),
	(239, 81, 'FR', '57', 'Moselle'),
	(240, 81, 'FR', '58', 'Nièvre'),
	(241, 81, 'FR', '59', 'Nord'),
	(242, 81, 'FR', '60', 'Oise'),
	(243, 81, 'FR', '61', 'Orne'),
	(244, 81, 'FR', '62', 'Pas-de-Calais'),
	(245, 81, 'FR', '63', 'Puy-de-Dôme'),
	(246, 81, 'FR', '64', 'Pyrénées-Atlantiques'),
	(247, 81, 'FR', '65', 'Hautes-Pyrénées'),
	(248, 81, 'FR', '66', 'Pyrénées-Orientales'),
	(249, 81, 'FR', '67', 'Bas-Rhin'),
	(250, 81, 'FR', '68', 'Haut-Rhin'),
	(251, 81, 'FR', '69', 'Rhône'),
	(252, 81, 'FR', '70', 'Haute-Saône'),
	(253, 81, 'FR', '71', 'Saône-et-Loire'),
	(254, 81, 'FR', '72', 'Sarthe'),
	(255, 81, 'FR', '73', 'Savoie'),
	(256, 81, 'FR', '74', 'Haute-Savoie'),
	(257, 81, 'FR', '75', 'Paris'),
	(258, 81, 'FR', '76', 'Seine-Maritime'),
	(259, 81, 'FR', '77', 'Seine-et-Marne'),
	(260, 81, 'FR', '78', 'Yvelines'),
	(261, 81, 'FR', '79', 'Deux-Sèvres'),
	(262, 81, 'FR', '80', 'Somme'),
	(263, 81, 'FR', '81', 'Tarn'),
	(264, 81, 'FR', '82', 'Tarn-et-Garonne'),
	(265, 81, 'FR', '83', 'Var'),
	(266, 81, 'FR', '84', 'Vaucluse'),
	(267, 81, 'FR', '85', 'Vendée'),
	(268, 81, 'FR', '86', 'Vienne'),
	(269, 81, 'FR', '87', 'Haute-Vienne'),
	(270, 81, 'FR', '88', 'Vosges'),
	(271, 81, 'FR', '89', 'Yonne'),
	(272, 81, 'FR', '90', 'Territoire-de-Belfort'),
	(273, 81, 'FR', '91', 'Essonne'),
	(274, 81, 'FR', '92', 'Hauts-de-Seine'),
	(275, 81, 'FR', '93', 'Seine-Saint-Denis'),
	(276, 81, 'FR', '94', 'Val-de-Marne'),
	(277, 81, 'FR', '95', 'Val-d\'Oise'),
	(278, 185, 'RO', 'AB', 'Alba'),
	(279, 185, 'RO', 'AR', 'Arad'),
	(280, 185, 'RO', 'AG', 'Argeş'),
	(281, 185, 'RO', 'BC', 'Bacău'),
	(282, 185, 'RO', 'BH', 'Bihor'),
	(283, 185, 'RO', 'BN', 'Bistriţa-Năsăud'),
	(284, 185, 'RO', 'BT', 'Botoşani'),
	(285, 185, 'RO', 'BV', 'Braşov'),
	(286, 185, 'RO', 'BR', 'Brăila'),
	(287, 185, 'RO', 'B', 'Bucureşti'),
	(288, 185, 'RO', 'BZ', 'Buzău'),
	(289, 185, 'RO', 'CS', 'Caraş-Severin'),
	(290, 185, 'RO', 'CL', 'Călăraşi'),
	(291, 185, 'RO', 'CJ', 'Cluj'),
	(292, 185, 'RO', 'CT', 'Constanţa'),
	(293, 185, 'RO', 'CV', 'Covasna'),
	(294, 185, 'RO', 'DB', 'Dâmboviţa'),
	(295, 185, 'RO', 'DJ', 'Dolj'),
	(296, 185, 'RO', 'GL', 'Galaţi'),
	(297, 185, 'RO', 'GR', 'Giurgiu'),
	(298, 185, 'RO', 'GJ', 'Gorj'),
	(299, 185, 'RO', 'HR', 'Harghita'),
	(300, 185, 'RO', 'HD', 'Hunedoara'),
	(301, 185, 'RO', 'IL', 'Ialomiţa'),
	(302, 185, 'RO', 'IS', 'Iaşi'),
	(303, 185, 'RO', 'IF', 'Ilfov'),
	(304, 185, 'RO', 'MM', 'Maramureş'),
	(305, 185, 'RO', 'MH', 'Mehedinţi'),
	(306, 185, 'RO', 'MS', 'Mureş'),
	(307, 185, 'RO', 'NT', 'Neamţ'),
	(308, 185, 'RO', 'OT', 'Olt'),
	(309, 185, 'RO', 'PH', 'Prahova'),
	(310, 185, 'RO', 'SM', 'Satu-Mare'),
	(311, 185, 'RO', 'SJ', 'Sălaj'),
	(312, 185, 'RO', 'SB', 'Sibiu'),
	(313, 185, 'RO', 'SV', 'Suceava'),
	(314, 185, 'RO', 'TR', 'Teleorman'),
	(315, 185, 'RO', 'TM', 'Timiş'),
	(316, 185, 'RO', 'TL', 'Tulcea'),
	(317, 185, 'RO', 'VS', 'Vaslui'),
	(318, 185, 'RO', 'VL', 'Vâlcea'),
	(319, 185, 'RO', 'VN', 'Vrancea'),
	(320, 80, 'FI', 'Lappi', 'Lappi'),
	(321, 80, 'FI', 'Pohjois-Pohjanmaa', 'Pohjois-Pohjanmaa'),
	(322, 80, 'FI', 'Kainuu', 'Kainuu'),
	(323, 80, 'FI', 'Pohjois-Karjala', 'Pohjois-Karjala'),
	(324, 80, 'FI', 'Pohjois-Savo', 'Pohjois-Savo'),
	(325, 80, 'FI', 'Etelä-Savo', 'Etelä-Savo'),
	(326, 80, 'FI', 'Etelä-Pohjanmaa', 'Etelä-Pohjanmaa'),
	(327, 80, 'FI', 'Pohjanmaa', 'Pohjanmaa'),
	(328, 80, 'FI', 'Pirkanmaa', 'Pirkanmaa'),
	(329, 80, 'FI', 'Satakunta', 'Satakunta'),
	(330, 80, 'FI', 'Keski-Pohjanmaa', 'Keski-Pohjanmaa'),
	(331, 80, 'FI', 'Keski-Suomi', 'Keski-Suomi'),
	(332, 80, 'FI', 'Varsinais-Suomi', 'Varsinais-Suomi'),
	(333, 80, 'FI', 'Etelä-Karjala', 'Etelä-Karjala'),
	(334, 80, 'FI', 'Päijät-Häme', 'Päijät-Häme'),
	(335, 80, 'FI', 'Kanta-Häme', 'Kanta-Häme'),
	(336, 80, 'FI', 'Uusimaa', 'Uusimaa'),
	(337, 80, 'FI', 'Itä-Uusimaa', 'Itä-Uusimaa'),
	(338, 80, 'FI', 'Kymenlaakso', 'Kymenlaakso'),
	(339, 80, 'FI', 'Ahvenanmaa', 'Ahvenanmaa'),
	(340, 74, 'EE', 'EE-37', 'Harjumaa'),
	(341, 74, 'EE', 'EE-39', 'Hiiumaa'),
	(342, 74, 'EE', 'EE-44', 'Ida-Virumaa'),
	(343, 74, 'EE', 'EE-49', 'Jõgevamaa'),
	(344, 74, 'EE', 'EE-51', 'Järvamaa'),
	(345, 74, 'EE', 'EE-57', 'Läänemaa'),
	(346, 74, 'EE', 'EE-59', 'Lääne-Virumaa'),
	(347, 74, 'EE', 'EE-65', 'Põlvamaa'),
	(348, 74, 'EE', 'EE-67', 'Pärnumaa'),
	(349, 74, 'EE', 'EE-70', 'Raplamaa'),
	(350, 74, 'EE', 'EE-74', 'Saaremaa'),
	(351, 74, 'EE', 'EE-78', 'Tartumaa'),
	(352, 74, 'EE', 'EE-82', 'Valgamaa'),
	(353, 74, 'EE', 'EE-84', 'Viljandimaa'),
	(354, 74, 'EE', 'EE-86', 'Võrumaa'),
	(355, 125, 'LV', 'LV-DGV', 'Daugavpils'),
	(356, 125, 'LV', 'LV-JEL', 'Jelgava'),
	(357, 125, 'LV', 'Jēkabpils', 'Jēkabpils'),
	(358, 125, 'LV', 'LV-JUR', 'Jūrmala'),
	(359, 125, 'LV', 'LV-LPX', 'Liepāja'),
	(360, 125, 'LV', 'LV-LE', 'Liepājas novads'),
	(361, 125, 'LV', 'LV-REZ', 'Rēzekne'),
	(362, 125, 'LV', 'LV-RIX', 'Rīga'),
	(363, 125, 'LV', 'LV-RI', 'Rīgas novads'),
	(364, 125, 'LV', 'Valmiera', 'Valmiera'),
	(365, 125, 'LV', 'LV-VEN', 'Ventspils'),
	(366, 125, 'LV', 'Aglonas novads', 'Aglonas novads'),
	(367, 125, 'LV', 'LV-AI', 'Aizkraukles novads'),
	(368, 125, 'LV', 'Aizputes novads', 'Aizputes novads'),
	(369, 125, 'LV', 'Aknīstes novads', 'Aknīstes novads'),
	(370, 125, 'LV', 'Alojas novads', 'Alojas novads'),
	(371, 125, 'LV', 'Alsungas novads', 'Alsungas novads'),
	(372, 125, 'LV', 'LV-AL', 'Alūksnes novads'),
	(373, 125, 'LV', 'Amatas novads', 'Amatas novads'),
	(374, 125, 'LV', 'Apes novads', 'Apes novads'),
	(375, 125, 'LV', 'Auces novads', 'Auces novads'),
	(376, 125, 'LV', 'Babītes novads', 'Babītes novads'),
	(377, 125, 'LV', 'Baldones novads', 'Baldones novads'),
	(378, 125, 'LV', 'Baltinavas novads', 'Baltinavas novads'),
	(379, 125, 'LV', 'LV-BL', 'Balvu novads'),
	(380, 125, 'LV', 'LV-BU', 'Bauskas novads'),
	(381, 125, 'LV', 'Beverīnas novads', 'Beverīnas novads'),
	(382, 125, 'LV', 'Brocēnu novads', 'Brocēnu novads'),
	(383, 125, 'LV', 'Burtnieku novads', 'Burtnieku novads'),
	(384, 125, 'LV', 'Carnikavas novads', 'Carnikavas novads'),
	(385, 125, 'LV', 'Cesvaines novads', 'Cesvaines novads'),
	(386, 125, 'LV', 'Ciblas novads', 'Ciblas novads'),
	(387, 125, 'LV', 'LV-CE', 'Cēsu novads'),
	(388, 125, 'LV', 'Dagdas novads', 'Dagdas novads'),
	(389, 125, 'LV', 'LV-DA', 'Daugavpils novads'),
	(390, 125, 'LV', 'LV-DO', 'Dobeles novads'),
	(391, 125, 'LV', 'Dundagas novads', 'Dundagas novads'),
	(392, 125, 'LV', 'Durbes novads', 'Durbes novads'),
	(393, 125, 'LV', 'Engures novads', 'Engures novads'),
	(394, 125, 'LV', 'Garkalnes novads', 'Garkalnes novads'),
	(395, 125, 'LV', 'Grobiņas novads', 'Grobiņas novads'),
	(396, 125, 'LV', 'LV-GU', 'Gulbenes novads'),
	(397, 125, 'LV', 'Iecavas novads', 'Iecavas novads'),
	(398, 125, 'LV', 'Ikšķiles novads', 'Ikšķiles novads'),
	(399, 125, 'LV', 'Ilūkstes novads', 'Ilūkstes novads'),
	(400, 125, 'LV', 'Inčukalna novads', 'Inčukalna novads'),
	(401, 125, 'LV', 'Jaunjelgavas novads', 'Jaunjelgavas novads'),
	(402, 125, 'LV', 'Jaunpiebalgas novads', 'Jaunpiebalgas novads'),
	(403, 125, 'LV', 'Jaunpils novads', 'Jaunpils novads'),
	(404, 125, 'LV', 'LV-JL', 'Jelgavas novads'),
	(405, 125, 'LV', 'LV-JK', 'Jēkabpils novads'),
	(406, 125, 'LV', 'Kandavas novads', 'Kandavas novads'),
	(407, 125, 'LV', 'Kokneses novads', 'Kokneses novads'),
	(408, 125, 'LV', 'Krimuldas novads', 'Krimuldas novads'),
	(409, 125, 'LV', 'Krustpils novads', 'Krustpils novads'),
	(410, 125, 'LV', 'LV-KR', 'Krāslavas novads'),
	(411, 125, 'LV', 'LV-KU', 'Kuldīgas novads'),
	(412, 125, 'LV', 'Kārsavas novads', 'Kārsavas novads'),
	(413, 125, 'LV', 'Lielvārdes novads', 'Lielvārdes novads'),
	(414, 125, 'LV', 'LV-LM', 'Limbažu novads'),
	(415, 125, 'LV', 'Lubānas novads', 'Lubānas novads'),
	(416, 125, 'LV', 'LV-LU', 'Ludzas novads'),
	(417, 125, 'LV', 'Līgatnes novads', 'Līgatnes novads'),
	(418, 125, 'LV', 'Līvānu novads', 'Līvānu novads'),
	(419, 125, 'LV', 'LV-MA', 'Madonas novads'),
	(420, 125, 'LV', 'Mazsalacas novads', 'Mazsalacas novads'),
	(421, 125, 'LV', 'Mālpils novads', 'Mālpils novads'),
	(422, 125, 'LV', 'Mārupes novads', 'Mārupes novads'),
	(423, 125, 'LV', 'Naukšēnu novads', 'Naukšēnu novads'),
	(424, 125, 'LV', 'Neretas novads', 'Neretas novads'),
	(425, 125, 'LV', 'Nīcas novads', 'Nīcas novads'),
	(426, 125, 'LV', 'LV-OG', 'Ogres novads'),
	(427, 125, 'LV', 'Olaines novads', 'Olaines novads'),
	(428, 125, 'LV', 'Ozolnieku novads', 'Ozolnieku novads'),
	(429, 125, 'LV', 'LV-PR', 'Preiļu novads'),
	(430, 125, 'LV', 'Priekules novads', 'Priekules novads'),
	(431, 125, 'LV', 'Priekuļu novads', 'Priekuļu novads'),
	(432, 125, 'LV', 'Pārgaujas novads', 'Pārgaujas novads'),
	(433, 125, 'LV', 'Pāvilostas novads', 'Pāvilostas novads'),
	(434, 125, 'LV', 'Pļaviņu novads', 'Pļaviņu novads'),
	(435, 125, 'LV', 'Raunas novads', 'Raunas novads'),
	(436, 125, 'LV', 'Riebiņu novads', 'Riebiņu novads'),
	(437, 125, 'LV', 'Rojas novads', 'Rojas novads'),
	(438, 125, 'LV', 'Ropažu novads', 'Ropažu novads'),
	(439, 125, 'LV', 'Rucavas novads', 'Rucavas novads'),
	(440, 125, 'LV', 'Rugāju novads', 'Rugāju novads'),
	(441, 125, 'LV', 'Rundāles novads', 'Rundāles novads'),
	(442, 125, 'LV', 'LV-RE', 'Rēzeknes novads'),
	(443, 125, 'LV', 'Rūjienas novads', 'Rūjienas novads'),
	(444, 125, 'LV', 'Salacgrīvas novads', 'Salacgrīvas novads'),
	(445, 125, 'LV', 'Salas novads', 'Salas novads'),
	(446, 125, 'LV', 'Salaspils novads', 'Salaspils novads'),
	(447, 125, 'LV', 'LV-SA', 'Saldus novads'),
	(448, 125, 'LV', 'Saulkrastu novads', 'Saulkrastu novads'),
	(449, 125, 'LV', 'Siguldas novads', 'Siguldas novads'),
	(450, 125, 'LV', 'Skrundas novads', 'Skrundas novads'),
	(451, 125, 'LV', 'Skrīveru novads', 'Skrīveru novads'),
	(452, 125, 'LV', 'Smiltenes novads', 'Smiltenes novads'),
	(453, 125, 'LV', 'Stopiņu novads', 'Stopiņu novads'),
	(454, 125, 'LV', 'Strenču novads', 'Strenču novads'),
	(455, 125, 'LV', 'Sējas novads', 'Sējas novads'),
	(456, 125, 'LV', 'LV-TA', 'Talsu novads'),
	(457, 125, 'LV', 'LV-TU', 'Tukuma novads'),
	(458, 125, 'LV', 'Tērvetes novads', 'Tērvetes novads'),
	(459, 125, 'LV', 'Vaiņodes novads', 'Vaiņodes novads'),
	(460, 125, 'LV', 'LV-VK', 'Valkas novads'),
	(461, 125, 'LV', 'LV-VM', 'Valmieras novads'),
	(462, 125, 'LV', 'Varakļānu novads', 'Varakļānu novads'),
	(463, 125, 'LV', 'Vecpiebalgas novads', 'Vecpiebalgas novads'),
	(464, 125, 'LV', 'Vecumnieku novads', 'Vecumnieku novads'),
	(465, 125, 'LV', 'LV-VE', 'Ventspils novads'),
	(466, 125, 'LV', 'Viesītes novads', 'Viesītes novads'),
	(467, 125, 'LV', 'Viļakas novads', 'Viļakas novads'),
	(468, 125, 'LV', 'Viļānu novads', 'Viļānu novads'),
	(469, 125, 'LV', 'Vārkavas novads', 'Vārkavas novads'),
	(470, 125, 'LV', 'Zilupes novads', 'Zilupes novads'),
	(471, 125, 'LV', 'Ādažu novads', 'Ādažu novads'),
	(472, 125, 'LV', 'Ērgļu novads', 'Ērgļu novads'),
	(473, 125, 'LV', 'Ķeguma novads', 'Ķeguma novads'),
	(474, 125, 'LV', 'Ķekavas novads', 'Ķekavas novads'),
	(475, 131, 'LT', 'LT-AL', 'Alytaus Apskritis'),
	(476, 131, 'LT', 'LT-KU', 'Kauno Apskritis'),
	(477, 131, 'LT', 'LT-KL', 'Klaipėdos Apskritis'),
	(478, 131, 'LT', 'LT-MR', 'Marijampolės Apskritis'),
	(479, 131, 'LT', 'LT-PN', 'Panevėžio Apskritis'),
	(480, 131, 'LT', 'LT-SA', 'Šiaulių Apskritis'),
	(481, 131, 'LT', 'LT-TA', 'Tauragės Apskritis'),
	(482, 131, 'LT', 'LT-TE', 'Telšių Apskritis'),
	(483, 131, 'LT', 'LT-UT', 'Utenos Apskritis'),
	(484, 131, 'LT', 'LT-VL', 'Vilniaus Apskritis'),
	(485, 31, 'BR', 'AC', 'Acre'),
	(486, 31, 'BR', 'AL', 'Alagoas'),
	(487, 31, 'BR', 'AP', 'Amapá'),
	(488, 31, 'BR', 'AM', 'Amazonas'),
	(489, 31, 'BR', 'BA', 'Bahia'),
	(490, 31, 'BR', 'CE', 'Ceará'),
	(491, 31, 'BR', 'ES', 'Espírito Santo'),
	(492, 31, 'BR', 'GO', 'Goiás'),
	(493, 31, 'BR', 'MA', 'Maranhão'),
	(494, 31, 'BR', 'MT', 'Mato Grosso'),
	(495, 31, 'BR', 'MS', 'Mato Grosso do Sul'),
	(496, 31, 'BR', 'MG', 'Minas Gerais'),
	(497, 31, 'BR', 'PA', 'Pará'),
	(498, 31, 'BR', 'PB', 'Paraíba'),
	(499, 31, 'BR', 'PR', 'Paraná'),
	(500, 31, 'BR', 'PE', 'Pernambuco'),
	(501, 31, 'BR', 'PI', 'Piauí'),
	(502, 31, 'BR', 'RJ', 'Rio de Janeiro'),
	(503, 31, 'BR', 'RN', 'Rio Grande do Norte'),
	(504, 31, 'BR', 'RS', 'Rio Grande do Sul'),
	(505, 31, 'BR', 'RO', 'Rondônia'),
	(506, 31, 'BR', 'RR', 'Roraima'),
	(507, 31, 'BR', 'SC', 'Santa Catarina'),
	(508, 31, 'BR', 'SP', 'São Paulo'),
	(509, 31, 'BR', 'SE', 'Sergipe'),
	(510, 31, 'BR', 'TO', 'Tocantins'),
	(511, 31, 'BR', 'DF', 'Distrito Federal'),
	(512, 59, 'HR', 'HR-01', 'Zagrebačka županija'),
	(513, 59, 'HR', 'HR-02', 'Krapinsko-zagorska županija'),
	(514, 59, 'HR', 'HR-03', 'Sisačko-moslavačka županija'),
	(515, 59, 'HR', 'HR-04', 'Karlovačka županija'),
	(516, 59, 'HR', 'HR-05', 'Varaždinska županija'),
	(517, 59, 'HR', 'HR-06', 'Koprivničko-križevačka županija'),
	(518, 59, 'HR', 'HR-07', 'Bjelovarsko-bilogorska županija'),
	(519, 59, 'HR', 'HR-08', 'Primorsko-goranska županija'),
	(520, 59, 'HR', 'HR-09', 'Ličko-senjska županija'),
	(521, 59, 'HR', 'HR-10', 'Virovitičko-podravska županija'),
	(522, 59, 'HR', 'HR-11', 'Požeško-slavonska županija'),
	(523, 59, 'HR', 'HR-12', 'Brodsko-posavska županija'),
	(524, 59, 'HR', 'HR-13', 'Zadarska županija'),
	(525, 59, 'HR', 'HR-14', 'Osječko-baranjska županija'),
	(526, 59, 'HR', 'HR-15', 'Šibensko-kninska županija'),
	(527, 59, 'HR', 'HR-16', 'Vukovarsko-srijemska županija'),
	(528, 59, 'HR', 'HR-17', 'Splitsko-dalmatinska županija'),
	(529, 59, 'HR', 'HR-18', 'Istarska županija'),
	(530, 59, 'HR', 'HR-19', 'Dubrovačko-neretvanska županija'),
	(531, 59, 'HR', 'HR-20', 'Međimurska županija'),
	(532, 59, 'HR', 'HR-21', 'Grad Zagreb'),
	(533, 106, 'IN', 'AN', 'Andaman and Nicobar Islands'),
	(534, 106, 'IN', 'AP', 'Andhra Pradesh'),
	(535, 106, 'IN', 'AR', 'Arunachal Pradesh'),
	(536, 106, 'IN', 'AS', 'Assam'),
	(537, 106, 'IN', 'BR', 'Bihar'),
	(538, 106, 'IN', 'CH', 'Chandigarh'),
	(539, 106, 'IN', 'CT', 'Chhattisgarh'),
	(540, 106, 'IN', 'DN', 'Dadra and Nagar Haveli'),
	(541, 106, 'IN', 'DD', 'Daman and Diu'),
	(542, 106, 'IN', 'DL', 'Delhi'),
	(543, 106, 'IN', 'GA', 'Goa'),
	(544, 106, 'IN', 'GJ', 'Gujarat'),
	(545, 106, 'IN', 'HR', 'Haryana'),
	(546, 106, 'IN', 'HP', 'Himachal Pradesh'),
	(547, 106, 'IN', 'JK', 'Jammu and Kashmir'),
	(548, 106, 'IN', 'JH', 'Jharkhand'),
	(549, 106, 'IN', 'KA', 'Karnataka'),
	(550, 106, 'IN', 'KL', 'Kerala'),
	(551, 106, 'IN', 'LD', 'Lakshadweep'),
	(552, 106, 'IN', 'MP', 'Madhya Pradesh'),
	(553, 106, 'IN', 'MH', 'Maharashtra'),
	(554, 106, 'IN', 'MN', 'Manipur'),
	(555, 106, 'IN', 'ML', 'Meghalaya'),
	(556, 106, 'IN', 'MZ', 'Mizoram'),
	(557, 106, 'IN', 'NL', 'Nagaland'),
	(558, 106, 'IN', 'OR', 'Odisha'),
	(559, 106, 'IN', 'PY', 'Puducherry'),
	(560, 106, 'IN', 'PB', 'Punjab'),
	(561, 106, 'IN', 'RJ', 'Rajasthan'),
	(562, 106, 'IN', 'SK', 'Sikkim'),
	(563, 106, 'IN', 'TN', 'Tamil Nadu'),
	(564, 106, 'IN', 'TG', 'Telangana'),
	(565, 106, 'IN', 'TR', 'Tripura'),
	(566, 106, 'IN', 'UP', 'Uttar Pradesh'),
	(567, 106, 'IN', 'UT', 'Uttarakhand'),
	(568, 106, 'IN', 'WB', 'West Bengal'),
	(569, 176, 'PY', 'PY-16', 'Alto Paraguay'),
	(570, 176, 'PY', 'PY-10', 'Alto Paraná'),
	(571, 176, 'PY', 'PY-13', 'Amambay'),
	(572, 176, 'PY', 'PY-ASU', 'Asunción'),
	(573, 176, 'PY', 'PY-19', 'Boquerón'),
	(574, 176, 'PY', 'PY-5', 'Caaguazú'),
	(575, 176, 'PY', 'PY-6', 'Caazapá'),
	(576, 176, 'PY', 'PY-14', 'Canindeyú'),
	(577, 176, 'PY', 'PY-11', 'Central'),
	(578, 176, 'PY', 'PY-1', 'Concepción'),
	(579, 176, 'PY', 'PY-3', 'Cordillera'),
	(580, 176, 'PY', 'PY-4', 'Guairá'),
	(581, 176, 'PY', 'PY-7', 'Itapúa'),
	(582, 176, 'PY', 'PY-8', 'Misiones'),
	(583, 176, 'PY', 'PY-9', 'Paraguarí'),
	(584, 176, 'PY', 'PY-15', 'Presidente Hayes'),
	(585, 176, 'PY', 'PY-2', 'San Pedro'),
	(586, 176, 'PY', 'PY-12', 'Ñeembucú');

-- Dumping structure for table matress.country_state_translations
DROP TABLE IF EXISTS `country_state_translations`;
CREATE TABLE IF NOT EXISTS `country_state_translations` (
  `id` int unsigned NOT NULL AUTO_INCREMENT,
  `country_state_id` int unsigned NOT NULL,
  `locale` varchar(191) COLLATE utf8mb4_unicode_ci NOT NULL,
  `default_name` text COLLATE utf8mb4_unicode_ci,
  PRIMARY KEY (`id`),
  KEY `country_state_translations_country_state_id_foreign` (`country_state_id`),
  CONSTRAINT `country_state_translations_country_state_id_foreign` FOREIGN KEY (`country_state_id`) REFERENCES `country_states` (`id`) ON DELETE CASCADE
) ENGINE=InnoDB AUTO_INCREMENT=2291 DEFAULT CHARSET=utf8mb4 COLLATE=utf8mb4_unicode_ci ROW_FORMAT=DYNAMIC;

-- Dumping data for table matress.country_state_translations: ~2,290 rows (approximately)
REPLACE INTO `country_state_translations` (`id`, `country_state_id`, `locale`, `default_name`) VALUES
	(1, 1, 'ar', 'ألاباما'),
	(2, 2, 'ar', 'ألاسكا'),
	(3, 3, 'ar', 'ساموا الأمريكية'),
	(4, 4, 'ar', 'أريزونا'),
	(5, 5, 'ar', 'أركنساس'),
	(6, 6, 'ar', 'القوات المسلحة أفريقيا'),
	(7, 7, 'ar', 'القوات المسلحة الأمريكية'),
	(8, 8, 'ar', 'القوات المسلحة الكندية'),
	(9, 9, 'ar', 'القوات المسلحة أوروبا'),
	(10, 10, 'ar', 'القوات المسلحة الشرق الأوسط'),
	(11, 11, 'ar', 'القوات المسلحة في المحيط الهادئ'),
	(12, 12, 'ar', 'كاليفورنيا'),
	(13, 13, 'ar', 'كولورادو'),
	(14, 14, 'ar', 'كونيتيكت'),
	(15, 15, 'ar', 'ديلاوير'),
	(16, 16, 'ar', 'مقاطعة كولومبيا'),
	(17, 17, 'ar', 'ولايات ميكرونيزيا الموحدة'),
	(18, 18, 'ar', 'فلوريدا'),
	(19, 19, 'ar', 'جورجيا'),
	(20, 20, 'ar', 'غوام'),
	(21, 21, 'ar', 'هاواي'),
	(22, 22, 'ar', 'ايداهو'),
	(23, 23, 'ar', 'إلينوي'),
	(24, 24, 'ar', 'إنديانا'),
	(25, 25, 'ar', 'أيوا'),
	(26, 26, 'ar', 'كانساس'),
	(27, 27, 'ar', 'كنتاكي'),
	(28, 28, 'ar', 'لويزيانا'),
	(29, 29, 'ar', 'مين'),
	(30, 30, 'ar', 'جزر مارشال'),
	(31, 31, 'ar', 'ماريلاند'),
	(32, 32, 'ar', 'ماساتشوستس'),
	(33, 33, 'ar', 'ميشيغان'),
	(34, 34, 'ar', 'مينيسوتا'),
	(35, 35, 'ar', 'ميسيسيبي'),
	(36, 36, 'ar', 'ميسوري'),
	(37, 37, 'ar', 'مونتانا'),
	(38, 38, 'ar', 'نبراسكا'),
	(39, 39, 'ar', 'نيفادا'),
	(40, 40, 'ar', 'نيو هامبشاير'),
	(41, 41, 'ar', 'نيو جيرسي'),
	(42, 42, 'ar', 'المكسيك جديدة'),
	(43, 43, 'ar', 'نيويورك'),
	(44, 44, 'ar', 'شمال كارولينا'),
	(45, 45, 'ar', 'شمال داكوتا'),
	(46, 46, 'ar', 'جزر مريانا الشمالية'),
	(47, 47, 'ar', 'أوهايو'),
	(48, 48, 'ar', 'أوكلاهوما'),
	(49, 49, 'ar', 'ولاية أوريغون'),
	(50, 50, 'ar', 'بالاو'),
	(51, 51, 'ar', 'بنسلفانيا'),
	(52, 52, 'ar', 'بورتوريكو'),
	(53, 53, 'ar', 'جزيرة رود'),
	(54, 54, 'ar', 'كارولينا الجنوبية'),
	(55, 55, 'ar', 'جنوب داكوتا'),
	(56, 56, 'ar', 'تينيسي'),
	(57, 57, 'ar', 'تكساس'),
	(58, 58, 'ar', 'يوتا'),
	(59, 59, 'ar', 'فيرمونت'),
	(60, 60, 'ar', 'جزر فيرجن'),
	(61, 61, 'ar', 'فرجينيا'),
	(62, 62, 'ar', 'واشنطن'),
	(63, 63, 'ar', 'فرجينيا الغربية'),
	(64, 64, 'ar', 'ولاية ويسكونسن'),
	(65, 65, 'ar', 'وايومنغ'),
	(66, 66, 'ar', 'ألبرتا'),
	(67, 67, 'ar', 'كولومبيا البريطانية'),
	(68, 68, 'ar', 'مانيتوبا'),
	(69, 69, 'ar', 'نيوفاوندلاند ولابرادور'),
	(70, 70, 'ar', 'برونزيك جديد'),
	(71, 71, 'ar', 'مقاطعة نفوفا سكوشيا'),
	(72, 72, 'ar', 'الاقاليم الشمالية الغربية'),
	(73, 73, 'ar', 'نونافوت'),
	(74, 74, 'ar', 'أونتاريو'),
	(75, 75, 'ar', 'جزيرة الأمير ادوارد'),
	(76, 76, 'ar', 'كيبيك'),
	(77, 77, 'ar', 'ساسكاتشوان'),
	(78, 78, 'ar', 'إقليم يوكون'),
	(79, 79, 'ar', 'Niedersachsen'),
	(80, 80, 'ar', 'بادن فورتمبيرغ'),
	(81, 81, 'ar', 'بايرن ميونيخ'),
	(82, 82, 'ar', 'برلين'),
	(83, 83, 'ar', 'براندنبورغ'),
	(84, 84, 'ar', 'بريمن'),
	(85, 85, 'ar', 'هامبورغ'),
	(86, 86, 'ar', 'هيسن'),
	(87, 87, 'ar', 'مكلنبورغ-فوربومرن'),
	(88, 88, 'ar', 'نوردراين فيستفالن'),
	(89, 89, 'ar', 'راينلاند-بفالز'),
	(90, 90, 'ar', 'سارلاند'),
	(91, 91, 'ar', 'ساكسن'),
	(92, 92, 'ar', 'سكسونيا أنهالت'),
	(93, 93, 'ar', 'شليسفيغ هولشتاين'),
	(94, 94, 'ar', 'تورنغن'),
	(95, 95, 'ar', 'فيينا'),
	(96, 96, 'ar', 'النمسا السفلى'),
	(97, 97, 'ar', 'النمسا العليا'),
	(98, 98, 'ar', 'سالزبورغ'),
	(99, 99, 'ar', 'Каринтия'),
	(100, 100, 'ar', 'STEIERMARK'),
	(101, 101, 'ar', 'تيرول'),
	(102, 102, 'ar', 'بورغنلاند'),
	(103, 103, 'ar', 'فورارلبرغ'),
	(104, 104, 'ar', 'أرجاو'),
	(105, 105, 'ar', 'Appenzell Innerrhoden'),
	(106, 106, 'ar', 'أبنزل أوسيرهودن'),
	(107, 107, 'ar', 'برن'),
	(108, 108, 'ar', 'كانتون ريف بازل'),
	(109, 109, 'ar', 'بازل شتات'),
	(110, 110, 'ar', 'فرايبورغ'),
	(111, 111, 'ar', 'Genf'),
	(112, 112, 'ar', 'جلاروس'),
	(113, 113, 'ar', 'غراوبوندن'),
	(114, 114, 'ar', 'العصر الجوارسي أو الجوري'),
	(115, 115, 'ar', 'لوزيرن'),
	(116, 116, 'ar', 'في Neuenburg'),
	(117, 117, 'ar', 'نيدوالدن'),
	(118, 118, 'ar', 'أوبوالدن'),
	(119, 119, 'ar', 'سانت غالن'),
	(120, 120, 'ar', 'شافهاوزن'),
	(121, 121, 'ar', 'سولوتورن'),
	(122, 122, 'ar', 'شفيتس'),
	(123, 123, 'ar', 'ثورجو'),
	(124, 124, 'ar', 'تيتشينو'),
	(125, 125, 'ar', 'أوري'),
	(126, 126, 'ar', 'وادت'),
	(127, 127, 'ar', 'اليس'),
	(128, 128, 'ar', 'زوغ'),
	(129, 129, 'ar', 'زيورخ'),
	(130, 130, 'ar', 'Corunha'),
	(131, 131, 'ar', 'ألافا'),
	(132, 132, 'ar', 'الباسيتي'),
	(133, 133, 'ar', 'اليكانتي'),
	(134, 134, 'ar', 'الميريا'),
	(135, 135, 'ar', 'أستورياس'),
	(136, 136, 'ar', 'أفيلا'),
	(137, 137, 'ar', 'بطليوس'),
	(138, 138, 'ar', 'البليار'),
	(139, 139, 'ar', 'برشلونة'),
	(140, 140, 'ar', 'برغش'),
	(141, 141, 'ar', 'كاسيريس'),
	(142, 142, 'ar', 'كاديز'),
	(143, 143, 'ar', 'كانتابريا'),
	(144, 144, 'ar', 'كاستيلون'),
	(145, 145, 'ar', 'سبتة'),
	(146, 146, 'ar', 'سيوداد ريال'),
	(147, 147, 'ar', 'قرطبة'),
	(148, 148, 'ar', 'كوينكا'),
	(149, 149, 'ar', 'جيرونا'),
	(150, 150, 'ar', 'غرناطة'),
	(151, 151, 'ar', 'غوادالاخارا'),
	(152, 152, 'ar', 'بجويبوزكوا'),
	(153, 153, 'ar', 'هويلفا'),
	(154, 154, 'ar', 'هويسكا'),
	(155, 155, 'ar', 'خاين'),
	(156, 156, 'ar', 'لاريوخا'),
	(157, 157, 'ar', 'لاس بالماس'),
	(158, 158, 'ar', 'ليون'),
	(159, 159, 'ar', 'يدا'),
	(160, 160, 'ar', 'لوغو'),
	(161, 161, 'ar', 'مدريد'),
	(162, 162, 'ar', 'ملقة'),
	(163, 163, 'ar', 'مليلية'),
	(164, 164, 'ar', 'مورسيا'),
	(165, 165, 'ar', 'نافارا'),
	(166, 166, 'ar', 'أورينس'),
	(167, 167, 'ar', 'بلنسية'),
	(168, 168, 'ar', 'بونتيفيدرا'),
	(169, 169, 'ar', 'سالامانكا'),
	(170, 170, 'ar', 'سانتا كروز دي تينيريفي'),
	(171, 171, 'ar', 'سيغوفيا'),
	(172, 172, 'ar', 'اشبيلية'),
	(173, 173, 'ar', 'سوريا'),
	(174, 174, 'ar', 'تاراغونا'),
	(175, 175, 'ar', 'تيرويل'),
	(176, 176, 'ar', 'توليدو'),
	(177, 177, 'ar', 'فالنسيا'),
	(178, 178, 'ar', 'بلد الوليد'),
	(179, 179, 'ar', 'فيزكايا'),
	(180, 180, 'ar', 'زامورا'),
	(181, 181, 'ar', 'سرقسطة'),
	(182, 182, 'ar', 'عين'),
	(183, 183, 'ar', 'أيسن'),
	(184, 184, 'ar', 'اليي'),
	(185, 185, 'ar', 'ألب البروفنس العليا'),
	(186, 186, 'ar', 'أوتس ألب'),
	(187, 187, 'ar', 'ألب ماريتيم'),
	(188, 188, 'ar', 'ARDECHE'),
	(189, 189, 'ar', 'Ardennes'),
	(190, 190, 'ar', 'آردن'),
	(191, 191, 'ar', 'أوب'),
	(192, 192, 'ar', 'اود'),
	(193, 193, 'ar', 'أفيرون'),
	(194, 194, 'ar', 'بوكاس دو رون'),
	(195, 195, 'ar', 'كالفادوس'),
	(196, 196, 'ar', 'كانتال'),
	(197, 197, 'ar', 'شارانت'),
	(198, 198, 'ar', 'سيين إت مارن'),
	(199, 199, 'ar', 'شير'),
	(200, 200, 'ar', 'كوريز'),
	(201, 201, 'ar', 'سود كورس-دو-'),
	(202, 202, 'ar', 'هوت كورس'),
	(203, 203, 'ar', 'كوستا دوركوريز'),
	(204, 204, 'ar', 'كوتس دورمور'),
	(205, 205, 'ar', 'كروز'),
	(206, 206, 'ar', 'دوردوني'),
	(207, 207, 'ar', 'دوبس'),
	(208, 208, 'ar', 'DrômeFinistère'),
	(209, 209, 'ar', 'أور'),
	(210, 210, 'ar', 'أور ولوار'),
	(211, 211, 'ar', 'فينيستير'),
	(212, 212, 'ar', 'جارد'),
	(213, 213, 'ar', 'هوت غارون'),
	(214, 214, 'ar', 'الخيام'),
	(215, 215, 'ar', 'جيروند'),
	(216, 216, 'ar', 'هيرولت'),
	(217, 217, 'ar', 'إيل وفيلان'),
	(218, 218, 'ar', 'إندر'),
	(219, 219, 'ar', 'أندر ولوار'),
	(220, 220, 'ar', 'إيسر'),
	(221, 221, 'ar', 'العصر الجوارسي أو الجوري'),
	(222, 222, 'ar', 'اندز'),
	(223, 223, 'ar', 'لوار وشير'),
	(224, 224, 'ar', 'لوار'),
	(225, 225, 'ar', 'هوت-لوار'),
	(226, 226, 'ar', 'وار أتلانتيك'),
	(227, 227, 'ar', 'لورا'),
	(228, 228, 'ar', 'كثيرا'),
	(229, 229, 'ar', 'الكثير غارون'),
	(230, 230, 'ar', 'لوزر'),
	(231, 231, 'ar', 'مين-إي-لوار'),
	(232, 232, 'ar', 'المانش'),
	(233, 233, 'ar', 'مارن'),
	(234, 234, 'ar', 'هوت مارن'),
	(235, 235, 'ar', 'مايين'),
	(236, 236, 'ar', 'مورت وموزيل'),
	(237, 237, 'ar', 'ميوز'),
	(238, 238, 'ar', 'موربيهان'),
	(239, 239, 'ar', 'موسيل'),
	(240, 240, 'ar', 'نيفر'),
	(241, 241, 'ar', 'نورد'),
	(242, 242, 'ar', 'إيل دو فرانس'),
	(243, 243, 'ar', 'أورن'),
	(244, 244, 'ar', 'با-دو-كاليه'),
	(245, 245, 'ar', 'بوي دي دوم'),
	(246, 246, 'ar', 'البرانيس ​​الأطلسية'),
	(247, 247, 'ar', 'أوتس-بيرينيهs'),
	(248, 248, 'ar', 'بيرينيه-أورينتال'),
	(249, 249, 'ar', 'بس رين'),
	(250, 250, 'ar', 'أوت رين'),
	(251, 251, 'ar', 'رون [3]'),
	(252, 252, 'ar', 'هوت-سون'),
	(253, 253, 'ar', 'سون ولوار'),
	(254, 254, 'ar', 'سارت'),
	(255, 255, 'ar', 'سافوا'),
	(256, 256, 'ar', 'هاوت سافوي'),
	(257, 257, 'ar', 'باريس'),
	(258, 258, 'ar', 'سين البحرية'),
	(259, 259, 'ar', 'سيين إت مارن'),
	(260, 260, 'ar', 'إيفلين'),
	(261, 261, 'ar', 'دوكس سفرس'),
	(262, 262, 'ar', 'السوم'),
	(263, 263, 'ar', 'تارن'),
	(264, 264, 'ar', 'تارن وغارون'),
	(265, 265, 'ar', 'فار'),
	(266, 266, 'ar', 'فوكلوز'),
	(267, 267, 'ar', 'تارن'),
	(268, 268, 'ar', 'فيين'),
	(269, 269, 'ar', 'هوت فيين'),
	(270, 270, 'ar', 'الفوج'),
	(271, 271, 'ar', 'يون'),
	(272, 272, 'ar', 'تيريتوير-دي-بلفور'),
	(273, 273, 'ar', 'إيسون'),
	(274, 274, 'ar', 'هوت دو سين'),
	(275, 275, 'ar', 'سين سان دوني'),
	(276, 276, 'ar', 'فال دو مارن'),
	(277, 277, 'ar', 'فال دواز'),
	(278, 278, 'ar', 'ألبا'),
	(279, 279, 'ar', 'اراد'),
	(280, 280, 'ar', 'ARGES'),
	(281, 281, 'ar', 'باكاو'),
	(282, 282, 'ar', 'بيهور'),
	(283, 283, 'ar', 'بيستريتا ناسود'),
	(284, 284, 'ar', 'بوتوساني'),
	(285, 285, 'ar', 'براشوف'),
	(286, 286, 'ar', 'برايلا'),
	(287, 287, 'ar', 'بوخارست'),
	(288, 288, 'ar', 'بوزاو'),
	(289, 289, 'ar', 'كاراس سيفيرين'),
	(290, 290, 'ar', 'كالاراسي'),
	(291, 291, 'ar', 'كلوج'),
	(292, 292, 'ar', 'كونستانتا'),
	(293, 293, 'ar', 'كوفاسنا'),
	(294, 294, 'ar', 'دامبوفيتا'),
	(295, 295, 'ar', 'دولج'),
	(296, 296, 'ar', 'جالاتي'),
	(297, 297, 'ar', 'Giurgiu'),
	(298, 298, 'ar', 'غيورغيو'),
	(299, 299, 'ar', 'هارغيتا'),
	(300, 300, 'ar', 'هونيدوارا'),
	(301, 301, 'ar', 'ايالوميتا'),
	(302, 302, 'ar', 'ياشي'),
	(303, 303, 'ar', 'إيلفوف'),
	(304, 304, 'ar', 'مارامريس'),
	(305, 305, 'ar', 'MEHEDINTI'),
	(306, 306, 'ar', 'موريس'),
	(307, 307, 'ar', 'نيامتس'),
	(308, 308, 'ar', 'أولت'),
	(309, 309, 'ar', 'براهوفا'),
	(310, 310, 'ar', 'ساتو ماري'),
	(311, 311, 'ar', 'سالاج'),
	(312, 312, 'ar', 'سيبيو'),
	(313, 313, 'ar', 'سوسيفا'),
	(314, 314, 'ar', 'تيليورمان'),
	(315, 315, 'ar', 'تيم هو'),
	(316, 316, 'ar', 'تولسيا'),
	(317, 317, 'ar', 'فاسلوي'),
	(318, 318, 'ar', 'فالسيا'),
	(319, 319, 'ar', 'فرانتشا'),
	(320, 320, 'ar', 'Lappi'),
	(321, 321, 'ar', 'Pohjois-Pohjanmaa'),
	(322, 322, 'ar', 'كاينو'),
	(323, 323, 'ar', 'Pohjois-كارجالا'),
	(324, 324, 'ar', 'Pohjois-سافو'),
	(325, 325, 'ar', 'Etelä-سافو'),
	(326, 326, 'ar', 'Etelä-Pohjanmaa'),
	(327, 327, 'ar', 'Pohjanmaa'),
	(328, 328, 'ar', 'بيركنما'),
	(329, 329, 'ar', 'ساتا كونتا'),
	(330, 330, 'ar', 'كسكي-Pohjanmaa'),
	(331, 331, 'ar', 'كسكي-سومي'),
	(332, 332, 'ar', 'Varsinais-سومي'),
	(333, 333, 'ar', 'Etelä-كارجالا'),
	(334, 334, 'ar', 'Päijät-Häme'),
	(335, 335, 'ar', 'كانتا-HAME'),
	(336, 336, 'ar', 'أوسيما'),
	(337, 337, 'ar', 'أوسيما'),
	(338, 338, 'ar', 'كومنلاكسو'),
	(339, 339, 'ar', 'Ahvenanmaa'),
	(340, 340, 'ar', 'Harjumaa'),
	(341, 341, 'ar', 'هيوما'),
	(342, 342, 'ar', 'المؤسسة الدولية للتنمية فيروما'),
	(343, 343, 'ar', 'جوغفما'),
	(344, 344, 'ar', 'يارفا'),
	(345, 345, 'ar', 'انيما'),
	(346, 346, 'ar', 'اني فيريوما'),
	(347, 347, 'ar', 'بولفاما'),
	(348, 348, 'ar', 'بارنوما'),
	(349, 349, 'ar', 'Raplamaa'),
	(350, 350, 'ar', 'Saaremaa'),
	(351, 351, 'ar', 'Tartumaa'),
	(352, 352, 'ar', 'Valgamaa'),
	(353, 353, 'ar', 'Viljandimaa'),
	(354, 354, 'ar', 'روايات Salacgr novvas'),
	(355, 355, 'ar', 'داوجافبيلس'),
	(356, 356, 'ar', 'يلغافا'),
	(357, 357, 'ar', 'يكاب'),
	(358, 358, 'ar', 'يورمال'),
	(359, 359, 'ar', 'يابايا'),
	(360, 360, 'ar', 'ليباج أبريس'),
	(361, 361, 'ar', 'ريزكن'),
	(362, 362, 'ar', 'ريغا'),
	(363, 363, 'ar', 'مقاطعة ريغا'),
	(364, 364, 'ar', 'فالميرا'),
	(365, 365, 'ar', 'فنتسبيلز'),
	(366, 366, 'ar', 'روايات Aglonas'),
	(367, 367, 'ar', 'Aizkraukles novads'),
	(368, 368, 'ar', 'Aizkraukles novads'),
	(369, 369, 'ar', 'Aknīstes novads'),
	(370, 370, 'ar', 'Alojas novads'),
	(371, 371, 'ar', 'روايات Alsungas'),
	(372, 372, 'ar', 'ألكسنس أبريز'),
	(373, 373, 'ar', 'روايات أماتاس'),
	(374, 374, 'ar', 'قرود الروايات'),
	(375, 375, 'ar', 'روايات أوسيس'),
	(376, 376, 'ar', 'بابيت الروايات'),
	(377, 377, 'ar', 'Baldones الروايات'),
	(378, 378, 'ar', 'بالتينافاس الروايات'),
	(379, 379, 'ar', 'روايات بالفو'),
	(380, 380, 'ar', 'Bauskas الروايات'),
	(381, 381, 'ar', 'Beverīnas novads'),
	(382, 382, 'ar', 'Novads Brocēnu'),
	(383, 383, 'ar', 'Novads Burtnieku'),
	(384, 384, 'ar', 'Carnikavas novads'),
	(385, 385, 'ar', 'Cesvaines novads'),
	(386, 386, 'ar', 'Ciblas novads'),
	(387, 387, 'ar', 'تسو أبريس'),
	(388, 388, 'ar', 'Dagdas novads'),
	(389, 389, 'ar', 'Daugavpils novads'),
	(390, 390, 'ar', 'روايات دوبيليس'),
	(391, 391, 'ar', 'ديربيس الروايات'),
	(392, 392, 'ar', 'ديربيس الروايات'),
	(393, 393, 'ar', 'يشرك الروايات'),
	(394, 394, 'ar', 'Garkalnes novads'),
	(395, 395, 'ar', 'Grobiņas novads'),
	(396, 396, 'ar', 'غولبينيس الروايات'),
	(397, 397, 'ar', 'إيكافاس روايات'),
	(398, 398, 'ar', 'Ikškiles novads'),
	(399, 399, 'ar', 'Ilūkstes novads'),
	(400, 400, 'ar', 'روايات Inčukalna'),
	(401, 401, 'ar', 'Jaunjelgavas novads'),
	(402, 402, 'ar', 'Jaunpiebalgas novads'),
	(403, 403, 'ar', 'روايات Jaunpiebalgas'),
	(404, 404, 'ar', 'Jelgavas novads'),
	(405, 405, 'ar', 'جيكابيلس أبريز'),
	(406, 406, 'ar', 'روايات كاندافاس'),
	(407, 407, 'ar', 'Kokneses الروايات'),
	(408, 408, 'ar', 'Krimuldas novads'),
	(409, 409, 'ar', 'Krustpils الروايات'),
	(410, 410, 'ar', 'Krāslavas Apriņķis'),
	(411, 411, 'ar', 'كولدوغاس أبريز'),
	(412, 412, 'ar', 'Kārsavas novads'),
	(413, 413, 'ar', 'روايات ييلفاريس'),
	(414, 414, 'ar', 'ليمباو أبريز'),
	(415, 415, 'ar', 'روايات لباناس'),
	(416, 416, 'ar', 'روايات لودزاس'),
	(417, 417, 'ar', 'مقاطعة ليجاتني'),
	(418, 418, 'ar', 'مقاطعة ليفاني'),
	(419, 419, 'ar', 'مادونا روايات'),
	(420, 420, 'ar', 'Mazsalacas novads'),
	(421, 421, 'ar', 'روايات مالبلز'),
	(422, 422, 'ar', 'Mārupes novads'),
	(423, 423, 'ar', 'نوفاو نوكشنو'),
	(424, 424, 'ar', 'روايات نيريتاس'),
	(425, 425, 'ar', 'روايات نيكاس'),
	(426, 426, 'ar', 'أغنام الروايات'),
	(427, 427, 'ar', 'أولينيس الروايات'),
	(428, 428, 'ar', 'روايات Ozolnieku'),
	(429, 429, 'ar', 'بريسيو أبرييس'),
	(430, 430, 'ar', 'Priekules الروايات'),
	(431, 431, 'ar', 'كوندادو دي بريكوي'),
	(432, 432, 'ar', 'Pärgaujas novads'),
	(433, 433, 'ar', 'روايات بافيلوستاس'),
	(434, 434, 'ar', 'بلافيناس مقاطعة'),
	(435, 435, 'ar', 'روناس روايات'),
	(436, 436, 'ar', 'Riebiņu novads'),
	(437, 437, 'ar', 'روجاس روايات'),
	(438, 438, 'ar', 'Novads روباو'),
	(439, 439, 'ar', 'روكافاس روايات'),
	(440, 440, 'ar', 'روغاجو روايات'),
	(441, 441, 'ar', 'رندلس الروايات'),
	(442, 442, 'ar', 'Radzeknes novads'),
	(443, 443, 'ar', 'Rūjienas novads'),
	(444, 444, 'ar', 'بلدية سالاسغريفا'),
	(445, 445, 'ar', 'روايات سالاس'),
	(446, 446, 'ar', 'Salaspils novads'),
	(447, 447, 'ar', 'روايات سالدوس'),
	(448, 448, 'ar', 'Novuls Saulkrastu'),
	(449, 449, 'ar', 'سيغولداس روايات'),
	(450, 450, 'ar', 'Skrundas novads'),
	(451, 451, 'ar', 'مقاطعة Skrīveri'),
	(452, 452, 'ar', 'يبتسم الروايات'),
	(453, 453, 'ar', 'روايات Stopiņu'),
	(454, 454, 'ar', 'روايات Stren novu'),
	(455, 455, 'ar', 'سجاس روايات'),
	(456, 456, 'ar', 'روايات تالسو'),
	(457, 457, 'ar', 'توكوما الروايات'),
	(458, 458, 'ar', 'Tērvetes novads'),
	(459, 459, 'ar', 'Vaiņodes novads'),
	(460, 460, 'ar', 'فالكاس الروايات'),
	(461, 461, 'ar', 'فالميراس الروايات'),
	(462, 462, 'ar', 'مقاطعة فاكلاني'),
	(463, 463, 'ar', 'Vecpiebalgas novads'),
	(464, 464, 'ar', 'روايات Vecumnieku'),
	(465, 465, 'ar', 'فنتسبيلس الروايات'),
	(466, 466, 'ar', 'Viesītes Novads'),
	(467, 467, 'ar', 'Viļakas novads'),
	(468, 468, 'ar', 'روايات فيناو'),
	(469, 469, 'ar', 'Vārkavas novads'),
	(470, 470, 'ar', 'روايات زيلوبس'),
	(471, 471, 'ar', 'مقاطعة أدازي'),
	(472, 472, 'ar', 'مقاطعة Erglu'),
	(473, 473, 'ar', 'مقاطعة كيغمس'),
	(474, 474, 'ar', 'مقاطعة كيكافا'),
	(475, 475, 'ar', 'Alytaus Apskritis'),
	(476, 476, 'ar', 'كاونو ابكريتيس'),
	(477, 477, 'ar', 'Klaipėdos apskritis'),
	(478, 478, 'ar', 'Marijampol\'s apskritis'),
	(479, 479, 'ar', 'Panevėžio apskritis'),
	(480, 480, 'ar', 'uliaulių apskritis'),
	(481, 481, 'ar', 'Taurag\'s apskritis'),
	(482, 482, 'ar', 'Telšių apskritis'),
	(483, 483, 'ar', 'Utenos apskritis'),
	(484, 484, 'ar', 'فيلنياوس ابكريتيس'),
	(485, 485, 'ar', 'فدان'),
	(486, 486, 'ar', 'ألاغواس'),
	(487, 487, 'ar', 'أمابا'),
	(488, 488, 'ar', 'أمازوناس'),
	(489, 489, 'ar', 'باهيا'),
	(490, 490, 'ar', 'سيارا'),
	(491, 491, 'ar', 'إسبيريتو سانتو'),
	(492, 492, 'ar', 'غوياس'),
	(493, 493, 'ar', 'مارانهاو'),
	(494, 494, 'ar', 'ماتو جروسو'),
	(495, 495, 'ar', 'ماتو جروسو دو سول'),
	(496, 496, 'ar', 'ميناس جريس'),
	(497, 497, 'ar', 'بارا'),
	(498, 498, 'ar', 'بارايبا'),
	(499, 499, 'ar', 'بارانا'),
	(500, 500, 'ar', 'بيرنامبوكو'),
	(501, 501, 'ar', 'بياوي'),
	(502, 502, 'ar', 'ريو دي جانيرو'),
	(503, 503, 'ar', 'ريو غراندي دو نورتي'),
	(504, 504, 'ar', 'ريو غراندي دو سول'),
	(505, 505, 'ar', 'روندونيا'),
	(506, 506, 'ar', 'رورايما'),
	(507, 507, 'ar', 'سانتا كاتارينا'),
	(508, 508, 'ar', 'ساو باولو'),
	(509, 509, 'ar', 'سيرغيبي'),
	(510, 510, 'ar', 'توكانتينز'),
	(511, 511, 'ar', 'وفي مقاطعة الاتحادية'),
	(512, 512, 'ar', 'Zagrebačka زوبانيا'),
	(513, 513, 'ar', 'Krapinsko-zagorska زوبانيا'),
	(514, 514, 'ar', 'Sisačko-moslavačka زوبانيا'),
	(515, 515, 'ar', 'كارلوفيتش شوبانيا'),
	(516, 516, 'ar', 'فارادينسكا زوبانيجا'),
	(517, 517, 'ar', 'Koprivničko-križevačka زوبانيجا'),
	(518, 518, 'ar', 'بيلوفارسكو-بيلوجورسكا'),
	(519, 519, 'ar', 'بريمورسكو غورانسكا سوبانيا'),
	(520, 520, 'ar', 'ليكو سينيسكا زوبانيا'),
	(521, 521, 'ar', 'Virovitičko-podravska زوبانيا'),
	(522, 522, 'ar', 'Požeško-slavonska županija'),
	(523, 523, 'ar', 'Brodsko-posavska županija'),
	(524, 524, 'ar', 'زادارسكا زوبانيجا'),
	(525, 525, 'ar', 'Osječko-baranjska županija'),
	(526, 526, 'ar', 'شيبنسكو-كنينسكا سوبانيا'),
	(527, 527, 'ar', 'Virovitičko-podravska زوبانيا'),
	(528, 528, 'ar', 'Splitsko-dalmatinska زوبانيا'),
	(529, 529, 'ar', 'Istarska زوبانيا'),
	(530, 530, 'ar', 'Dubrovačko-neretvanska زوبانيا'),
	(531, 531, 'ar', 'Međimurska زوبانيا'),
	(532, 532, 'ar', 'غراد زغرب'),
	(533, 533, 'ar', 'جزر أندامان ونيكوبار'),
	(534, 534, 'ar', 'ولاية اندرا براديش'),
	(535, 535, 'ar', 'اروناتشال براديش'),
	(536, 536, 'ar', 'أسام'),
	(537, 537, 'ar', 'بيهار'),
	(538, 538, 'ar', 'شانديغار'),
	(539, 539, 'ar', 'تشهاتيسجاره'),
	(540, 540, 'ar', 'دادرا ونجار هافيلي'),
	(541, 541, 'ar', 'دامان وديو'),
	(542, 542, 'ar', 'دلهي'),
	(543, 543, 'ar', 'غوا'),
	(544, 544, 'ar', 'غوجارات'),
	(545, 545, 'ar', 'هاريانا'),
	(546, 546, 'ar', 'هيماشال براديش'),
	(547, 547, 'ar', 'جامو وكشمير'),
	(548, 548, 'ar', 'جهارخاند'),
	(549, 549, 'ar', 'كارناتاكا'),
	(550, 550, 'ar', 'ولاية كيرالا'),
	(551, 551, 'ar', 'اكشادويب'),
	(552, 552, 'ar', 'ماديا براديش'),
	(553, 553, 'ar', 'ماهاراشترا'),
	(554, 554, 'ar', 'مانيبور'),
	(555, 555, 'ar', 'ميغالايا'),
	(556, 556, 'ar', 'ميزورام'),
	(557, 557, 'ar', 'ناجالاند'),
	(558, 558, 'ar', 'أوديشا'),
	(559, 559, 'ar', 'بودوتشيري'),
	(560, 560, 'ar', 'البنجاب'),
	(561, 561, 'ar', 'راجستان'),
	(562, 562, 'ar', 'سيكيم'),
	(563, 563, 'ar', 'تاميل نادو'),
	(564, 564, 'ar', 'تيلانجانا'),
	(565, 565, 'ar', 'تريبورا'),
	(566, 566, 'ar', 'ولاية اوتار براديش'),
	(567, 567, 'ar', 'أوتارانتشال'),
	(568, 568, 'ar', 'البنغال الغربية'),
	(569, 1, 'es', 'Alabama'),
	(570, 2, 'es', 'Alaska'),
	(571, 3, 'es', 'American Samoa'),
	(572, 4, 'es', 'Arizona'),
	(573, 5, 'es', 'Arkansas'),
	(574, 6, 'es', 'Armed Forces Africa'),
	(575, 7, 'es', 'Armed Forces Americas'),
	(576, 8, 'es', 'Armed Forces Canada'),
	(577, 9, 'es', 'Armed Forces Europe'),
	(578, 10, 'es', 'Armed Forces Middle East'),
	(579, 11, 'es', 'Armed Forces Pacific'),
	(580, 12, 'es', 'California'),
	(581, 13, 'es', 'Colorado'),
	(582, 14, 'es', 'Connecticut'),
	(583, 15, 'es', 'Delaware'),
	(584, 16, 'es', 'District of Columbia'),
	(585, 17, 'es', 'Federated States Of Micronesia'),
	(586, 18, 'es', 'Florida'),
	(587, 19, 'es', 'Georgia'),
	(588, 20, 'es', 'Guam'),
	(589, 21, 'es', 'Hawaii'),
	(590, 22, 'es', 'Idaho'),
	(591, 23, 'es', 'Illinois'),
	(592, 24, 'es', 'Indiana'),
	(593, 25, 'es', 'Iowa'),
	(594, 26, 'es', 'Kansas'),
	(595, 27, 'es', 'Kentucky'),
	(596, 28, 'es', 'Louisiana'),
	(597, 29, 'es', 'Maine'),
	(598, 30, 'es', 'Marshall Islands'),
	(599, 31, 'es', 'Maryland'),
	(600, 32, 'es', 'Massachusetts'),
	(601, 33, 'es', 'Michigan'),
	(602, 34, 'es', 'Minnesota'),
	(603, 35, 'es', 'Mississippi'),
	(604, 36, 'es', 'Missouri'),
	(605, 37, 'es', 'Montana'),
	(606, 38, 'es', 'Nebraska'),
	(607, 39, 'es', 'Nevada'),
	(608, 40, 'es', 'New Hampshire'),
	(609, 41, 'es', 'New Jersey'),
	(610, 42, 'es', 'New Mexico'),
	(611, 43, 'es', 'New York'),
	(612, 44, 'es', 'North Carolina'),
	(613, 45, 'es', 'North Dakota'),
	(614, 46, 'es', 'Northern Mariana Islands'),
	(615, 47, 'es', 'Ohio'),
	(616, 48, 'es', 'Oklahoma'),
	(617, 49, 'es', 'Oregon'),
	(618, 50, 'es', 'Palau'),
	(619, 51, 'es', 'Pennsylvania'),
	(620, 52, 'es', 'Puerto Rico'),
	(621, 53, 'es', 'Rhode Island'),
	(622, 54, 'es', 'South Carolina'),
	(623, 55, 'es', 'South Dakota'),
	(624, 56, 'es', 'Tennessee'),
	(625, 57, 'es', 'Texas'),
	(626, 58, 'es', 'Utah'),
	(627, 59, 'es', 'Vermont'),
	(628, 60, 'es', 'Virgin Islands'),
	(629, 61, 'es', 'Virginia'),
	(630, 62, 'es', 'Washington'),
	(631, 63, 'es', 'West Virginia'),
	(632, 64, 'es', 'Wisconsin'),
	(633, 65, 'es', 'Wyoming'),
	(634, 66, 'es', 'Alberta'),
	(635, 67, 'es', 'British Columbia'),
	(636, 68, 'es', 'Manitoba'),
	(637, 69, 'es', 'Newfoundland and Labrador'),
	(638, 70, 'es', 'New Brunswick'),
	(639, 71, 'es', 'Nova Scotia'),
	(640, 72, 'es', 'Northwest Territories'),
	(641, 73, 'es', 'Nunavut'),
	(642, 74, 'es', 'Ontario'),
	(643, 75, 'es', 'Prince Edward Island'),
	(644, 76, 'es', 'Quebec'),
	(645, 77, 'es', 'Saskatchewan'),
	(646, 78, 'es', 'Yukon Territory'),
	(647, 79, 'es', 'Niedersachsen'),
	(648, 80, 'es', 'Baden-Württemberg'),
	(649, 81, 'es', 'Bayern'),
	(650, 82, 'es', 'Berlin'),
	(651, 83, 'es', 'Brandenburg'),
	(652, 84, 'es', 'Bremen'),
	(653, 85, 'es', 'Hamburg'),
	(654, 86, 'es', 'Hessen'),
	(655, 87, 'es', 'Mecklenburg-Vorpommern'),
	(656, 88, 'es', 'Nordrhein-Westfalen'),
	(657, 89, 'es', 'Rheinland-Pfalz'),
	(658, 90, 'es', 'Saarland'),
	(659, 91, 'es', 'Sachsen'),
	(660, 92, 'es', 'Sachsen-Anhalt'),
	(661, 93, 'es', 'Schleswig-Holstein'),
	(662, 94, 'es', 'Thüringen'),
	(663, 95, 'es', 'Wien'),
	(664, 96, 'es', 'Niederösterreich'),
	(665, 97, 'es', 'Oberösterreich'),
	(666, 98, 'es', 'Salzburg'),
	(667, 99, 'es', 'Kärnten'),
	(668, 100, 'es', 'Steiermark'),
	(669, 101, 'es', 'Tirol'),
	(670, 102, 'es', 'Burgenland'),
	(671, 103, 'es', 'Vorarlberg'),
	(672, 104, 'es', 'Aargau'),
	(673, 105, 'es', 'Appenzell Innerrhoden'),
	(674, 106, 'es', 'Appenzell Ausserrhoden'),
	(675, 107, 'es', 'Bern'),
	(676, 108, 'es', 'Basel-Landschaft'),
	(677, 109, 'es', 'Basel-Stadt'),
	(678, 110, 'es', 'Freiburg'),
	(679, 111, 'es', 'Genf'),
	(680, 112, 'es', 'Glarus'),
	(681, 113, 'es', 'Graubünden'),
	(682, 114, 'es', 'Jura'),
	(683, 115, 'es', 'Luzern'),
	(684, 116, 'es', 'Neuenburg'),
	(685, 117, 'es', 'Nidwalden'),
	(686, 118, 'es', 'Obwalden'),
	(687, 119, 'es', 'St. Gallen'),
	(688, 120, 'es', 'Schaffhausen'),
	(689, 121, 'es', 'Solothurn'),
	(690, 122, 'es', 'Schwyz'),
	(691, 123, 'es', 'Thurgau'),
	(692, 124, 'es', 'Tessin'),
	(693, 125, 'es', 'Uri'),
	(694, 126, 'es', 'Waadt'),
	(695, 127, 'es', 'Wallis'),
	(696, 128, 'es', 'Zug'),
	(697, 129, 'es', 'Zürich'),
	(698, 130, 'es', 'La Coruña'),
	(699, 131, 'es', 'Álava'),
	(700, 132, 'es', 'Albacete'),
	(701, 133, 'es', 'Alicante'),
	(702, 134, 'es', 'Almería'),
	(703, 135, 'es', 'Asturias'),
	(704, 136, 'es', 'Ávila'),
	(705, 137, 'es', 'Badajoz'),
	(706, 138, 'es', 'Baleares'),
	(707, 139, 'es', 'Barcelona'),
	(708, 140, 'es', 'Burgos'),
	(709, 141, 'es', 'Cáceres'),
	(710, 142, 'es', 'Cádiz'),
	(711, 143, 'es', 'Cantabria'),
	(712, 144, 'es', 'Castellón'),
	(713, 145, 'es', 'Ceuta'),
	(714, 146, 'es', 'Ciudad Real'),
	(715, 147, 'es', 'Córdoba'),
	(716, 148, 'es', 'Cuenca'),
	(717, 149, 'es', 'Gerona'),
	(718, 150, 'es', 'Granada'),
	(719, 151, 'es', 'Guadalajara'),
	(720, 152, 'es', 'Guipúzcoa'),
	(721, 153, 'es', 'Huelva'),
	(722, 154, 'es', 'Huesca'),
	(723, 155, 'es', 'Jaén'),
	(724, 156, 'es', 'La Rioja'),
	(725, 157, 'es', 'Las Palmas'),
	(726, 158, 'es', 'León'),
	(727, 159, 'es', 'Lérida'),
	(728, 160, 'es', 'Lugo'),
	(729, 161, 'es', 'Madrid'),
	(730, 162, 'es', 'Málaga'),
	(731, 163, 'es', 'Melilla'),
	(732, 164, 'es', 'Murcia'),
	(733, 165, 'es', 'Navarra'),
	(734, 166, 'es', 'Orense'),
	(735, 167, 'es', 'Palencia'),
	(736, 168, 'es', 'Pontevedra'),
	(737, 169, 'es', 'Salamanca'),
	(738, 170, 'es', 'Santa Cruz de Tenerife'),
	(739, 171, 'es', 'Segovia'),
	(740, 172, 'es', 'Sevilla'),
	(741, 173, 'es', 'Soria'),
	(742, 174, 'es', 'Tarragona'),
	(743, 175, 'es', 'Teruel'),
	(744, 176, 'es', 'Toledo'),
	(745, 177, 'es', 'Valencia'),
	(746, 178, 'es', 'Valladolid'),
	(747, 179, 'es', 'Vizcaya'),
	(748, 180, 'es', 'Zamora'),
	(749, 181, 'es', 'Zaragoza'),
	(750, 182, 'es', 'Ain'),
	(751, 183, 'es', 'Aisne'),
	(752, 184, 'es', 'Allier'),
	(753, 185, 'es', 'Alpes-de-Haute-Provence'),
	(754, 186, 'es', 'Hautes-Alpes'),
	(755, 187, 'es', 'Alpes-Maritimes'),
	(756, 188, 'es', 'Ardèche'),
	(757, 189, 'es', 'Ardennes'),
	(758, 190, 'es', 'Ariège'),
	(759, 191, 'es', 'Aube'),
	(760, 192, 'es', 'Aude'),
	(761, 193, 'es', 'Aveyron'),
	(762, 194, 'es', 'Bouches-du-Rhône'),
	(763, 195, 'es', 'Calvados'),
	(764, 196, 'es', 'Cantal'),
	(765, 197, 'es', 'Charente'),
	(766, 198, 'es', 'Charente-Maritime'),
	(767, 199, 'es', 'Cher'),
	(768, 200, 'es', 'Corrèze'),
	(769, 201, 'es', 'Corse-du-Sud'),
	(770, 202, 'es', 'Haute-Corse'),
	(771, 203, 'es', 'Côte-d\'Or'),
	(772, 204, 'es', 'Côtes-d\'Armor'),
	(773, 205, 'es', 'Creuse'),
	(774, 206, 'es', 'Dordogne'),
	(775, 207, 'es', 'Doubs'),
	(776, 208, 'es', 'Drôme'),
	(777, 209, 'es', 'Eure'),
	(778, 210, 'es', 'Eure-et-Loir'),
	(779, 211, 'es', 'Finistère'),
	(780, 212, 'es', 'Gard'),
	(781, 213, 'es', 'Haute-Garonne'),
	(782, 214, 'es', 'Gers'),
	(783, 215, 'es', 'Gironde'),
	(784, 216, 'es', 'Hérault'),
	(785, 217, 'es', 'Ille-et-Vilaine'),
	(786, 218, 'es', 'Indre'),
	(787, 219, 'es', 'Indre-et-Loire'),
	(788, 220, 'es', 'Isère'),
	(789, 221, 'es', 'Jura'),
	(790, 222, 'es', 'Landes'),
	(791, 223, 'es', 'Loir-et-Cher'),
	(792, 224, 'es', 'Loire'),
	(793, 225, 'es', 'Haute-Loire'),
	(794, 226, 'es', 'Loire-Atlantique'),
	(795, 227, 'es', 'Loiret'),
	(796, 228, 'es', 'Lot'),
	(797, 229, 'es', 'Lot-et-Garonne'),
	(798, 230, 'es', 'Lozère'),
	(799, 231, 'es', 'Maine-et-Loire'),
	(800, 232, 'es', 'Manche'),
	(801, 233, 'es', 'Marne'),
	(802, 234, 'es', 'Haute-Marne'),
	(803, 235, 'es', 'Mayenne'),
	(804, 236, 'es', 'Meurthe-et-Moselle'),
	(805, 237, 'es', 'Meuse'),
	(806, 238, 'es', 'Morbihan'),
	(807, 239, 'es', 'Moselle'),
	(808, 240, 'es', 'Nièvre'),
	(809, 241, 'es', 'Nord'),
	(810, 242, 'es', 'Oise'),
	(811, 243, 'es', 'Orne'),
	(812, 244, 'es', 'Pas-de-Calais'),
	(813, 245, 'es', 'Puy-de-Dôme'),
	(814, 246, 'es', 'Pyrénées-Atlantiques'),
	(815, 247, 'es', 'Hautes-Pyrénées'),
	(816, 248, 'es', 'Pyrénées-Orientales'),
	(817, 249, 'es', 'Bas-Rhin'),
	(818, 250, 'es', 'Haut-Rhin'),
	(819, 251, 'es', 'Rhône'),
	(820, 252, 'es', 'Haute-Saône'),
	(821, 253, 'es', 'Saône-et-Loire'),
	(822, 254, 'es', 'Sarthe'),
	(823, 255, 'es', 'Savoie'),
	(824, 256, 'es', 'Haute-Savoie'),
	(825, 257, 'es', 'Paris'),
	(826, 258, 'es', 'Seine-Maritime'),
	(827, 259, 'es', 'Seine-et-Marne'),
	(828, 260, 'es', 'Yvelines'),
	(829, 261, 'es', 'Deux-Sèvres'),
	(830, 262, 'es', 'Somme'),
	(831, 263, 'es', 'Tarn'),
	(832, 264, 'es', 'Tarn-et-Garonne'),
	(833, 265, 'es', 'Var'),
	(834, 266, 'es', 'Vaucluse'),
	(835, 267, 'es', 'Vendée'),
	(836, 268, 'es', 'Vienne'),
	(837, 269, 'es', 'Haute-Vienne'),
	(838, 270, 'es', 'Vosges'),
	(839, 271, 'es', 'Yonne'),
	(840, 272, 'es', 'Territoire-de-Belfort'),
	(841, 273, 'es', 'Essonne'),
	(842, 274, 'es', 'Hauts-de-Seine'),
	(843, 275, 'es', 'Seine-Saint-Denis'),
	(844, 276, 'es', 'Val-de-Marne'),
	(845, 277, 'es', 'Val-d\'Oise'),
	(846, 278, 'es', 'Alba'),
	(847, 279, 'es', 'Arad'),
	(848, 280, 'es', 'Argeş'),
	(849, 281, 'es', 'Bacău'),
	(850, 282, 'es', 'Bihor'),
	(851, 283, 'es', 'Bistriţa-Năsăud'),
	(852, 284, 'es', 'Botoşani'),
	(853, 285, 'es', 'Braşov'),
	(854, 286, 'es', 'Brăila'),
	(855, 287, 'es', 'Bucureşti'),
	(856, 288, 'es', 'Buzău'),
	(857, 289, 'es', 'Caraş-Severin'),
	(858, 290, 'es', 'Călăraşi'),
	(859, 291, 'es', 'Cluj'),
	(860, 292, 'es', 'Constanţa'),
	(861, 293, 'es', 'Covasna'),
	(862, 294, 'es', 'Dâmboviţa'),
	(863, 295, 'es', 'Dolj'),
	(864, 296, 'es', 'Galaţi'),
	(865, 297, 'es', 'Giurgiu'),
	(866, 298, 'es', 'Gorj'),
	(867, 299, 'es', 'Harghita'),
	(868, 300, 'es', 'Hunedoara'),
	(869, 301, 'es', 'Ialomiţa'),
	(870, 302, 'es', 'Iaşi'),
	(871, 303, 'es', 'Ilfov'),
	(872, 304, 'es', 'Maramureş'),
	(873, 305, 'es', 'Mehedinţi'),
	(874, 306, 'es', 'Mureş'),
	(875, 307, 'es', 'Neamţ'),
	(876, 308, 'es', 'Olt'),
	(877, 309, 'es', 'Prahova'),
	(878, 310, 'es', 'Satu-Mare'),
	(879, 311, 'es', 'Sălaj'),
	(880, 312, 'es', 'Sibiu'),
	(881, 313, 'es', 'Suceava'),
	(882, 314, 'es', 'Teleorman'),
	(883, 315, 'es', 'Timiş'),
	(884, 316, 'es', 'Tulcea'),
	(885, 317, 'es', 'Vaslui'),
	(886, 318, 'es', 'Vâlcea'),
	(887, 319, 'es', 'Vrancea'),
	(888, 320, 'es', 'Lappi'),
	(889, 321, 'es', 'Pohjois-Pohjanmaa'),
	(890, 322, 'es', 'Kainuu'),
	(891, 323, 'es', 'Pohjois-Karjala'),
	(892, 324, 'es', 'Pohjois-Savo'),
	(893, 325, 'es', 'Etelä-Savo'),
	(894, 326, 'es', 'Etelä-Pohjanmaa'),
	(895, 327, 'es', 'Pohjanmaa'),
	(896, 328, 'es', 'Pirkanmaa'),
	(897, 329, 'es', 'Satakunta'),
	(898, 330, 'es', 'Keski-Pohjanmaa'),
	(899, 331, 'es', 'Keski-Suomi'),
	(900, 332, 'es', 'Varsinais-Suomi'),
	(901, 333, 'es', 'Etelä-Karjala'),
	(902, 334, 'es', 'Päijät-Häme'),
	(903, 335, 'es', 'Kanta-Häme'),
	(904, 336, 'es', 'Uusimaa'),
	(905, 337, 'es', 'Itä-Uusimaa'),
	(906, 338, 'es', 'Kymenlaakso'),
	(907, 339, 'es', 'Ahvenanmaa'),
	(908, 340, 'es', 'Harjumaa'),
	(909, 341, 'es', 'Hiiumaa'),
	(910, 342, 'es', 'country_state_ida-Virumaa'),
	(911, 343, 'es', 'Jõgevamaa'),
	(912, 344, 'es', 'Järvamaa'),
	(913, 345, 'es', 'Läänemaa'),
	(914, 346, 'es', 'Lääne-Virumaa'),
	(915, 347, 'es', 'Põlvamaa'),
	(916, 348, 'es', 'Pärnumaa'),
	(917, 349, 'es', 'Raplamaa'),
	(918, 350, 'es', 'Saaremaa'),
	(919, 351, 'es', 'Tartumaa'),
	(920, 352, 'es', 'Valgamaa'),
	(921, 353, 'es', 'Viljandimaa'),
	(922, 354, 'es', 'Võrumaa'),
	(923, 355, 'es', 'Daugavpils'),
	(924, 356, 'es', 'Jelgava'),
	(925, 357, 'es', 'Jēkabpils'),
	(926, 358, 'es', 'Jūrmala'),
	(927, 359, 'es', 'Liepāja'),
	(928, 360, 'es', 'Liepājas novads'),
	(929, 361, 'es', 'Rēzekne'),
	(930, 362, 'es', 'Rīga'),
	(931, 363, 'es', 'Rīgas novads'),
	(932, 364, 'es', 'Valmiera'),
	(933, 365, 'es', 'Ventspils'),
	(934, 366, 'es', 'Aglonas novads'),
	(935, 367, 'es', 'Aizkraukles novads'),
	(936, 368, 'es', 'Aizputes novads'),
	(937, 369, 'es', 'Aknīstes novads'),
	(938, 370, 'es', 'Alojas novads'),
	(939, 371, 'es', 'Alsungas novads'),
	(940, 372, 'es', 'Alūksnes novads'),
	(941, 373, 'es', 'Amatas novads'),
	(942, 374, 'es', 'Apes novads'),
	(943, 375, 'es', 'Auces novads'),
	(944, 376, 'es', 'Babītes novads'),
	(945, 377, 'es', 'Baldones novads'),
	(946, 378, 'es', 'Baltinavas novads'),
	(947, 379, 'es', 'Balvu novads'),
	(948, 380, 'es', 'Bauskas novads'),
	(949, 381, 'es', 'Beverīnas novads'),
	(950, 382, 'es', 'Brocēnu novads'),
	(951, 383, 'es', 'Burtnieku novads'),
	(952, 384, 'es', 'Carnikavas novads'),
	(953, 385, 'es', 'Cesvaines novads'),
	(954, 386, 'es', 'Ciblas novads'),
	(955, 387, 'es', 'Cēsu novads'),
	(956, 388, 'es', 'Dagdas novads'),
	(957, 389, 'es', 'Daugavpils novads'),
	(958, 390, 'es', 'Dobeles novads'),
	(959, 391, 'es', 'Dundagas novads'),
	(960, 392, 'es', 'Durbes novads'),
	(961, 393, 'es', 'Engures novads'),
	(962, 394, 'es', 'Garkalnes novads'),
	(963, 395, 'es', 'Grobiņas novads'),
	(964, 396, 'es', 'Gulbenes novads'),
	(965, 397, 'es', 'Iecavas novads'),
	(966, 398, 'es', 'Ikšķiles novads'),
	(967, 399, 'es', 'Ilūkstes novads'),
	(968, 400, 'es', 'Inčukalna novads'),
	(969, 401, 'es', 'Jaunjelgavas novads'),
	(970, 402, 'es', 'Jaunpiebalgas novads'),
	(971, 403, 'es', 'Jaunpils novads'),
	(972, 404, 'es', 'Jelgavas novads'),
	(973, 405, 'es', 'Jēkabpils novads'),
	(974, 406, 'es', 'Kandavas novads'),
	(975, 407, 'es', 'Kokneses novads'),
	(976, 408, 'es', 'Krimuldas novads'),
	(977, 409, 'es', 'Krustpils novads'),
	(978, 410, 'es', 'Krāslavas novads'),
	(979, 411, 'es', 'Kuldīgas novads'),
	(980, 412, 'es', 'Kārsavas novads'),
	(981, 413, 'es', 'Lielvārdes novads'),
	(982, 414, 'es', 'Limbažu novads'),
	(983, 415, 'es', 'Lubānas novads'),
	(984, 416, 'es', 'Ludzas novads'),
	(985, 417, 'es', 'Līgatnes novads'),
	(986, 418, 'es', 'Līvānu novads'),
	(987, 419, 'es', 'Madonas novads'),
	(988, 420, 'es', 'Mazsalacas novads'),
	(989, 421, 'es', 'Mālpils novads'),
	(990, 422, 'es', 'Mārupes novads'),
	(991, 423, 'es', 'Naukšēnu novads'),
	(992, 424, 'es', 'Neretas novads'),
	(993, 425, 'es', 'Nīcas novads'),
	(994, 426, 'es', 'Ogres novads'),
	(995, 427, 'es', 'Olaines novads'),
	(996, 428, 'es', 'Ozolnieku novads'),
	(997, 429, 'es', 'Preiļu novads'),
	(998, 430, 'es', 'Priekules novads'),
	(999, 431, 'es', 'Priekuļu novads'),
	(1000, 432, 'es', 'Pārgaujas novads'),
	(1001, 433, 'es', 'Pāvilostas novads'),
	(1002, 434, 'es', 'Pļaviņu novads'),
	(1003, 435, 'es', 'Raunas novads'),
	(1004, 436, 'es', 'Riebiņu novads'),
	(1005, 437, 'es', 'Rojas novads'),
	(1006, 438, 'es', 'Ropažu novads'),
	(1007, 439, 'es', 'Rucavas novads'),
	(1008, 440, 'es', 'Rugāju novads'),
	(1009, 441, 'es', 'Rundāles novads'),
	(1010, 442, 'es', 'Rēzeknes novads'),
	(1011, 443, 'es', 'Rūjienas novads'),
	(1012, 444, 'es', 'Salacgrīvas novads'),
	(1013, 445, 'es', 'Salas novads'),
	(1014, 446, 'es', 'Salaspils novads'),
	(1015, 447, 'es', 'Saldus novads'),
	(1016, 448, 'es', 'Saulkrastu novads'),
	(1017, 449, 'es', 'Siguldas novads'),
	(1018, 450, 'es', 'Skrundas novads'),
	(1019, 451, 'es', 'Skrīveru novads'),
	(1020, 452, 'es', 'Smiltenes novads'),
	(1021, 453, 'es', 'Stopiņu novads'),
	(1022, 454, 'es', 'Strenču novads'),
	(1023, 455, 'es', 'Sējas novads'),
	(1024, 456, 'es', 'Talsu novads'),
	(1025, 457, 'es', 'Tukuma novads'),
	(1026, 458, 'es', 'Tērvetes novads'),
	(1027, 459, 'es', 'Vaiņodes novads'),
	(1028, 460, 'es', 'Valkas novads'),
	(1029, 461, 'es', 'Valmieras novads'),
	(1030, 462, 'es', 'Varakļānu novads'),
	(1031, 463, 'es', 'Vecpiebalgas novads'),
	(1032, 464, 'es', 'Vecumnieku novads'),
	(1033, 465, 'es', 'Ventspils novads'),
	(1034, 466, 'es', 'Viesītes novads'),
	(1035, 467, 'es', 'Viļakas novads'),
	(1036, 468, 'es', 'Viļānu novads'),
	(1037, 469, 'es', 'Vārkavas novads'),
	(1038, 470, 'es', 'Zilupes novads'),
	(1039, 471, 'es', 'Ādažu novads'),
	(1040, 472, 'es', 'Ērgļu novads'),
	(1041, 473, 'es', 'Ķeguma novads'),
	(1042, 474, 'es', 'Ķekavas novads'),
	(1043, 475, 'es', 'Alytaus Apskritis'),
	(1044, 476, 'es', 'Kauno Apskritis'),
	(1045, 477, 'es', 'Klaipėdos Apskritis'),
	(1046, 478, 'es', 'Marijampolės Apskritis'),
	(1047, 479, 'es', 'Panevėžio Apskritis'),
	(1048, 480, 'es', 'Šiaulių Apskritis'),
	(1049, 481, 'es', 'Tauragės Apskritis'),
	(1050, 482, 'es', 'Telšių Apskritis'),
	(1051, 483, 'es', 'Utenos Apskritis'),
	(1052, 484, 'es', 'Vilniaus Apskritis'),
	(1053, 485, 'es', 'Acre'),
	(1054, 486, 'es', 'Alagoas'),
	(1055, 487, 'es', 'Amapá'),
	(1056, 488, 'es', 'Amazonas'),
	(1057, 489, 'es', 'Bahía'),
	(1058, 490, 'es', 'Ceará'),
	(1059, 491, 'es', 'Espíritu Santo'),
	(1060, 492, 'es', 'Goiás'),
	(1061, 493, 'es', 'Maranhão'),
	(1062, 494, 'es', 'Mato Grosso'),
	(1063, 495, 'es', 'Mato Grosso del Sur'),
	(1064, 496, 'es', 'Minas Gerais'),
	(1065, 497, 'es', 'Pará'),
	(1066, 498, 'es', 'Paraíba'),
	(1067, 499, 'es', 'Paraná'),
	(1068, 500, 'es', 'Pernambuco'),
	(1069, 501, 'es', 'Piauí'),
	(1070, 502, 'es', 'Río de Janeiro'),
	(1071, 503, 'es', 'Río Grande del Norte'),
	(1072, 504, 'es', 'Río Grande del Sur'),
	(1073, 505, 'es', 'Rondônia'),
	(1074, 506, 'es', 'Roraima'),
	(1075, 507, 'es', 'Santa Catarina'),
	(1076, 508, 'es', 'São Paulo'),
	(1077, 509, 'es', 'Sergipe'),
	(1078, 510, 'es', 'Tocantins'),
	(1079, 511, 'es', 'Distrito Federal'),
	(1080, 512, 'es', 'Zagrebačka županija'),
	(1081, 513, 'es', 'Krapinsko-zagorska županija'),
	(1082, 514, 'es', 'Sisačko-moslavačka županija'),
	(1083, 515, 'es', 'Karlovačka županija'),
	(1084, 516, 'es', 'Varaždinska županija'),
	(1085, 517, 'es', 'Koprivničko-križevačka županija'),
	(1086, 518, 'es', 'Bjelovarsko-bilogorska županija'),
	(1087, 519, 'es', 'Primorsko-goranska županija'),
	(1088, 520, 'es', 'Ličko-senjska županija'),
	(1089, 521, 'es', 'Virovitičko-podravska županija'),
	(1090, 522, 'es', 'Požeško-slavonska županija'),
	(1091, 523, 'es', 'Brodsko-posavska županija'),
	(1092, 524, 'es', 'Zadarska županija'),
	(1093, 525, 'es', 'Osječko-baranjska županija'),
	(1094, 526, 'es', 'Šibensko-kninska županija'),
	(1095, 527, 'es', 'Vukovarsko-srijemska županija'),
	(1096, 528, 'es', 'Splitsko-dalmatinska županija'),
	(1097, 529, 'es', 'Istarska županija'),
	(1098, 530, 'es', 'Dubrovačko-neretvanska županija'),
	(1099, 531, 'es', 'Međimurska županija'),
	(1100, 532, 'es', 'Grad Zagreb'),
	(1101, 533, 'es', 'Andaman and Nicobar Islands'),
	(1102, 534, 'es', 'Andhra Pradesh'),
	(1103, 535, 'es', 'Arunachal Pradesh'),
	(1104, 536, 'es', 'Assam'),
	(1105, 537, 'es', 'Bihar'),
	(1106, 538, 'es', 'Chandigarh'),
	(1107, 539, 'es', 'Chhattisgarh'),
	(1108, 540, 'es', 'Dadra and Nagar Haveli'),
	(1109, 541, 'es', 'Daman and Diu'),
	(1110, 542, 'es', 'Delhi'),
	(1111, 543, 'es', 'Goa'),
	(1112, 544, 'es', 'Gujarat'),
	(1113, 545, 'es', 'Haryana'),
	(1114, 546, 'es', 'Himachal Pradesh'),
	(1115, 547, 'es', 'Jammu and Kashmir'),
	(1116, 548, 'es', 'Jharkhand'),
	(1117, 549, 'es', 'Karnataka'),
	(1118, 550, 'es', 'Kerala'),
	(1119, 551, 'es', 'Lakshadweep'),
	(1120, 552, 'es', 'Madhya Pradesh'),
	(1121, 553, 'es', 'Maharashtra'),
	(1122, 554, 'es', 'Manipur'),
	(1123, 555, 'es', 'Meghalaya'),
	(1124, 556, 'es', 'Mizoram'),
	(1125, 557, 'es', 'Nagaland'),
	(1126, 558, 'es', 'Odisha'),
	(1127, 559, 'es', 'Puducherry'),
	(1128, 560, 'es', 'Punjab'),
	(1129, 561, 'es', 'Rajasthan'),
	(1130, 562, 'es', 'Sikkim'),
	(1131, 563, 'es', 'Tamil Nadu'),
	(1132, 564, 'es', 'Telangana'),
	(1133, 565, 'es', 'Tripura'),
	(1134, 566, 'es', 'Uttar Pradesh'),
	(1135, 567, 'es', 'Uttarakhand'),
	(1136, 568, 'es', 'West Bengal'),
	(1137, 569, 'es', 'Alto Paraguay'),
	(1138, 570, 'es', 'Alto Paraná'),
	(1139, 571, 'es', 'Amambay'),
	(1140, 572, 'es', 'Asunción'),
	(1141, 573, 'es', 'Boquerón'),
	(1142, 574, 'es', 'Caaguazú'),
	(1143, 575, 'es', 'Caazapá'),
	(1144, 576, 'es', 'Canindeyú'),
	(1145, 577, 'es', 'Central'),
	(1146, 578, 'es', 'Concepción'),
	(1147, 579, 'es', 'Cordillera'),
	(1148, 580, 'es', 'Guairá'),
	(1149, 581, 'es', 'Itapúa'),
	(1150, 582, 'es', 'Misiones'),
	(1151, 583, 'es', 'Paraguarí'),
	(1152, 584, 'es', 'Presidente Hayes'),
	(1153, 585, 'es', 'San Pedro'),
	(1154, 586, 'es', 'Ñeembucú'),
	(1155, 1, 'fa', 'آلاباما'),
	(1156, 2, 'fa', 'آلاسکا'),
	(1157, 3, 'fa', 'ساموآ آمریکایی'),
	(1158, 4, 'fa', 'آریزونا'),
	(1159, 5, 'fa', 'آرکانزاس'),
	(1160, 6, 'fa', 'نیروهای مسلح آفریقا'),
	(1161, 7, 'fa', 'Armed Forces America'),
	(1162, 8, 'fa', 'نیروهای مسلح کانادا'),
	(1163, 9, 'fa', 'نیروهای مسلح اروپا'),
	(1164, 10, 'fa', 'نیروهای مسلح خاورمیانه'),
	(1165, 11, 'fa', 'نیروهای مسلح اقیانوس آرام'),
	(1166, 12, 'fa', 'کالیفرنیا'),
	(1167, 13, 'fa', 'کلرادو'),
	(1168, 14, 'fa', 'کانکتیکات'),
	(1169, 15, 'fa', 'دلاور'),
	(1170, 16, 'fa', 'منطقه کلمبیا'),
	(1171, 17, 'fa', 'ایالات فدرال میکرونزی'),
	(1172, 18, 'fa', 'فلوریدا'),
	(1173, 19, 'fa', 'جورجیا'),
	(1174, 20, 'fa', 'گوام'),
	(1175, 21, 'fa', 'هاوایی'),
	(1176, 22, 'fa', 'آیداهو'),
	(1177, 23, 'fa', 'ایلینویز'),
	(1178, 24, 'fa', 'ایندیانا'),
	(1179, 25, 'fa', 'آیووا'),
	(1180, 26, 'fa', 'کانزاس'),
	(1181, 27, 'fa', 'کنتاکی'),
	(1182, 28, 'fa', 'لوئیزیانا'),
	(1183, 29, 'fa', 'ماین'),
	(1184, 30, 'fa', 'مای'),
	(1185, 31, 'fa', 'مریلند'),
	(1186, 32, 'fa', ' '),
	(1187, 33, 'fa', 'میشیگان'),
	(1188, 34, 'fa', 'مینه سوتا'),
	(1189, 35, 'fa', 'می سی سی پی'),
	(1190, 36, 'fa', 'میسوری'),
	(1191, 37, 'fa', 'مونتانا'),
	(1192, 38, 'fa', 'نبراسکا'),
	(1193, 39, 'fa', 'نواد'),
	(1194, 40, 'fa', 'نیوهمپشایر'),
	(1195, 41, 'fa', 'نیوجرسی'),
	(1196, 42, 'fa', 'نیومکزیکو'),
	(1197, 43, 'fa', 'نیویورک'),
	(1198, 44, 'fa', 'کارولینای شمالی'),
	(1199, 45, 'fa', 'داکوتای شمالی'),
	(1200, 46, 'fa', 'جزایر ماریانای شمالی'),
	(1201, 47, 'fa', 'اوهایو'),
	(1202, 48, 'fa', 'اوکلاهما'),
	(1203, 49, 'fa', 'اورگان'),
	(1204, 50, 'fa', 'پالائو'),
	(1205, 51, 'fa', 'پنسیلوانیا'),
	(1206, 52, 'fa', 'پورتوریکو'),
	(1207, 53, 'fa', 'رود آیلند'),
	(1208, 54, 'fa', 'کارولینای جنوبی'),
	(1209, 55, 'fa', 'داکوتای جنوبی'),
	(1210, 56, 'fa', 'تنسی'),
	(1211, 57, 'fa', 'تگزاس'),
	(1212, 58, 'fa', 'یوتا'),
	(1213, 59, 'fa', 'ورمونت'),
	(1214, 60, 'fa', 'جزایر ویرجین'),
	(1215, 61, 'fa', 'ویرجینیا'),
	(1216, 62, 'fa', 'واشنگتن'),
	(1217, 63, 'fa', 'ویرجینیای غربی'),
	(1218, 64, 'fa', 'ویسکانسین'),
	(1219, 65, 'fa', 'وایومینگ'),
	(1220, 66, 'fa', 'آلبرتا'),
	(1221, 67, 'fa', 'بریتیش کلمبیا'),
	(1222, 68, 'fa', 'مانیتوبا'),
	(1223, 69, 'fa', 'نیوفاندلند و لابرادور'),
	(1224, 70, 'fa', 'نیوبرانزویک'),
	(1225, 71, 'fa', 'نوا اسکوشیا'),
	(1226, 72, 'fa', 'سرزمینهای شمال غربی'),
	(1227, 73, 'fa', 'نوناووت'),
	(1228, 74, 'fa', 'انتاریو'),
	(1229, 75, 'fa', 'جزیره پرنس ادوارد'),
	(1230, 76, 'fa', 'کبک'),
	(1231, 77, 'fa', 'ساسکاتچوان'),
	(1232, 78, 'fa', 'قلمرو یوکان'),
	(1233, 79, 'fa', 'نیدرزاکسن'),
	(1234, 80, 'fa', 'بادن-وورتمبرگ'),
	(1235, 81, 'fa', 'بایرن'),
	(1236, 82, 'fa', 'برلین'),
	(1237, 83, 'fa', 'براندنبورگ'),
	(1238, 84, 'fa', 'برمن'),
	(1239, 85, 'fa', 'هامبور'),
	(1240, 86, 'fa', 'هسن'),
	(1241, 87, 'fa', 'مکلنبورگ-وورپومرن'),
	(1242, 88, 'fa', 'نوردراین-وستفالن'),
	(1243, 89, 'fa', 'راینلاند-پلاتینات'),
	(1244, 90, 'fa', 'سارلند'),
	(1245, 91, 'fa', 'ساچسن'),
	(1246, 92, 'fa', 'ساچسن-آنهالت'),
	(1247, 93, 'fa', 'شلسویگ-هولشتاین'),
	(1248, 94, 'fa', 'تورینگی'),
	(1249, 95, 'fa', 'وین'),
	(1250, 96, 'fa', 'اتریش پایین'),
	(1251, 97, 'fa', 'اتریش فوقانی'),
	(1252, 98, 'fa', 'سالزبورگ'),
	(1253, 99, 'fa', 'کارنتا'),
	(1254, 100, 'fa', 'Steiermar'),
	(1255, 101, 'fa', 'تیرول'),
	(1256, 102, 'fa', 'بورگنلن'),
	(1257, 103, 'fa', 'Vorarlber'),
	(1258, 104, 'fa', 'آرگ'),
	(1259, 105, 'fa', ''),
	(1260, 106, 'fa', 'اپنزلسرهودن'),
	(1261, 107, 'fa', 'بر'),
	(1262, 108, 'fa', 'بازل-لندشفت'),
	(1263, 109, 'fa', 'بازل استاد'),
	(1264, 110, 'fa', 'فرایبورگ'),
	(1265, 111, 'fa', 'گنف'),
	(1266, 112, 'fa', 'گلاروس'),
	(1267, 113, 'fa', 'Graubünde'),
	(1268, 114, 'fa', 'ژورا'),
	(1269, 115, 'fa', 'لوزرن'),
	(1270, 116, 'fa', 'نوینبور'),
	(1271, 117, 'fa', 'نیدالد'),
	(1272, 118, 'fa', 'اوبولدن'),
	(1273, 119, 'fa', 'سنت گالن'),
	(1274, 120, 'fa', 'شافهاوز'),
	(1275, 121, 'fa', 'سولوتور'),
	(1276, 122, 'fa', 'شووی'),
	(1277, 123, 'fa', 'تورگاو'),
	(1278, 124, 'fa', 'تسسی'),
	(1279, 125, 'fa', 'اوری'),
	(1280, 126, 'fa', 'وادت'),
	(1281, 127, 'fa', 'والی'),
	(1282, 128, 'fa', 'ز'),
	(1283, 129, 'fa', 'زوریخ'),
	(1284, 130, 'fa', 'کورونا'),
	(1285, 131, 'fa', 'آلاوا'),
	(1286, 132, 'fa', 'آلبوم'),
	(1287, 133, 'fa', 'آلیکانت'),
	(1288, 134, 'fa', 'آلمریا'),
	(1289, 135, 'fa', 'آستوریا'),
	(1290, 136, 'fa', 'آویلا'),
	(1291, 137, 'fa', 'باداژوز'),
	(1292, 138, 'fa', 'ضرب و شتم'),
	(1293, 139, 'fa', 'بارسلون'),
	(1294, 140, 'fa', 'بورگو'),
	(1295, 141, 'fa', 'کاسر'),
	(1296, 142, 'fa', 'کادی'),
	(1297, 143, 'fa', 'کانتابریا'),
	(1298, 144, 'fa', 'کاستلون'),
	(1299, 145, 'fa', 'سوت'),
	(1300, 146, 'fa', 'سیوداد واقعی'),
	(1301, 147, 'fa', 'کوردوب'),
	(1302, 148, 'fa', 'Cuenc'),
	(1303, 149, 'fa', 'جیرون'),
	(1304, 150, 'fa', 'گراناد'),
	(1305, 151, 'fa', 'گوادالاجار'),
	(1306, 152, 'fa', 'Guipuzcoa'),
	(1307, 153, 'fa', 'هولوا'),
	(1308, 154, 'fa', 'هوسک'),
	(1309, 155, 'fa', 'جی'),
	(1310, 156, 'fa', 'لا ریوجا'),
	(1311, 157, 'fa', 'لاس پالماس'),
	(1312, 158, 'fa', 'لئو'),
	(1313, 159, 'fa', 'Lleid'),
	(1314, 160, 'fa', 'لوگ'),
	(1315, 161, 'fa', 'مادری'),
	(1316, 162, 'fa', 'مالاگ'),
	(1317, 163, 'fa', 'ملیلی'),
	(1318, 164, 'fa', 'مورسیا'),
	(1319, 165, 'fa', 'ناوار'),
	(1320, 166, 'fa', 'اورنس'),
	(1321, 167, 'fa', 'پالنسی'),
	(1322, 168, 'fa', 'پونتوودر'),
	(1323, 169, 'fa', 'سالامانک'),
	(1324, 170, 'fa', 'سانتا کروز د تنریفه'),
	(1325, 171, 'fa', 'سوگویا'),
	(1326, 172, 'fa', 'سوی'),
	(1327, 173, 'fa', 'سوریا'),
	(1328, 174, 'fa', 'تاراگونا'),
	(1329, 175, 'fa', 'ترئو'),
	(1330, 176, 'fa', 'تولدو'),
	(1331, 177, 'fa', 'والنسیا'),
	(1332, 178, 'fa', 'والادولی'),
	(1333, 179, 'fa', 'ویزکایا'),
	(1334, 180, 'fa', 'زامور'),
	(1335, 181, 'fa', 'ساراگوز'),
	(1336, 182, 'fa', 'عی'),
	(1337, 183, 'fa', 'آیز'),
	(1338, 184, 'fa', 'آلی'),
	(1339, 185, 'fa', 'آلپ-دو-هاوت-پرووانس'),
	(1340, 186, 'fa', 'هاوتس آلپ'),
	(1341, 187, 'fa', 'Alpes-Maritime'),
	(1342, 188, 'fa', 'اردچه'),
	(1343, 189, 'fa', 'آرد'),
	(1344, 190, 'fa', 'محاصر'),
	(1345, 191, 'fa', 'آبه'),
	(1346, 192, 'fa', 'Aud'),
	(1347, 193, 'fa', 'آویرون'),
	(1348, 194, 'fa', 'BOCAS DO Rhône'),
	(1349, 195, 'fa', 'نوعی عرق'),
	(1350, 196, 'fa', 'کانتینال'),
	(1351, 197, 'fa', 'چارنت'),
	(1352, 198, 'fa', 'چارنت-دریایی'),
	(1353, 199, 'fa', 'چ'),
	(1354, 200, 'fa', 'کور'),
	(1355, 201, 'fa', 'کرس دو ساد'),
	(1356, 202, 'fa', 'هاوت کورس'),
	(1357, 203, 'fa', 'کوستا دورکرز'),
	(1358, 204, 'fa', 'تخت دارمور'),
	(1359, 205, 'fa', 'درهم'),
	(1360, 206, 'fa', 'دوردگن'),
	(1361, 207, 'fa', 'دوب'),
	(1362, 208, 'fa', 'تعریف اول'),
	(1363, 209, 'fa', 'یور'),
	(1364, 210, 'fa', 'Eure-et-Loi'),
	(1365, 211, 'fa', 'فمینیست'),
	(1366, 212, 'fa', 'باغ'),
	(1367, 213, 'fa', 'اوت-گارون'),
	(1368, 214, 'fa', 'گر'),
	(1369, 215, 'fa', 'جیروند'),
	(1370, 216, 'fa', 'هیر'),
	(1371, 217, 'fa', 'هشدار داده می شود'),
	(1372, 218, 'fa', 'ایندور'),
	(1373, 219, 'fa', 'Indre-et-Loir'),
	(1374, 220, 'fa', 'ایزر'),
	(1375, 221, 'fa', 'یور'),
	(1376, 222, 'fa', 'لندز'),
	(1377, 223, 'fa', 'Loir-et-Che'),
	(1378, 224, 'fa', 'وام گرفتن'),
	(1379, 225, 'fa', 'Haute-Loir'),
	(1380, 226, 'fa', 'Loire-Atlantiqu'),
	(1381, 227, 'fa', 'لیرت'),
	(1382, 228, 'fa', 'لوط'),
	(1383, 229, 'fa', 'لوت و گارون'),
	(1384, 230, 'fa', 'لوزر'),
	(1385, 231, 'fa', 'ماین et-Loire'),
	(1386, 232, 'fa', 'مانچ'),
	(1387, 233, 'fa', 'مارن'),
	(1388, 234, 'fa', 'هاوت-مارن'),
	(1389, 235, 'fa', 'مایین'),
	(1390, 236, 'fa', 'مورته-et-Moselle'),
	(1391, 237, 'fa', 'مسخره کردن'),
	(1392, 238, 'fa', 'موربیان'),
	(1393, 239, 'fa', 'موزل'),
	(1394, 240, 'fa', 'Nièvr'),
	(1395, 241, 'fa', 'نورد'),
	(1396, 242, 'fa', 'اوی'),
	(1397, 243, 'fa', 'ارن'),
	(1398, 244, 'fa', 'پاس-کاله'),
	(1399, 245, 'fa', 'Puy-de-Dôm'),
	(1400, 246, 'fa', 'Pyrénées-Atlantiques'),
	(1401, 247, 'fa', 'Hautes-Pyrénée'),
	(1402, 248, 'fa', 'Pyrénées-Orientales'),
	(1403, 249, 'fa', 'بس راین'),
	(1404, 250, 'fa', 'هاوت-رین'),
	(1405, 251, 'fa', 'رو'),
	(1406, 252, 'fa', 'Haute-Saône'),
	(1407, 253, 'fa', 'Saône-et-Loire'),
	(1408, 254, 'fa', 'سارته'),
	(1409, 255, 'fa', 'ساووی'),
	(1410, 256, 'fa', 'هاو-ساووی'),
	(1411, 257, 'fa', 'پاری'),
	(1412, 258, 'fa', 'Seine-Maritime'),
	(1413, 259, 'fa', 'Seine-et-Marn'),
	(1414, 260, 'fa', 'ایولینز'),
	(1415, 261, 'fa', 'Deux-Sèvres'),
	(1416, 262, 'fa', 'سمی'),
	(1417, 263, 'fa', 'ضعف'),
	(1418, 264, 'fa', 'Tarn-et-Garonne'),
	(1419, 265, 'fa', 'وار'),
	(1420, 266, 'fa', 'ووکلوز'),
	(1421, 267, 'fa', 'وندیه'),
	(1422, 268, 'fa', 'وین'),
	(1423, 269, 'fa', 'هاوت-وین'),
	(1424, 270, 'fa', 'رأی دادن'),
	(1425, 271, 'fa', 'یون'),
	(1426, 272, 'fa', 'سرزمین-دو-بلفورت'),
	(1427, 273, 'fa', 'اسون'),
	(1428, 274, 'fa', 'هاوتز دی سی'),
	(1429, 275, 'fa', 'Seine-Saint-Deni'),
	(1430, 276, 'fa', 'والد مارن'),
	(1431, 277, 'fa', 'Val-d\'Ois'),
	(1432, 278, 'fa', 'آلبا'),
	(1433, 279, 'fa', 'آرا'),
	(1434, 280, 'fa', 'Argeș'),
	(1435, 281, 'fa', 'باکو'),
	(1436, 282, 'fa', 'بیهور'),
	(1437, 283, 'fa', 'بیستریا-نسوود'),
	(1438, 284, 'fa', 'بوتانی'),
	(1439, 285, 'fa', 'برازوف'),
	(1440, 286, 'fa', 'Brăila'),
	(1441, 287, 'fa', 'București'),
	(1442, 288, 'fa', 'بوز'),
	(1443, 289, 'fa', 'کارا- Severin'),
	(1444, 290, 'fa', 'کالیراسی'),
	(1445, 291, 'fa', 'كلوژ'),
	(1446, 292, 'fa', 'کنستانس'),
	(1447, 293, 'fa', 'کواسنا'),
	(1448, 294, 'fa', 'Dâmbovița'),
	(1449, 295, 'fa', 'دال'),
	(1450, 296, 'fa', 'گالشی'),
	(1451, 297, 'fa', 'جورجیو'),
	(1452, 298, 'fa', 'گور'),
	(1453, 299, 'fa', 'هارگیتا'),
	(1454, 300, 'fa', 'هوندهار'),
	(1455, 301, 'fa', 'ایالومیشا'),
	(1456, 302, 'fa', 'Iași'),
	(1457, 303, 'fa', 'Ilfo'),
	(1458, 304, 'fa', 'Maramureș'),
	(1459, 305, 'fa', 'Mehedinți'),
	(1460, 306, 'fa', 'Mureș'),
	(1461, 307, 'fa', 'Neamț'),
	(1462, 308, 'fa', 'اولت'),
	(1463, 309, 'fa', 'پرهوا'),
	(1464, 310, 'fa', 'ستو ماره'),
	(1465, 311, 'fa', 'سلاج'),
	(1466, 312, 'fa', 'سیبیو'),
	(1467, 313, 'fa', 'سوساو'),
	(1468, 314, 'fa', 'تلورمان'),
	(1469, 315, 'fa', 'تیمیچ'),
	(1470, 316, 'fa', 'تولسا'),
	(1471, 317, 'fa', 'واسلوئی'),
	(1472, 318, 'fa', 'Vâlcea'),
	(1473, 319, 'fa', 'ورانسا'),
	(1474, 320, 'fa', 'لاپی'),
	(1475, 321, 'fa', 'Pohjois-Pohjanmaa'),
	(1476, 322, 'fa', 'کائینو'),
	(1477, 323, 'fa', 'Pohjois-Karjala'),
	(1478, 324, 'fa', 'Pohjois-Savo'),
	(1479, 325, 'fa', 'اتل-ساوو'),
	(1480, 326, 'fa', 'کسکی-پوهانما'),
	(1481, 327, 'fa', 'Pohjanmaa'),
	(1482, 328, 'fa', 'پیرکانما'),
	(1483, 329, 'fa', 'ساتاکونتا'),
	(1484, 330, 'fa', 'کسکی-پوهانما'),
	(1485, 331, 'fa', 'کسکی-سوومی'),
	(1486, 332, 'fa', 'Varsinais-Suomi'),
	(1487, 333, 'fa', 'اتلی کرجالا'),
	(1488, 334, 'fa', 'Päijät-HAM'),
	(1489, 335, 'fa', 'کانتا-هوم'),
	(1490, 336, 'fa', 'یوسیما'),
	(1491, 337, 'fa', 'اوسیم'),
	(1492, 338, 'fa', 'کیمنلاکو'),
	(1493, 339, 'fa', 'آونوانما'),
	(1494, 340, 'fa', 'هارژوم'),
	(1495, 341, 'fa', 'سلا'),
	(1496, 342, 'fa', 'آیدا-ویروما'),
	(1497, 343, 'fa', 'Jõgevamaa'),
	(1498, 344, 'fa', 'جوروماا'),
	(1499, 345, 'fa', 'لونما'),
	(1500, 346, 'fa', 'لون-ویروما'),
	(1501, 347, 'fa', 'پالوماا'),
	(1502, 348, 'fa', 'پورنوما'),
	(1503, 349, 'fa', 'Raplama'),
	(1504, 350, 'fa', 'ساارما'),
	(1505, 351, 'fa', 'تارتوما'),
	(1506, 352, 'fa', 'والگام'),
	(1507, 353, 'fa', 'ویلجاندیم'),
	(1508, 354, 'fa', 'Võrumaa'),
	(1509, 355, 'fa', 'داگاوپیل'),
	(1510, 356, 'fa', 'جلگاو'),
	(1511, 357, 'fa', 'جکابیل'),
	(1512, 358, 'fa', 'جرمل'),
	(1513, 359, 'fa', 'لیپجا'),
	(1514, 360, 'fa', 'شهرستان لیپاج'),
	(1515, 361, 'fa', 'روژن'),
	(1516, 362, 'fa', 'راگ'),
	(1517, 363, 'fa', 'شهرستان ریگ'),
	(1518, 364, 'fa', 'والمییرا'),
	(1519, 365, 'fa', 'Ventspils'),
	(1520, 366, 'fa', 'آگلوناس نوادا'),
	(1521, 367, 'fa', 'تازه کاران آیزکرایکلس'),
	(1522, 368, 'fa', 'تازه واردان'),
	(1523, 369, 'fa', 'شهرستا'),
	(1524, 370, 'fa', 'نوازندگان آلوجاس'),
	(1525, 371, 'fa', 'تازه های آلسونگاس'),
	(1526, 372, 'fa', 'شهرستان آلوکس'),
	(1527, 373, 'fa', 'تازه کاران آماتاس'),
	(1528, 374, 'fa', 'میمون های تازه'),
	(1529, 375, 'fa', 'نوادا را آویز می کند'),
	(1530, 376, 'fa', 'شهرستان بابی'),
	(1531, 377, 'fa', 'Baldones novad'),
	(1532, 378, 'fa', 'نوین های بالتیناوا'),
	(1533, 379, 'fa', 'Balvu novad'),
	(1534, 380, 'fa', 'نوازندگان باسکاس'),
	(1535, 381, 'fa', 'شهرستان بورین'),
	(1536, 382, 'fa', 'شهرستان بروچن'),
	(1537, 383, 'fa', 'بوردنیکو نوآوران'),
	(1538, 384, 'fa', 'تازه کارنیکاوا'),
	(1539, 385, 'fa', 'نوازان سزوینس'),
	(1540, 386, 'fa', 'نوادگان Cibla'),
	(1541, 387, 'fa', 'شهرستان Cesis'),
	(1542, 388, 'fa', 'تازه های داگدا'),
	(1543, 389, 'fa', 'داوگاوپیلز نوادا'),
	(1544, 390, 'fa', 'دابل نوادی'),
	(1545, 391, 'fa', 'تازه کارهای دنداگاس'),
	(1546, 392, 'fa', 'نوباد دوربس'),
	(1547, 393, 'fa', 'مشغول تازه کارها است'),
	(1548, 394, 'fa', 'گرکالنس نواد'),
	(1549, 395, 'fa', 'یا شهرستان گروبی'),
	(1550, 396, 'fa', 'تازه های گلبنس'),
	(1551, 397, 'fa', 'Iecavas novads'),
	(1552, 398, 'fa', 'شهرستان ایسکل'),
	(1553, 399, 'fa', 'ایالت ایلکست'),
	(1554, 400, 'fa', 'کنددو د اینچوکالن'),
	(1555, 401, 'fa', 'نوجواد Jaunjelgavas'),
	(1556, 402, 'fa', 'تازه های Jaunpiebalgas'),
	(1557, 403, 'fa', 'شهرستان جونپیلس'),
	(1558, 404, 'fa', 'شهرستان جگلو'),
	(1559, 405, 'fa', 'شهرستان جکابیل'),
	(1560, 406, 'fa', 'شهرستان کنداوا'),
	(1561, 407, 'fa', 'شهرستان کوکنز'),
	(1562, 408, 'fa', 'شهرستان کریمولد'),
	(1563, 409, 'fa', 'شهرستان کرستپیل'),
	(1564, 410, 'fa', 'شهرستان کراسلاو'),
	(1565, 411, 'fa', 'کاندادو د کلدیگا'),
	(1566, 412, 'fa', 'کاندادو د کارساوا'),
	(1567, 413, 'fa', 'شهرستان لیولوارد'),
	(1568, 414, 'fa', 'شهرستان لیمباشی'),
	(1569, 415, 'fa', 'ای ولسوالی لوبون'),
	(1570, 416, 'fa', 'شهرستان لودزا'),
	(1571, 417, 'fa', 'شهرستان لیگات'),
	(1572, 418, 'fa', 'شهرستان لیوانی'),
	(1573, 419, 'fa', 'شهرستان مادونا'),
	(1574, 420, 'fa', 'شهرستان مازسال'),
	(1575, 421, 'fa', 'شهرستان مالپیلس'),
	(1576, 422, 'fa', 'شهرستان Mārupe'),
	(1577, 423, 'fa', 'ا کنددو د نوکشنی'),
	(1578, 424, 'fa', 'کاملاً یک شهرستان'),
	(1579, 425, 'fa', 'شهرستان نیکا'),
	(1580, 426, 'fa', 'شهرستان اوگر'),
	(1581, 427, 'fa', 'شهرستان اولین'),
	(1582, 428, 'fa', 'شهرستان اوزولنیکی'),
	(1583, 429, 'fa', 'شهرستان پرلیلی'),
	(1584, 430, 'fa', 'شهرستان Priekule'),
	(1585, 431, 'fa', 'Condado de Priekuļi'),
	(1586, 432, 'fa', 'شهرستان در حال حرکت'),
	(1587, 433, 'fa', 'شهرستان پاویلوستا'),
	(1588, 4, 'fa', 'شهرستان Plavinas'),
	(1589, 435, 'fa', 'شهرستان راونا'),
	(1590, 436, 'fa', 'شهرستان ریبیشی'),
	(1591, 437, 'fa', 'شهرستان روجا'),
	(1592, 438, 'fa', 'شهرستان روپازی'),
	(1593, 439, 'fa', 'شهرستان روساوا'),
	(1594, 440, 'fa', 'شهرستان روگی'),
	(1595, 441, 'fa', 'شهرستان راندل'),
	(1596, 442, 'fa', 'شهرستان ریزکن'),
	(1597, 443, 'fa', 'شهرستان روژینا'),
	(1598, 444, 'fa', 'شهرداری Salacgriva'),
	(1599, 445, 'fa', 'منطقه جزیره'),
	(1600, 446, 'fa', 'شهرستان Salaspils'),
	(1601, 447, 'fa', 'شهرستان سالدوس'),
	(1602, 448, 'fa', 'شهرستان ساولکرستی'),
	(1603, 449, 'fa', 'شهرستان سیگولدا'),
	(1604, 450, 'fa', 'شهرستان Skrunda'),
	(1605, 451, 'fa', 'شهرستان Skrīveri'),
	(1606, 452, 'fa', 'شهرستان Smiltene'),
	(1607, 453, 'fa', 'شهرستان ایستینی'),
	(1608, 454, 'fa', 'شهرستان استرنشی'),
	(1609, 455, 'fa', 'منطقه کاشت'),
	(1610, 456, 'fa', 'شهرستان تالسی'),
	(1611, 457, 'fa', 'توکومس'),
	(1612, 458, 'fa', 'شهرستان تورت'),
	(1613, 459, 'fa', 'یا شهرستان وایودود'),
	(1614, 460, 'fa', 'شهرستان والکا'),
	(1615, 461, 'fa', 'شهرستان Valmiera'),
	(1616, 462, 'fa', 'شهرستان وارکانی'),
	(1617, 463, 'fa', 'شهرستان Vecpiebalga'),
	(1618, 464, 'fa', 'شهرستان وکومنیکی'),
	(1619, 465, 'fa', 'شهرستان ونتسپیل'),
	(1620, 466, 'fa', 'کنددو د بازدید'),
	(1621, 467, 'fa', 'شهرستان ویلاکا'),
	(1622, 468, 'fa', 'شهرستان ویلانی'),
	(1623, 469, 'fa', 'شهرستان واركاوا'),
	(1624, 470, 'fa', 'شهرستان زیلوپ'),
	(1625, 471, 'fa', 'شهرستان آدازی'),
	(1626, 472, 'fa', 'شهرستان ارگلو'),
	(1627, 473, 'fa', 'شهرستان کگومس'),
	(1628, 474, 'fa', 'شهرستان ککاوا'),
	(1629, 475, 'fa', 'شهرستان Alytus'),
	(1630, 476, 'fa', 'شهرستان Kaunas'),
	(1631, 477, 'fa', 'شهرستان کلایپدا'),
	(1632, 478, 'fa', 'شهرستان ماریجامپولی'),
	(1633, 479, 'fa', 'شهرستان پانویسیز'),
	(1634, 480, 'fa', 'شهرستان سیاولیا'),
	(1635, 481, 'fa', 'شهرستان تاجیج'),
	(1636, 482, 'fa', 'شهرستان تلشیا'),
	(1637, 483, 'fa', 'شهرستان اوتنا'),
	(1638, 484, 'fa', 'شهرستان ویلنیوس'),
	(1639, 485, 'fa', 'جریب'),
	(1640, 486, 'fa', 'حالت'),
	(1641, 487, 'fa', 'آمپá'),
	(1642, 488, 'fa', 'آمازون'),
	(1643, 489, 'fa', 'باهی'),
	(1644, 490, 'fa', 'سارا'),
	(1645, 491, 'fa', 'روح القدس'),
	(1646, 492, 'fa', 'برو'),
	(1647, 493, 'fa', 'مارانهائ'),
	(1648, 494, 'fa', 'ماتو گروسو'),
	(1649, 495, 'fa', 'Mato Grosso do Sul'),
	(1650, 496, 'fa', 'ایالت میناس گرایس'),
	(1651, 497, 'fa', 'پار'),
	(1652, 498, 'fa', 'حالت'),
	(1653, 499, 'fa', 'پارانا'),
	(1654, 500, 'fa', 'حال'),
	(1655, 501, 'fa', 'پیازو'),
	(1656, 502, 'fa', 'ریو دوژانیرو'),
	(1657, 503, 'fa', 'ریو گراند دو نورته'),
	(1658, 504, 'fa', 'ریو گراند دو سول'),
	(1659, 505, 'fa', 'Rondôni'),
	(1660, 506, 'fa', 'Roraim'),
	(1661, 507, 'fa', 'سانتا کاتارینا'),
	(1662, 508, 'fa', 'پ'),
	(1663, 509, 'fa', 'Sergip'),
	(1664, 510, 'fa', 'توکانتین'),
	(1665, 511, 'fa', 'منطقه فدرال'),
	(1666, 512, 'fa', 'شهرستان زاگرب'),
	(1667, 513, 'fa', 'Condado de Krapina-Zagorj'),
	(1668, 514, 'fa', 'شهرستان سیساک-موسلاوینا'),
	(1669, 515, 'fa', 'شهرستان کارلوواک'),
	(1670, 516, 'fa', 'شهرداری واراžدین'),
	(1671, 517, 'fa', 'Condo de Koprivnica-Križevci'),
	(1672, 518, 'fa', 'محل سکونت د بیلوار-بلوگورا'),
	(1673, 519, 'fa', 'Condado de Primorje-Gorski kotar'),
	(1674, 520, 'fa', 'شهرستان لیکا-سنج'),
	(1675, 521, 'fa', 'Condado de Virovitica-Podravina'),
	(1676, 522, 'fa', 'شهرستان پوژگا-اسلاونیا'),
	(1677, 523, 'fa', 'Condado de Brod-Posavina'),
	(1678, 524, 'fa', 'شهرستان زجر'),
	(1679, 525, 'fa', 'Condado de Osijek-Baranja'),
	(1680, 526, 'fa', 'Condo de Sibenik-Knin'),
	(1681, 527, 'fa', 'Condado de Vukovar-Srijem'),
	(1682, 528, 'fa', 'شهرستان اسپلیت-Dalmatia'),
	(1683, 529, 'fa', 'شهرستان ایستیا'),
	(1684, 530, 'fa', 'Condado de Dubrovnik-Neretva'),
	(1685, 531, 'fa', 'شهرستان Međimurje'),
	(1686, 532, 'fa', 'شهر زاگرب'),
	(1687, 533, 'fa', 'جزایر آندامان و نیکوبار'),
	(1688, 534, 'fa', 'آندرا پرادش'),
	(1689, 535, 'fa', 'آروناچال پرادش'),
	(1690, 536, 'fa', 'آسام'),
	(1691, 537, 'fa', 'Biha'),
	(1692, 538, 'fa', 'چاندیگار'),
	(1693, 539, 'fa', 'چاتیسگار'),
	(1694, 540, 'fa', 'دادرا و نگار هاولی'),
	(1695, 541, 'fa', 'دامان و دیو'),
	(1696, 542, 'fa', 'دهلی'),
	(1697, 543, 'fa', 'گوا'),
	(1698, 544, 'fa', 'گجرات'),
	(1699, 545, 'fa', 'هاریانا'),
	(1700, 546, 'fa', 'هیماچال پرادش'),
	(1701, 547, 'fa', 'جامو و کشمیر'),
	(1702, 548, 'fa', 'جهخند'),
	(1703, 549, 'fa', 'کارناتاکا'),
	(1704, 550, 'fa', 'کرال'),
	(1705, 551, 'fa', 'لاکشادوپ'),
	(1706, 552, 'fa', 'مادیا پرادش'),
	(1707, 553, 'fa', 'ماهاراشترا'),
	(1708, 554, 'fa', 'مانی پور'),
	(1709, 555, 'fa', 'مگالایا'),
	(1710, 556, 'fa', 'مزورام'),
	(1711, 557, 'fa', 'ناگلند'),
	(1712, 558, 'fa', 'ادیشا'),
	(1713, 559, 'fa', 'میناکاری'),
	(1714, 560, 'fa', 'پنجا'),
	(1715, 561, 'fa', 'راجستان'),
	(1716, 562, 'fa', 'سیکیم'),
	(1717, 563, 'fa', 'تامیل نادو'),
	(1718, 564, 'fa', 'تلنگانا'),
	(1719, 565, 'fa', 'تریپورا'),
	(1720, 566, 'fa', 'اوتار پرادش'),
	(1721, 567, 'fa', 'اوتاراکند'),
	(1722, 568, 'fa', 'بنگال غرب'),
	(1723, 1, 'pt_BR', 'Alabama'),
	(1724, 2, 'pt_BR', 'Alaska'),
	(1725, 3, 'pt_BR', 'Samoa Americana'),
	(1726, 4, 'pt_BR', 'Arizona'),
	(1727, 5, 'pt_BR', 'Arkansas'),
	(1728, 6, 'pt_BR', 'Forças Armadas da África'),
	(1729, 7, 'pt_BR', 'Forças Armadas das Américas'),
	(1730, 8, 'pt_BR', 'Forças Armadas do Canadá'),
	(1731, 9, 'pt_BR', 'Forças Armadas da Europa'),
	(1732, 10, 'pt_BR', 'Forças Armadas do Oriente Médio'),
	(1733, 11, 'pt_BR', 'Forças Armadas do Pacífico'),
	(1734, 12, 'pt_BR', 'California'),
	(1735, 13, 'pt_BR', 'Colorado'),
	(1736, 14, 'pt_BR', 'Connecticut'),
	(1737, 15, 'pt_BR', 'Delaware'),
	(1738, 16, 'pt_BR', 'Distrito de Columbia'),
	(1739, 17, 'pt_BR', 'Estados Federados da Micronésia'),
	(1740, 18, 'pt_BR', 'Florida'),
	(1741, 19, 'pt_BR', 'Geórgia'),
	(1742, 20, 'pt_BR', 'Guam'),
	(1743, 21, 'pt_BR', 'Havaí'),
	(1744, 22, 'pt_BR', 'Idaho'),
	(1745, 23, 'pt_BR', 'Illinois'),
	(1746, 24, 'pt_BR', 'Indiana'),
	(1747, 25, 'pt_BR', 'Iowa'),
	(1748, 26, 'pt_BR', 'Kansas'),
	(1749, 27, 'pt_BR', 'Kentucky'),
	(1750, 28, 'pt_BR', 'Louisiana'),
	(1751, 29, 'pt_BR', 'Maine'),
	(1752, 30, 'pt_BR', 'Ilhas Marshall'),
	(1753, 31, 'pt_BR', 'Maryland'),
	(1754, 32, 'pt_BR', 'Massachusetts'),
	(1755, 33, 'pt_BR', 'Michigan'),
	(1756, 34, 'pt_BR', 'Minnesota'),
	(1757, 35, 'pt_BR', 'Mississippi'),
	(1758, 36, 'pt_BR', 'Missouri'),
	(1759, 37, 'pt_BR', 'Montana'),
	(1760, 38, 'pt_BR', 'Nebraska'),
	(1761, 39, 'pt_BR', 'Nevada'),
	(1762, 40, 'pt_BR', 'New Hampshire'),
	(1763, 41, 'pt_BR', 'Nova Jersey'),
	(1764, 42, 'pt_BR', 'Novo México'),
	(1765, 43, 'pt_BR', 'Nova York'),
	(1766, 44, 'pt_BR', 'Carolina do Norte'),
	(1767, 45, 'pt_BR', 'Dakota do Norte'),
	(1768, 46, 'pt_BR', 'Ilhas Marianas do Norte'),
	(1769, 47, 'pt_BR', 'Ohio'),
	(1770, 48, 'pt_BR', 'Oklahoma'),
	(1771, 4, 'pt_BR', 'Oregon'),
	(1772, 50, 'pt_BR', 'Palau'),
	(1773, 51, 'pt_BR', 'Pensilvânia'),
	(1774, 52, 'pt_BR', 'Porto Rico'),
	(1775, 53, 'pt_BR', 'Rhode Island'),
	(1776, 54, 'pt_BR', 'Carolina do Sul'),
	(1777, 55, 'pt_BR', 'Dakota do Sul'),
	(1778, 56, 'pt_BR', 'Tennessee'),
	(1779, 57, 'pt_BR', 'Texas'),
	(1780, 58, 'pt_BR', 'Utah'),
	(1781, 59, 'pt_BR', 'Vermont'),
	(1782, 60, 'pt_BR', 'Ilhas Virgens'),
	(1783, 61, 'pt_BR', 'Virginia'),
	(1784, 62, 'pt_BR', 'Washington'),
	(1785, 63, 'pt_BR', 'West Virginia'),
	(1786, 64, 'pt_BR', 'Wisconsin'),
	(1787, 65, 'pt_BR', 'Wyoming'),
	(1788, 66, 'pt_BR', 'Alberta'),
	(1789, 67, 'pt_BR', 'Colúmbia Britânica'),
	(1790, 68, 'pt_BR', 'Manitoba'),
	(1791, 69, 'pt_BR', 'Terra Nova e Labrador'),
	(1792, 70, 'pt_BR', 'New Brunswick'),
	(1793, 7, 'pt_BR', 'Nova Escócia'),
	(1794, 72, 'pt_BR', 'Territórios do Noroeste'),
	(1795, 73, 'pt_BR', 'Nunavut'),
	(1796, 74, 'pt_BR', 'Ontario'),
	(1797, 75, 'pt_BR', 'Ilha do Príncipe Eduardo'),
	(1798, 76, 'pt_BR', 'Quebec'),
	(1799, 77, 'pt_BR', 'Saskatchewan'),
	(1800, 78, 'pt_BR', 'Território yukon'),
	(1801, 79, 'pt_BR', 'Niedersachsen'),
	(1802, 80, 'pt_BR', 'Baden-Wurttemberg'),
	(1803, 81, 'pt_BR', 'Bayern'),
	(1804, 82, 'pt_BR', 'Berlim'),
	(1805, 83, 'pt_BR', 'Brandenburg'),
	(1806, 84, 'pt_BR', 'Bremen'),
	(1807, 85, 'pt_BR', 'Hamburgo'),
	(1808, 86, 'pt_BR', 'Hessen'),
	(1809, 87, 'pt_BR', 'Mecklenburg-Vorpommern'),
	(1810, 88, 'pt_BR', 'Nordrhein-Westfalen'),
	(1811, 8, 'pt_BR', 'Renânia-Palatinado'),
	(1812, 90, 'pt_BR', 'Sarre'),
	(1813, 91, 'pt_BR', 'Sachsen'),
	(1814, 92, 'pt_BR', 'Sachsen-Anhalt'),
	(1815, 93, 'pt_BR', 'Schleswig-Holstein'),
	(1816, 94, 'pt_BR', 'Turíngia'),
	(1817, 95, 'pt_BR', 'Viena'),
	(1818, 96, 'pt_BR', 'Baixa Áustria'),
	(1819, 97, 'pt_BR', 'Oberösterreich'),
	(1820, 98, 'pt_BR', 'Salzburg'),
	(1821, 99, 'pt_BR', 'Caríntia'),
	(1822, 100, 'pt_BR', 'Steiermark'),
	(1823, 101, 'pt_BR', 'Tirol'),
	(1824, 102, 'pt_BR', 'Burgenland'),
	(1825, 103, 'pt_BR', 'Vorarlberg'),
	(1826, 104, 'pt_BR', 'Aargau'),
	(1827, 105, 'pt_BR', 'Appenzell Innerrhoden'),
	(1828, 106, 'pt_BR', 'Appenzell Ausserrhoden'),
	(1829, 107, 'pt_BR', 'Bern'),
	(1830, 108, 'pt_BR', 'Basel-Landschaft'),
	(1831, 109, 'pt_BR', 'Basel-Stadt'),
	(1832, 110, 'pt_BR', 'Freiburg'),
	(1833, 111, 'pt_BR', 'Genf'),
	(1834, 112, 'pt_BR', 'Glarus'),
	(1835, 113, 'pt_BR', 'Grisons'),
	(1836, 114, 'pt_BR', 'Jura'),
	(1837, 115, 'pt_BR', 'Luzern'),
	(1838, 116, 'pt_BR', 'Neuenburg'),
	(1839, 117, 'pt_BR', 'Nidwalden'),
	(1840, 118, 'pt_BR', 'Obwalden'),
	(1841, 119, 'pt_BR', 'St. Gallen'),
	(1842, 120, 'pt_BR', 'Schaffhausen'),
	(1843, 121, 'pt_BR', 'Solothurn'),
	(1844, 122, 'pt_BR', 'Schwyz'),
	(1845, 123, 'pt_BR', 'Thurgau'),
	(1846, 124, 'pt_BR', 'Tessin'),
	(1847, 125, 'pt_BR', 'Uri'),
	(1848, 126, 'pt_BR', 'Waadt'),
	(1849, 127, 'pt_BR', 'Wallis'),
	(1850, 128, 'pt_BR', 'Zug'),
	(1851, 129, 'pt_BR', 'Zurique'),
	(1852, 130, 'pt_BR', 'Corunha'),
	(1853, 131, 'pt_BR', 'Álava'),
	(1854, 132, 'pt_BR', 'Albacete'),
	(1855, 133, 'pt_BR', 'Alicante'),
	(1856, 134, 'pt_BR', 'Almeria'),
	(1857, 135, 'pt_BR', 'Astúrias'),
	(1858, 136, 'pt_BR', 'Avila'),
	(1859, 137, 'pt_BR', 'Badajoz'),
	(1860, 138, 'pt_BR', 'Baleares'),
	(1861, 139, 'pt_BR', 'Barcelona'),
	(1862, 140, 'pt_BR', 'Burgos'),
	(1863, 141, 'pt_BR', 'Caceres'),
	(1864, 142, 'pt_BR', 'Cadiz'),
	(1865, 143, 'pt_BR', 'Cantábria'),
	(1866, 144, 'pt_BR', 'Castellon'),
	(1867, 145, 'pt_BR', 'Ceuta'),
	(1868, 146, 'pt_BR', 'Ciudad Real'),
	(1869, 147, 'pt_BR', 'Cordoba'),
	(1870, 148, 'pt_BR', 'Cuenca'),
	(1871, 149, 'pt_BR', 'Girona'),
	(1872, 150, 'pt_BR', 'Granada'),
	(1873, 151, 'pt_BR', 'Guadalajara'),
	(1874, 152, 'pt_BR', 'Guipuzcoa'),
	(1875, 153, 'pt_BR', 'Huelva'),
	(1876, 154, 'pt_BR', 'Huesca'),
	(1877, 155, 'pt_BR', 'Jaen'),
	(1878, 156, 'pt_BR', 'La Rioja'),
	(1879, 157, 'pt_BR', 'Las Palmas'),
	(1880, 158, 'pt_BR', 'Leon'),
	(1881, 159, 'pt_BR', 'Lleida'),
	(1882, 160, 'pt_BR', 'Lugo'),
	(1883, 161, 'pt_BR', 'Madri'),
	(1884, 162, 'pt_BR', 'Málaga'),
	(1885, 163, 'pt_BR', 'Melilla'),
	(1886, 164, 'pt_BR', 'Murcia'),
	(1887, 165, 'pt_BR', 'Navarra'),
	(1888, 166, 'pt_BR', 'Ourense'),
	(1889, 167, 'pt_BR', 'Palencia'),
	(1890, 168, 'pt_BR', 'Pontevedra'),
	(1891, 169, 'pt_BR', 'Salamanca'),
	(1892, 170, 'pt_BR', 'Santa Cruz de Tenerife'),
	(1893, 171, 'pt_BR', 'Segovia'),
	(1894, 172, 'pt_BR', 'Sevilla'),
	(1895, 173, 'pt_BR', 'Soria'),
	(1896, 174, 'pt_BR', 'Tarragona'),
	(1897, 175, 'pt_BR', 'Teruel'),
	(1898, 176, 'pt_BR', 'Toledo'),
	(1899, 177, 'pt_BR', 'Valencia'),
	(1900, 178, 'pt_BR', 'Valladolid'),
	(1901, 179, 'pt_BR', 'Vizcaya'),
	(1902, 180, 'pt_BR', 'Zamora'),
	(1903, 181, 'pt_BR', 'Zaragoza'),
	(1904, 182, 'pt_BR', 'Ain'),
	(1905, 183, 'pt_BR', 'Aisne'),
	(1906, 184, 'pt_BR', 'Allier'),
	(1907, 185, 'pt_BR', 'Alpes da Alta Provença'),
	(1908, 186, 'pt_BR', 'Altos Alpes'),
	(1909, 187, 'pt_BR', 'Alpes-Maritimes'),
	(1910, 188, 'pt_BR', 'Ardèche'),
	(1911, 189, 'pt_BR', 'Ardennes'),
	(1912, 190, 'pt_BR', 'Ariege'),
	(1913, 191, 'pt_BR', 'Aube'),
	(1914, 192, 'pt_BR', 'Aude'),
	(1915, 193, 'pt_BR', 'Aveyron'),
	(1916, 194, 'pt_BR', 'BOCAS DO Rhône'),
	(1917, 195, 'pt_BR', 'Calvados'),
	(1918, 196, 'pt_BR', 'Cantal'),
	(1919, 197, 'pt_BR', 'Charente'),
	(1920, 198, 'pt_BR', 'Charente-Maritime'),
	(1921, 199, 'pt_BR', 'Cher'),
	(1922, 200, 'pt_BR', 'Corrèze'),
	(1923, 201, 'pt_BR', 'Corse-du-Sud'),
	(1924, 202, 'pt_BR', 'Alta Córsega'),
	(1925, 203, 'pt_BR', 'Costa d\'OrCorrèze'),
	(1926, 204, 'pt_BR', 'Cotes d\'Armor'),
	(1927, 205, 'pt_BR', 'Creuse'),
	(1928, 206, 'pt_BR', 'Dordogne'),
	(1929, 207, 'pt_BR', 'Doubs'),
	(1930, 208, 'pt_BR', 'DrômeFinistère'),
	(1931, 209, 'pt_BR', 'Eure'),
	(1932, 210, 'pt_BR', 'Eure-et-Loir'),
	(1933, 211, 'pt_BR', 'Finistère'),
	(1934, 212, 'pt_BR', 'Gard'),
	(1935, 213, 'pt_BR', 'Haute-Garonne'),
	(1936, 214, 'pt_BR', 'Gers'),
	(1937, 215, 'pt_BR', 'Gironde'),
	(1938, 216, 'pt_BR', 'Hérault'),
	(1939, 217, 'pt_BR', 'Ille-et-Vilaine'),
	(1940, 218, 'pt_BR', 'Indre'),
	(1941, 219, 'pt_BR', 'Indre-et-Loire'),
	(1942, 220, 'pt_BR', 'Isère'),
	(1943, 221, 'pt_BR', 'Jura'),
	(1944, 222, 'pt_BR', 'Landes'),
	(1945, 223, 'pt_BR', 'Loir-et-Cher'),
	(1946, 224, 'pt_BR', 'Loire'),
	(1947, 22, 'pt_BR', 'Haute-Loire'),
	(1948, 226, 'pt_BR', 'Loire-Atlantique'),
	(1949, 227, 'pt_BR', 'Loiret'),
	(1950, 228, 'pt_BR', 'Lot'),
	(1951, 229, 'pt_BR', 'Lot e Garona'),
	(1952, 230, 'pt_BR', 'Lozère'),
	(1953, 231, 'pt_BR', 'Maine-et-Loire'),
	(1954, 232, 'pt_BR', 'Manche'),
	(1955, 233, 'pt_BR', 'Marne'),
	(1956, 234, 'pt_BR', 'Haute-Marne'),
	(1957, 235, 'pt_BR', 'Mayenne'),
	(1958, 236, 'pt_BR', 'Meurthe-et-Moselle'),
	(1959, 237, 'pt_BR', 'Meuse'),
	(1960, 238, 'pt_BR', 'Morbihan'),
	(1961, 239, 'pt_BR', 'Moselle'),
	(1962, 240, 'pt_BR', 'Nièvre'),
	(1963, 241, 'pt_BR', 'Nord'),
	(1964, 242, 'pt_BR', 'Oise'),
	(1965, 243, 'pt_BR', 'Orne'),
	(1966, 244, 'pt_BR', 'Pas-de-Calais'),
	(1967, 24, 'pt_BR', 'Puy-de-Dôme'),
	(1968, 246, 'pt_BR', 'Pirineus Atlânticos'),
	(1969, 247, 'pt_BR', 'Hautes-Pyrénées'),
	(1970, 248, 'pt_BR', 'Pirineus Orientais'),
	(1971, 249, 'pt_BR', 'Bas-Rhin'),
	(1972, 250, 'pt_BR', 'Alto Reno'),
	(1973, 251, 'pt_BR', 'Rhône'),
	(1974, 252, 'pt_BR', 'Haute-Saône'),
	(1975, 253, 'pt_BR', 'Saône-et-Loire'),
	(1976, 25, 'pt_BR', 'Sarthe'),
	(1977, 255, 'pt_BR', 'Savoie'),
	(1978, 256, 'pt_BR', 'Alta Sabóia'),
	(1979, 257, 'pt_BR', 'Paris'),
	(1980, 258, 'pt_BR', 'Seine-Maritime'),
	(1981, 259, 'pt_BR', 'Seine-et-Marne'),
	(1982, 260, 'pt_BR', 'Yvelines'),
	(1983, 261, 'pt_BR', 'Deux-Sèvres'),
	(1984, 262, 'pt_BR', 'Somme'),
	(1985, 263, 'pt_BR', 'Tarn'),
	(1986, 264, 'pt_BR', 'Tarn-et-Garonne'),
	(1987, 265, 'pt_BR', 'Var'),
	(1988, 266, 'pt_BR', 'Vaucluse'),
	(1989, 267, 'pt_BR', 'Compradora'),
	(1990, 268, 'pt_BR', 'Vienne'),
	(1991, 269, 'pt_BR', 'Haute-Vienne'),
	(1992, 270, 'pt_BR', 'Vosges'),
	(1993, 271, 'pt_BR', 'Yonne'),
	(1994, 272, 'pt_BR', 'Território de Belfort'),
	(1995, 273, 'pt_BR', 'Essonne'),
	(1996, 274, 'pt_BR', 'Altos do Sena'),
	(1997, 275, 'pt_BR', 'Seine-Saint-Denis'),
	(1998, 276, 'pt_BR', 'Val-de-Marne'),
	(1999, 277, 'pt_BR', 'Val-d\'Oise'),
	(2000, 278, 'pt_BR', 'Alba'),
	(2001, 279, 'pt_BR', 'Arad'),
	(2002, 280, 'pt_BR', 'Arges'),
	(2003, 281, 'pt_BR', 'Bacau'),
	(2004, 282, 'pt_BR', 'Bihor'),
	(2005, 283, 'pt_BR', 'Bistrita-Nasaud'),
	(2006, 284, 'pt_BR', 'Botosani'),
	(2007, 285, 'pt_BR', 'Brașov'),
	(2008, 286, 'pt_BR', 'Braila'),
	(2009, 287, 'pt_BR', 'Bucareste'),
	(2010, 288, 'pt_BR', 'Buzau'),
	(2011, 289, 'pt_BR', 'Caras-Severin'),
	(2012, 290, 'pt_BR', 'Călărași'),
	(2013, 291, 'pt_BR', 'Cluj'),
	(2014, 292, 'pt_BR', 'Constanta'),
	(2015, 29, 'pt_BR', 'Covasna'),
	(2016, 294, 'pt_BR', 'Dambovita'),
	(2017, 295, 'pt_BR', 'Dolj'),
	(2018, 296, 'pt_BR', 'Galati'),
	(2019, 297, 'pt_BR', 'Giurgiu'),
	(2020, 298, 'pt_BR', 'Gorj'),
	(2021, 299, 'pt_BR', 'Harghita'),
	(2022, 300, 'pt_BR', 'Hunedoara'),
	(2023, 301, 'pt_BR', 'Ialomita'),
	(2024, 302, 'pt_BR', 'Iasi'),
	(2025, 303, 'pt_BR', 'Ilfov'),
	(2026, 304, 'pt_BR', 'Maramures'),
	(2027, 305, 'pt_BR', 'Maramures'),
	(2028, 306, 'pt_BR', 'Mures'),
	(2029, 307, 'pt_BR', 'alemão'),
	(2030, 308, 'pt_BR', 'Olt'),
	(2031, 309, 'pt_BR', 'Prahova'),
	(2032, 310, 'pt_BR', 'Satu-Mare'),
	(2033, 311, 'pt_BR', 'Salaj'),
	(2034, 312, 'pt_BR', 'Sibiu'),
	(2035, 313, 'pt_BR', 'Suceava'),
	(2036, 314, 'pt_BR', 'Teleorman'),
	(2037, 315, 'pt_BR', 'Timis'),
	(2038, 316, 'pt_BR', 'Tulcea'),
	(2039, 317, 'pt_BR', 'Vaslui'),
	(2040, 318, 'pt_BR', 'dale'),
	(2041, 319, 'pt_BR', 'Vrancea'),
	(2042, 320, 'pt_BR', 'Lappi'),
	(2043, 321, 'pt_BR', 'Pohjois-Pohjanmaa'),
	(2044, 322, 'pt_BR', 'Kainuu'),
	(2045, 323, 'pt_BR', 'Pohjois-Karjala'),
	(2046, 324, 'pt_BR', 'Pohjois-Savo'),
	(2047, 325, 'pt_BR', 'Sul Savo'),
	(2048, 326, 'pt_BR', 'Ostrobothnia do sul'),
	(2049, 327, 'pt_BR', 'Pohjanmaa'),
	(2050, 328, 'pt_BR', 'Pirkanmaa'),
	(2051, 329, 'pt_BR', 'Satakunta'),
	(2052, 330, 'pt_BR', 'Keski-Pohjanmaa'),
	(2053, 331, 'pt_BR', 'Keski-Suomi'),
	(2054, 332, 'pt_BR', 'Varsinais-Suomi'),
	(2055, 333, 'pt_BR', 'Carélia do Sul'),
	(2056, 334, 'pt_BR', 'Päijät-Häme'),
	(2057, 335, 'pt_BR', 'Kanta-Häme'),
	(2058, 336, 'pt_BR', 'Uusimaa'),
	(2059, 337, 'pt_BR', 'Uusimaa'),
	(2060, 338, 'pt_BR', 'Kymenlaakso'),
	(2061, 339, 'pt_BR', 'Ahvenanmaa'),
	(2062, 340, 'pt_BR', 'Harjumaa'),
	(2063, 341, 'pt_BR', 'Hiiumaa'),
	(2064, 342, 'pt_BR', 'Ida-Virumaa'),
	(2065, 343, 'pt_BR', 'Condado de Jõgeva'),
	(2066, 344, 'pt_BR', 'Condado de Järva'),
	(2067, 345, 'pt_BR', 'Läänemaa'),
	(2068, 346, 'pt_BR', 'Condado de Lääne-Viru'),
	(2069, 347, 'pt_BR', 'Condado de Põlva'),
	(2070, 348, 'pt_BR', 'Condado de Pärnu'),
	(2071, 349, 'pt_BR', 'Raplamaa'),
	(2072, 350, 'pt_BR', 'Saaremaa'),
	(2073, 351, 'pt_BR', 'Tartumaa'),
	(2074, 352, 'pt_BR', 'Valgamaa'),
	(2075, 353, 'pt_BR', 'Viljandimaa'),
	(2076, 354, 'pt_BR', 'Võrumaa'),
	(2077, 355, 'pt_BR', 'Daugavpils'),
	(2078, 356, 'pt_BR', 'Jelgava'),
	(2079, 357, 'pt_BR', 'Jekabpils'),
	(2080, 358, 'pt_BR', 'Jurmala'),
	(2081, 359, 'pt_BR', 'Liepaja'),
	(2082, 360, 'pt_BR', 'Liepaja County'),
	(2083, 361, 'pt_BR', 'Rezekne'),
	(2084, 362, 'pt_BR', 'Riga'),
	(2085, 363, 'pt_BR', 'Condado de Riga'),
	(2086, 364, 'pt_BR', 'Valmiera'),
	(2087, 365, 'pt_BR', 'Ventspils'),
	(2088, 366, 'pt_BR', 'Aglonas novads'),
	(2089, 367, 'pt_BR', 'Aizkraukles novads'),
	(2090, 368, 'pt_BR', 'Aizputes novads'),
	(2091, 369, 'pt_BR', 'Condado de Akniste'),
	(2092, 370, 'pt_BR', 'Alojas novads'),
	(2093, 371, 'pt_BR', 'Alsungas novads'),
	(2094, 372, 'pt_BR', 'Aluksne County'),
	(2095, 373, 'pt_BR', 'Amatas novads'),
	(2096, 374, 'pt_BR', 'Macacos novads'),
	(2097, 375, 'pt_BR', 'Auces novads'),
	(2098, 376, 'pt_BR', 'Babītes novads'),
	(2099, 377, 'pt_BR', 'Baldones novads'),
	(2100, 378, 'pt_BR', 'Baltinavas novads'),
	(2101, 379, 'pt_BR', 'Balvu novads'),
	(2102, 380, 'pt_BR', 'Bauskas novads'),
	(2103, 381, 'pt_BR', 'Condado de Beverina'),
	(2104, 382, 'pt_BR', 'Condado de Broceni'),
	(2105, 383, 'pt_BR', 'Burtnieku novads'),
	(2106, 384, 'pt_BR', 'Carnikavas novads'),
	(2107, 385, 'pt_BR', 'Cesvaines novads'),
	(2108, 386, 'pt_BR', 'Ciblas novads'),
	(2109, 387, 'pt_BR', 'Cesis county'),
	(2110, 388, 'pt_BR', 'Dagdas novads'),
	(2111, 389, 'pt_BR', 'Daugavpils novads'),
	(2112, 390, 'pt_BR', 'Dobeles novads'),
	(2113, 391, 'pt_BR', 'Dundagas novads'),
	(2114, 392, 'pt_BR', 'Durbes novads'),
	(2115, 393, 'pt_BR', 'Engad novads'),
	(2116, 394, 'pt_BR', 'Garkalnes novads'),
	(2117, 395, 'pt_BR', 'O condado de Grobiņa'),
	(2118, 396, 'pt_BR', 'Gulbenes novads'),
	(2119, 397, 'pt_BR', 'Iecavas novads'),
	(2120, 398, 'pt_BR', 'Ikskile county'),
	(2121, 399, 'pt_BR', 'Ilūkste county'),
	(2122, 400, 'pt_BR', 'Condado de Inčukalns'),
	(2123, 401, 'pt_BR', 'Jaunjelgavas novads'),
	(2124, 402, 'pt_BR', 'Jaunpiebalgas novads'),
	(2125, 403, 'pt_BR', 'Jaunpils novads'),
	(2126, 404, 'pt_BR', 'Jelgavas novads'),
	(2127, 405, 'pt_BR', 'Jekabpils county'),
	(2128, 406, 'pt_BR', 'Kandavas novads'),
	(2129, 407, 'pt_BR', 'Kokneses novads'),
	(2130, 408, 'pt_BR', 'Krimuldas novads'),
	(2131, 409, 'pt_BR', 'Krustpils novads'),
	(2132, 410, 'pt_BR', 'Condado de Kraslava'),
	(2133, 411, 'pt_BR', 'Condado de Kuldīga'),
	(2134, 412, 'pt_BR', 'Condado de Kārsava'),
	(2135, 413, 'pt_BR', 'Condado de Lielvarde'),
	(2136, 414, 'pt_BR', 'Condado de Limbaži'),
	(2137, 415, 'pt_BR', 'O distrito de Lubāna'),
	(2138, 416, 'pt_BR', 'Ludzas novads'),
	(2139, 417, 'pt_BR', 'Ligatne county'),
	(2140, 418, 'pt_BR', 'Livani county'),
	(2141, 419, 'pt_BR', 'Madonas novads'),
	(2142, 420, 'pt_BR', 'Mazsalacas novads'),
	(2143, 421, 'pt_BR', 'Mālpils county'),
	(2144, 422, 'pt_BR', 'Mārupe county'),
	(2145, 423, 'pt_BR', 'O condado de Naukšēni'),
	(2146, 424, 'pt_BR', 'Neretas novads'),
	(2147, 425, 'pt_BR', 'Nīca county'),
	(2148, 426, 'pt_BR', 'Ogres novads'),
	(2149, 427, 'pt_BR', 'Olaines novads'),
	(2150, 428, 'pt_BR', 'Ozolnieku novads'),
	(2151, 429, 'pt_BR', 'Preiļi county'),
	(2152, 430, 'pt_BR', 'Priekules novads'),
	(2153, 431, 'pt_BR', 'Condado de Priekuļi'),
	(2154, 432, 'pt_BR', 'Moving county'),
	(2155, 433, 'pt_BR', 'Condado de Pavilosta'),
	(2156, 434, 'pt_BR', 'Condado de Plavinas'),
	(2157, 435, 'pt_BR', 'Raunas novads'),
	(2158, 436, 'pt_BR', 'Condado de Riebiņi'),
	(2159, 437, 'pt_BR', 'Rojas novads'),
	(2160, 438, 'pt_BR', 'Ropazi county'),
	(2161, 439, 'pt_BR', 'Rucavas novads'),
	(2162, 440, 'pt_BR', 'Rugāji county'),
	(2163, 441, 'pt_BR', 'Rundāle county'),
	(2164, 442, 'pt_BR', 'Rezekne county'),
	(2165, 443, 'pt_BR', 'Rūjiena county'),
	(2166, 444, 'pt_BR', 'O município de Salacgriva'),
	(2167, 445, 'pt_BR', 'Salas novads'),
	(2168, 446, 'pt_BR', 'Salaspils novads'),
	(2169, 447, 'pt_BR', 'Saldus novads'),
	(2170, 448, 'pt_BR', 'Saulkrastu novads'),
	(2171, 449, 'pt_BR', 'Siguldas novads'),
	(2172, 450, 'pt_BR', 'Skrundas novads'),
	(2173, 451, 'pt_BR', 'Skrīveri county'),
	(2174, 452, 'pt_BR', 'Smiltenes novads'),
	(2175, 453, 'pt_BR', 'Condado de Stopini'),
	(2176, 454, 'pt_BR', 'Condado de Strenči'),
	(2177, 455, 'pt_BR', 'Região de semeadura'),
	(2178, 456, 'pt_BR', 'Talsu novads'),
	(2179, 457, 'pt_BR', 'Tukuma novads'),
	(2180, 458, 'pt_BR', 'Condado de Tērvete'),
	(2181, 459, 'pt_BR', 'O condado de Vaiņode'),
	(2182, 460, 'pt_BR', 'Valkas novads'),
	(2183, 461, 'pt_BR', 'Valmieras novads'),
	(2184, 462, 'pt_BR', 'Varaklani county'),
	(2185, 463, 'pt_BR', 'Vecpiebalgas novads'),
	(2186, 464, 'pt_BR', 'Vecumnieku novads'),
	(2187, 465, 'pt_BR', 'Ventspils novads'),
	(2188, 466, 'pt_BR', 'Condado de Viesite'),
	(2189, 467, 'pt_BR', 'Condado de Vilaka'),
	(2190, 468, 'pt_BR', 'Vilani county'),
	(2191, 469, 'pt_BR', 'Condado de Varkava'),
	(2192, 470, 'pt_BR', 'Zilupes novads'),
	(2193, 471, 'pt_BR', 'Adazi county'),
	(2194, 472, 'pt_BR', 'Erglu county'),
	(2195, 473, 'pt_BR', 'Kegums county'),
	(2196, 474, 'pt_BR', 'Kekava county'),
	(2197, 475, 'pt_BR', 'Alytaus Apskritis'),
	(2198, 476, 'pt_BR', 'Kauno Apskritis'),
	(2199, 477, 'pt_BR', 'Condado de Klaipeda'),
	(2200, 478, 'pt_BR', 'Marijampolė county'),
	(2201, 479, 'pt_BR', 'Panevezys county'),
	(2202, 480, 'pt_BR', 'Siauliai county'),
	(2203, 481, 'pt_BR', 'Taurage county'),
	(2204, 482, 'pt_BR', 'Telšiai county'),
	(2205, 483, 'pt_BR', 'Utenos Apskritis'),
	(2206, 484, 'pt_BR', 'Vilniaus Apskritis'),
	(2207, 485, 'pt_BR', 'Acre'),
	(2208, 486, 'pt_BR', 'Alagoas'),
	(2209, 487, 'pt_BR', 'Amapá'),
	(2210, 488, 'pt_BR', 'Amazonas'),
	(2211, 489, 'pt_BR', 'Bahia'),
	(2212, 490, 'pt_BR', 'Ceará'),
	(2213, 491, 'pt_BR', 'Espírito Santo'),
	(2214, 492, 'pt_BR', 'Goiás'),
	(2215, 493, 'pt_BR', 'Maranhão'),
	(2216, 494, 'pt_BR', 'Mato Grosso'),
	(2217, 495, 'pt_BR', 'Mato Grosso do Sul'),
	(2218, 496, 'pt_BR', 'Minas Gerais'),
	(2219, 497, 'pt_BR', 'Pará'),
	(2220, 498, 'pt_BR', 'Paraíba'),
	(2221, 499, 'pt_BR', 'Paraná'),
	(2222, 500, 'pt_BR', 'Pernambuco'),
	(2223, 501, 'pt_BR', 'Piauí'),
	(2224, 502, 'pt_BR', 'Rio de Janeiro'),
	(2225, 503, 'pt_BR', 'Rio Grande do Norte'),
	(2226, 504, 'pt_BR', 'Rio Grande do Sul'),
	(2227, 505, 'pt_BR', 'Rondônia'),
	(2228, 506, 'pt_BR', 'Roraima'),
	(2229, 507, 'pt_BR', 'Santa Catarina'),
	(2230, 508, 'pt_BR', 'São Paulo'),
	(2231, 509, 'pt_BR', 'Sergipe'),
	(2232, 510, 'pt_BR', 'Tocantins'),
	(2233, 511, 'pt_BR', 'Distrito Federal'),
	(2234, 512, 'pt_BR', 'Condado de Zagreb'),
	(2235, 513, 'pt_BR', 'Condado de Krapina-Zagorje'),
	(2236, 514, 'pt_BR', 'Condado de Sisak-Moslavina'),
	(2237, 515, 'pt_BR', 'Condado de Karlovac'),
	(2238, 516, 'pt_BR', 'Concelho de Varaždin'),
	(2239, 517, 'pt_BR', 'Condado de Koprivnica-Križevci'),
	(2240, 518, 'pt_BR', 'Condado de Bjelovar-Bilogora'),
	(2241, 519, 'pt_BR', 'Condado de Primorje-Gorski kotar'),
	(2242, 520, 'pt_BR', 'Condado de Lika-Senj'),
	(2243, 521, 'pt_BR', 'Condado de Virovitica-Podravina'),
	(2244, 522, 'pt_BR', 'Condado de Požega-Slavonia'),
	(2245, 523, 'pt_BR', 'Condado de Brod-Posavina'),
	(2246, 524, 'pt_BR', 'Condado de Zadar'),
	(2247, 525, 'pt_BR', 'Condado de Osijek-Baranja'),
	(2248, 526, 'pt_BR', 'Condado de Šibenik-Knin'),
	(2249, 527, 'pt_BR', 'Condado de Vukovar-Srijem'),
	(2250, 528, 'pt_BR', 'Condado de Split-Dalmácia'),
	(2251, 529, 'pt_BR', 'Condado de Ístria'),
	(2252, 530, 'pt_BR', 'Condado de Dubrovnik-Neretva'),
	(2253, 531, 'pt_BR', 'Međimurska županija'),
	(2254, 532, 'pt_BR', 'Grad Zagreb'),
	(2255, 533, 'pt_BR', 'Ilhas Andaman e Nicobar'),
	(2256, 534, 'pt_BR', 'Andhra Pradesh'),
	(2257, 535, 'pt_BR', 'Arunachal Pradesh'),
	(2258, 536, 'pt_BR', 'Assam'),
	(2259, 537, 'pt_BR', 'Bihar'),
	(2260, 538, 'pt_BR', 'Chandigarh'),
	(2261, 539, 'pt_BR', 'Chhattisgarh'),
	(2262, 540, 'pt_BR', 'Dadra e Nagar Haveli'),
	(2263, 541, 'pt_BR', 'Daman e Diu'),
	(2264, 542, 'pt_BR', 'Delhi'),
	(2265, 543, 'pt_BR', 'Goa'),
	(2266, 544, 'pt_BR', 'Gujarat'),
	(2267, 545, 'pt_BR', 'Haryana'),
	(2268, 546, 'pt_BR', 'Himachal Pradesh'),
	(2269, 547, 'pt_BR', 'Jammu e Caxemira'),
	(2270, 548, 'pt_BR', 'Jharkhand'),
	(2271, 549, 'pt_BR', 'Karnataka'),
	(2272, 550, 'pt_BR', 'Kerala'),
	(2273, 551, 'pt_BR', 'Lakshadweep'),
	(2274, 552, 'pt_BR', 'Madhya Pradesh'),
	(2275, 553, 'pt_BR', 'Maharashtra'),
	(2276, 554, 'pt_BR', 'Manipur'),
	(2277, 555, 'pt_BR', 'Meghalaya'),
	(2278, 556, 'pt_BR', 'Mizoram'),
	(2279, 557, 'pt_BR', 'Nagaland'),
	(2280, 558, 'pt_BR', 'Odisha'),
	(2281, 559, 'pt_BR', 'Puducherry'),
	(2282, 560, 'pt_BR', 'Punjab'),
	(2283, 561, 'pt_BR', 'Rajasthan'),
	(2284, 562, 'pt_BR', 'Sikkim'),
	(2285, 563, 'pt_BR', 'Tamil Nadu'),
	(2286, 564, 'pt_BR', 'Telangana'),
	(2287, 565, 'pt_BR', 'Tripura'),
	(2288, 566, 'pt_BR', 'Uttar Pradesh'),
	(2289, 567, 'pt_BR', 'Uttarakhand'),
	(2290, 568, 'pt_BR', 'Bengala Ocidental');

-- Dumping structure for table matress.country_translations
DROP TABLE IF EXISTS `country_translations`;
CREATE TABLE IF NOT EXISTS `country_translations` (
  `id` int unsigned NOT NULL AUTO_INCREMENT,
  `country_id` int unsigned NOT NULL,
  `locale` varchar(191) COLLATE utf8mb4_unicode_ci NOT NULL,
  `name` text COLLATE utf8mb4_unicode_ci,
  PRIMARY KEY (`id`),
  KEY `country_translations_country_id_foreign` (`country_id`),
  CONSTRAINT `country_translations_country_id_foreign` FOREIGN KEY (`country_id`) REFERENCES `countries` (`id`) ON DELETE CASCADE
) ENGINE=InnoDB AUTO_INCREMENT=1021 DEFAULT CHARSET=utf8mb4 COLLATE=utf8mb4_unicode_ci ROW_FORMAT=DYNAMIC;

-- Dumping data for table matress.country_translations: ~1,020 rows (approximately)
REPLACE INTO `country_translations` (`id`, `country_id`, `locale`, `name`) VALUES
	(1, 1, 'ar', 'أفغانستان'),
	(2, 2, 'ar', 'جزر آلاند'),
	(3, 3, 'ar', 'ألبانيا'),
	(4, 4, 'ar', 'الجزائر'),
	(5, 5, 'ar', 'ساموا الأمريكية'),
	(6, 6, 'ar', 'أندورا'),
	(7, 7, 'ar', 'أنغولا'),
	(8, 8, 'ar', 'أنغيلا'),
	(9, 9, 'ar', 'القارة القطبية الجنوبية'),
	(10, 10, 'ar', 'أنتيغوا وبربودا'),
	(11, 11, 'ar', 'الأرجنتين'),
	(12, 12, 'ar', 'أرمينيا'),
	(13, 13, 'ar', 'أروبا'),
	(14, 14, 'ar', 'جزيرة الصعود'),
	(15, 15, 'ar', 'أستراليا'),
	(16, 16, 'ar', 'النمسا'),
	(17, 17, 'ar', 'أذربيجان'),
	(18, 18, 'ar', 'الباهاما'),
	(19, 19, 'ar', 'البحرين'),
	(20, 20, 'ar', 'بنغلاديش'),
	(21, 21, 'ar', 'بربادوس'),
	(22, 22, 'ar', 'روسيا البيضاء'),
	(23, 23, 'ar', 'بلجيكا'),
	(24, 24, 'ar', 'بليز'),
	(25, 25, 'ar', 'بنين'),
	(26, 26, 'ar', 'برمودا'),
	(27, 27, 'ar', 'بوتان'),
	(28, 28, 'ar', 'بوليفيا'),
	(29, 29, 'ar', 'البوسنة والهرسك'),
	(30, 30, 'ar', 'بوتسوانا'),
	(31, 31, 'ar', 'البرازيل'),
	(32, 32, 'ar', 'إقليم المحيط البريطاني الهندي'),
	(33, 33, 'ar', 'جزر فيرجن البريطانية'),
	(34, 34, 'ar', 'بروناي'),
	(35, 35, 'ar', 'بلغاريا'),
	(36, 36, 'ar', 'بوركينا فاسو'),
	(37, 37, 'ar', 'بوروندي'),
	(38, 38, 'ar', 'كمبوديا'),
	(39, 39, 'ar', 'الكاميرون'),
	(40, 40, 'ar', 'كندا'),
	(41, 41, 'ar', 'جزر الكناري'),
	(42, 42, 'ar', 'الرأس الأخضر'),
	(43, 43, 'ar', 'الكاريبي هولندا'),
	(44, 44, 'ar', 'جزر كايمان'),
	(45, 45, 'ar', 'جمهورية افريقيا الوسطى'),
	(46, 46, 'ar', 'سبتة ومليلية'),
	(47, 47, 'ar', 'تشاد'),
	(48, 48, 'ar', 'تشيلي'),
	(49, 49, 'ar', 'الصين'),
	(50, 50, 'ar', 'جزيرة الكريسماس'),
	(51, 51, 'ar', 'جزر كوكوس (كيلينغ)'),
	(52, 52, 'ar', 'كولومبيا'),
	(53, 53, 'ar', 'جزر القمر'),
	(54, 54, 'ar', 'الكونغو - برازافيل'),
	(55, 55, 'ar', 'الكونغو - كينشاسا'),
	(56, 56, 'ar', 'جزر كوك'),
	(57, 57, 'ar', 'كوستاريكا'),
	(58, 58, 'ar', 'ساحل العاج'),
	(59, 59, 'ar', 'كرواتيا'),
	(60, 60, 'ar', 'كوبا'),
	(61, 61, 'ar', 'كوراساو'),
	(62, 62, 'ar', 'قبرص'),
	(63, 63, 'ar', 'التشيك'),
	(64, 64, 'ar', 'الدنمارك'),
	(65, 65, 'ar', 'دييغو غارسيا'),
	(66, 66, 'ar', 'جيبوتي'),
	(67, 67, 'ar', 'دومينيكا'),
	(68, 68, 'ar', 'جمهورية الدومنيكان'),
	(69, 69, 'ar', 'الإكوادور'),
	(70, 70, 'ar', 'مصر'),
	(71, 71, 'ar', 'السلفادور'),
	(72, 72, 'ar', 'غينيا الإستوائية'),
	(73, 73, 'ar', 'إريتريا'),
	(74, 74, 'ar', 'استونيا'),
	(75, 75, 'ar', 'أثيوبيا'),
	(76, 76, 'ar', 'منطقة اليورو'),
	(77, 77, 'ar', 'جزر فوكلاند'),
	(78, 78, 'ar', 'جزر فاروس'),
	(79, 79, 'ar', 'فيجي'),
	(80, 80, 'ar', 'فنلندا'),
	(81, 81, 'ar', 'فرنسا'),
	(82, 82, 'ar', 'غيانا الفرنسية'),
	(83, 83, 'ar', 'بولينيزيا الفرنسية'),
	(84, 84, 'ar', 'المناطق الجنوبية لفرنسا'),
	(85, 85, 'ar', 'الغابون'),
	(86, 86, 'ar', 'غامبيا'),
	(87, 87, 'ar', 'جورجيا'),
	(88, 88, 'ar', 'ألمانيا'),
	(89, 89, 'ar', 'غانا'),
	(90, 90, 'ar', 'جبل طارق'),
	(91, 91, 'ar', 'اليونان'),
	(92, 92, 'ar', 'الأرض الخضراء'),
	(93, 93, 'ar', 'غرينادا'),
	(94, 94, 'ar', 'جوادلوب'),
	(95, 95, 'ar', 'غوام'),
	(96, 96, 'ar', 'غواتيمالا'),
	(97, 97, 'ar', 'غيرنسي'),
	(98, 98, 'ar', 'غينيا'),
	(99, 99, 'ar', 'غينيا بيساو'),
	(100, 100, 'ar', 'غيانا'),
	(101, 101, 'ar', 'هايتي'),
	(102, 102, 'ar', 'هندوراس'),
	(103, 103, 'ar', 'هونج كونج SAR الصين'),
	(104, 104, 'ar', 'هنغاريا'),
	(105, 105, 'ar', 'أيسلندا'),
	(106, 106, 'ar', 'الهند'),
	(107, 107, 'ar', 'إندونيسيا'),
	(108, 108, 'ar', 'إيران'),
	(109, 109, 'ar', 'العراق'),
	(110, 110, 'ar', 'أيرلندا'),
	(111, 111, 'ar', 'جزيرة آيل أوف مان'),
	(112, 112, 'ar', 'إسرائيل'),
	(113, 113, 'ar', 'إيطاليا'),
	(114, 114, 'ar', 'جامايكا'),
	(115, 115, 'ar', 'اليابان'),
	(116, 116, 'ar', 'جيرسي'),
	(117, 117, 'ar', 'الأردن'),
	(118, 118, 'ar', 'كازاخستان'),
	(119, 119, 'ar', 'كينيا'),
	(120, 120, 'ar', 'كيريباس'),
	(121, 121, 'ar', 'كوسوفو'),
	(122, 122, 'ar', 'الكويت'),
	(123, 123, 'ar', 'قرغيزستان'),
	(124, 124, 'ar', 'لاوس'),
	(125, 125, 'ar', 'لاتفيا'),
	(126, 126, 'ar', 'لبنان'),
	(127, 127, 'ar', 'ليسوتو'),
	(128, 128, 'ar', 'ليبيريا'),
	(129, 129, 'ar', 'ليبيا'),
	(130, 130, 'ar', 'ليختنشتاين'),
	(131, 131, 'ar', 'ليتوانيا'),
	(132, 132, 'ar', 'لوكسمبورغ'),
	(133, 133, 'ar', 'ماكاو SAR الصين'),
	(134, 134, 'ar', 'مقدونيا'),
	(135, 135, 'ar', 'مدغشقر'),
	(136, 136, 'ar', 'مالاوي'),
	(137, 137, 'ar', 'ماليزيا'),
	(138, 138, 'ar', 'جزر المالديف'),
	(139, 139, 'ar', 'مالي'),
	(140, 140, 'ar', 'مالطا'),
	(141, 141, 'ar', 'جزر مارشال'),
	(142, 142, 'ar', 'مارتينيك'),
	(143, 143, 'ar', 'موريتانيا'),
	(144, 144, 'ar', 'موريشيوس'),
	(145, 145, 'ar', 'ضائع'),
	(146, 146, 'ar', 'المكسيك'),
	(147, 147, 'ar', 'ميكرونيزيا'),
	(148, 148, 'ar', 'مولدوفا'),
	(149, 149, 'ar', 'موناكو'),
	(150, 150, 'ar', 'منغوليا'),
	(151, 151, 'ar', 'الجبل الأسود'),
	(152, 152, 'ar', 'مونتسيرات'),
	(153, 153, 'ar', 'المغرب'),
	(154, 154, 'ar', 'موزمبيق'),
	(155, 155, 'ar', 'ميانمار (بورما)'),
	(156, 156, 'ar', 'ناميبيا'),
	(157, 157, 'ar', 'ناورو'),
	(158, 158, 'ar', 'نيبال'),
	(159, 159, 'ar', 'نيبال'),
	(160, 160, 'ar', 'كاليدونيا الجديدة'),
	(161, 161, 'ar', 'نيوزيلاندا'),
	(162, 162, 'ar', 'نيكاراغوا'),
	(163, 163, 'ar', 'النيجر'),
	(164, 164, 'ar', 'نيجيريا'),
	(165, 165, 'ar', 'نيوي'),
	(166, 166, 'ar', 'جزيرة نورفولك'),
	(167, 167, 'ar', 'كوريا الشماليه'),
	(168, 168, 'ar', 'جزر مريانا الشمالية'),
	(169, 169, 'ar', 'النرويج'),
	(170, 170, 'ar', 'سلطنة عمان'),
	(171, 171, 'ar', 'باكستان'),
	(172, 172, 'ar', 'بالاو'),
	(173, 173, 'ar', 'الاراضي الفلسطينية'),
	(174, 174, 'ar', 'بناما'),
	(175, 175, 'ar', 'بابوا غينيا الجديدة'),
	(176, 176, 'ar', 'باراغواي'),
	(177, 177, 'ar', 'بيرو'),
	(178, 178, 'ar', 'الفلبين'),
	(179, 179, 'ar', 'جزر بيتكيرن'),
	(180, 180, 'ar', 'بولندا'),
	(181, 181, 'ar', 'البرتغال'),
	(182, 182, 'ar', 'بورتوريكو'),
	(183, 183, 'ar', 'دولة قطر'),
	(184, 184, 'ar', 'جمع شمل'),
	(185, 185, 'ar', 'رومانيا'),
	(186, 186, 'ar', 'روسيا'),
	(187, 187, 'ar', 'رواندا'),
	(188, 188, 'ar', 'ساموا'),
	(189, 189, 'ar', 'سان مارينو'),
	(190, 190, 'ar', 'سانت كيتس ونيفيس'),
	(191, 191, 'ar', 'المملكة العربية السعودية'),
	(192, 192, 'ar', 'السنغال'),
	(193, 193, 'ar', 'صربيا'),
	(194, 194, 'ar', 'سيشيل'),
	(195, 195, 'ar', 'سيراليون'),
	(196, 196, 'ar', 'سنغافورة'),
	(197, 197, 'ar', 'سينت مارتن'),
	(198, 198, 'ar', 'سلوفاكيا'),
	(199, 199, 'ar', 'سلوفينيا'),
	(200, 200, 'ar', 'جزر سليمان'),
	(201, 201, 'ar', 'الصومال'),
	(202, 202, 'ar', 'جنوب أفريقيا'),
	(203, 203, 'ar', 'جورجيا الجنوبية وجزر ساندويتش الجنوبية'),
	(204, 204, 'ar', 'كوريا الجنوبية'),
	(205, 205, 'ar', 'جنوب السودان'),
	(206, 206, 'ar', 'إسبانيا'),
	(207, 207, 'ar', 'سيريلانكا'),
	(208, 208, 'ar', 'سانت بارتيليمي'),
	(209, 209, 'ar', 'سانت هيلانة'),
	(210, 210, 'ar', 'سانت كيتس ونيفيس'),
	(211, 211, 'ar', 'شارع لوسيا'),
	(212, 212, 'ar', 'سانت مارتن'),
	(213, 213, 'ar', 'سانت بيير وميكلون'),
	(214, 214, 'ar', 'سانت فنسنت وجزر غرينادين'),
	(215, 215, 'ar', 'السودان'),
	(216, 216, 'ar', 'سورينام'),
	(217, 217, 'ar', 'سفالبارد وجان ماين'),
	(218, 218, 'ar', 'سوازيلاند'),
	(219, 219, 'ar', 'السويد'),
	(220, 220, 'ar', 'سويسرا'),
	(221, 221, 'ar', 'سوريا'),
	(222, 222, 'ar', 'تايوان'),
	(223, 223, 'ar', 'طاجيكستان'),
	(224, 224, 'ar', 'تنزانيا'),
	(225, 225, 'ar', 'تايلاند'),
	(226, 226, 'ar', 'تيمور'),
	(227, 227, 'ar', 'توجو'),
	(228, 228, 'ar', 'توكيلاو'),
	(229, 229, 'ar', 'تونغا'),
	(230, 230, 'ar', 'ترينيداد وتوباغو'),
	(231, 231, 'ar', 'تريستان دا كونها'),
	(232, 232, 'ar', 'تونس'),
	(233, 233, 'ar', 'ديك رومي'),
	(234, 234, 'ar', 'تركمانستان'),
	(235, 235, 'ar', 'جزر تركس وكايكوس'),
	(236, 236, 'ar', 'توفالو'),
	(237, 237, 'ar', 'جزر الولايات المتحدة البعيدة'),
	(238, 238, 'ar', 'جزر فيرجن الأمريكية'),
	(239, 239, 'ar', 'أوغندا'),
	(240, 240, 'ar', 'أوكرانيا'),
	(241, 241, 'ar', 'الإمارات العربية المتحدة'),
	(242, 242, 'ar', 'المملكة المتحدة'),
	(243, 243, 'ar', 'الأمم المتحدة'),
	(244, 244, 'ar', 'الولايات المتحدة الأمريكية'),
	(245, 245, 'ar', 'أوروغواي'),
	(246, 246, 'ar', 'أوزبكستان'),
	(247, 247, 'ar', 'فانواتو'),
	(248, 248, 'ar', 'مدينة الفاتيكان'),
	(249, 249, 'ar', 'فنزويلا'),
	(250, 250, 'ar', 'فيتنام'),
	(251, 251, 'ar', 'واليس وفوتونا'),
	(252, 252, 'ar', 'الصحراء الغربية'),
	(253, 253, 'ar', 'اليمن'),
	(254, 254, 'ar', 'زامبيا'),
	(255, 255, 'ar', 'زيمبابوي'),
	(256, 1, 'es', 'Afganistán'),
	(257, 2, 'es', 'Islas Åland'),
	(258, 3, 'es', 'Albania'),
	(259, 4, 'es', 'Argelia'),
	(260, 5, 'es', 'Samoa Americana'),
	(261, 6, 'es', 'Andorra'),
	(262, 7, 'es', 'Angola'),
	(263, 8, 'es', 'Anguila'),
	(264, 9, 'es', 'Antártida'),
	(265, 10, 'es', 'Antigua y Barbuda'),
	(266, 11, 'es', 'Argentina'),
	(267, 12, 'es', 'Armenia'),
	(268, 13, 'es', 'Aruba'),
	(269, 14, 'es', 'Isla Ascensión'),
	(270, 15, 'es', 'Australia'),
	(271, 16, 'es', 'Austria'),
	(272, 17, 'es', 'Azerbaiyán'),
	(273, 18, 'es', 'Bahamas'),
	(274, 19, 'es', 'Bahrein'),
	(275, 20, 'es', 'Bangladesh'),
	(276, 21, 'es', 'Barbados'),
	(277, 22, 'es', 'Bielorrusia'),
	(278, 23, 'es', 'Bélgica'),
	(279, 24, 'es', 'Belice'),
	(280, 25, 'es', 'Benín'),
	(281, 26, 'es', 'Islas Bermudas'),
	(282, 27, 'es', 'Bhután'),
	(283, 28, 'es', 'Bolivia'),
	(284, 29, 'es', 'Bosnia y Herzegovina'),
	(285, 30, 'es', 'Botsuana'),
	(286, 31, 'es', 'Brasil'),
	(287, 32, 'es', 'Territorio Británico del Océano índico'),
	(288, 33, 'es', 'Islas Vírgenes Británicas'),
	(289, 34, 'es', 'Brunéi'),
	(290, 35, 'es', 'Bulgaria'),
	(291, 36, 'es', 'Burkina Faso'),
	(292, 37, 'es', 'Burundi'),
	(293, 38, 'es', 'Camboya'),
	(294, 39, 'es', 'Camerún'),
	(295, 40, 'es', 'Canadá'),
	(296, 41, 'es', 'Islas Canarias'),
	(297, 42, 'es', 'Cabo Verde'),
	(298, 43, 'es', 'Caribe Neerlandés'),
	(299, 44, 'es', 'Islas Caimán'),
	(300, 45, 'es', 'República Centroafricana'),
	(301, 46, 'es', 'Ceuta y Melilla'),
	(302, 47, 'es', 'Chad'),
	(303, 48, 'es', 'Chile'),
	(304, 49, 'es', 'China'),
	(305, 50, 'es', 'Isla de Navidad'),
	(306, 51, 'es', 'Islas Cocos'),
	(307, 52, 'es', 'Colombia'),
	(308, 53, 'es', 'Comoras'),
	(309, 54, 'es', 'República del Congo'),
	(310, 55, 'es', 'República Democrática del Congo'),
	(311, 56, 'es', 'Islas Cook'),
	(312, 57, 'es', 'Costa Rica'),
	(313, 58, 'es', 'Costa de Marfil'),
	(314, 59, 'es', 'Croacia'),
	(315, 60, 'es', 'Cuba'),
	(316, 61, 'es', 'Curazao'),
	(317, 62, 'es', 'Chipre'),
	(318, 63, 'es', 'República Checa'),
	(319, 64, 'es', 'Dinamarca'),
	(320, 65, 'es', 'Diego García'),
	(321, 66, 'es', 'Yibuti'),
	(322, 67, 'es', 'Dominica'),
	(323, 68, 'es', 'República Dominicana'),
	(324, 69, 'es', 'Ecuador'),
	(325, 70, 'es', 'Egipto'),
	(326, 71, 'es', 'El Salvador'),
	(327, 72, 'es', 'Guinea Ecuatorial'),
	(328, 73, 'es', 'Eritrea'),
	(329, 74, 'es', 'Estonia'),
	(330, 75, 'es', 'Etiopía'),
	(331, 76, 'es', 'Europa'),
	(332, 77, 'es', 'Islas Malvinas'),
	(333, 78, 'es', 'Islas Feroe'),
	(334, 79, 'es', 'Fiyi'),
	(335, 80, 'es', 'Finlandia'),
	(336, 81, 'es', 'Francia'),
	(337, 82, 'es', 'Guayana Francesa'),
	(338, 83, 'es', 'Polinesia Francesa'),
	(339, 84, 'es', 'Territorios Australes y Antárticas Franceses'),
	(340, 85, 'es', 'Gabón'),
	(341, 86, 'es', 'Gambia'),
	(342, 87, 'es', 'Georgia'),
	(343, 88, 'es', 'Alemania'),
	(344, 89, 'es', 'Ghana'),
	(345, 90, 'es', 'Gibraltar'),
	(346, 91, 'es', 'Grecia'),
	(347, 92, 'es', 'Groenlandia'),
	(348, 93, 'es', 'Granada'),
	(349, 94, 'es', 'Guadalupe'),
	(350, 95, 'es', 'Guam'),
	(351, 96, 'es', 'Guatemala'),
	(352, 97, 'es', 'Guernsey'),
	(353, 98, 'es', 'Guinea'),
	(354, 99, 'es', 'Guinea-Bisáu'),
	(355, 100, 'es', 'Guyana'),
	(356, 101, 'es', 'Haití'),
	(357, 102, 'es', 'Honduras'),
	(358, 103, 'es', 'Hong Kong'),
	(359, 104, 'es', 'Hungría'),
	(360, 105, 'es', 'Islandia'),
	(361, 106, 'es', 'India'),
	(362, 107, 'es', 'Indonesia'),
	(363, 108, 'es', 'Irán'),
	(364, 109, 'es', 'Irak'),
	(365, 110, 'es', 'Irlanda'),
	(366, 111, 'es', 'Isla de Man'),
	(367, 112, 'es', 'Israel'),
	(368, 113, 'es', 'Italia'),
	(369, 114, 'es', 'Jamaica'),
	(370, 115, 'es', 'Japón'),
	(371, 116, 'es', 'Jersey'),
	(372, 117, 'es', 'Jordania'),
	(373, 118, 'es', 'Kazajistán'),
	(374, 119, 'es', 'Kenia'),
	(375, 120, 'es', 'Kiribati'),
	(376, 121, 'es', 'Kosovo'),
	(377, 122, 'es', 'Kuwait'),
	(378, 123, 'es', 'Kirguistán'),
	(379, 124, 'es', 'Laos'),
	(380, 125, 'es', 'Letonia'),
	(381, 126, 'es', 'Líbano'),
	(382, 127, 'es', 'Lesoto'),
	(383, 128, 'es', 'Liberia'),
	(384, 129, 'es', 'Libia'),
	(385, 130, 'es', 'Liechtenstein'),
	(386, 131, 'es', 'Lituania'),
	(387, 132, 'es', 'Luxemburgo'),
	(388, 133, 'es', 'Macao'),
	(389, 134, 'es', 'Macedonia'),
	(390, 135, 'es', 'Madagascar'),
	(391, 136, 'es', 'Malaui'),
	(392, 137, 'es', 'Malasia'),
	(393, 138, 'es', 'Maldivas'),
	(394, 139, 'es', 'Malí'),
	(395, 140, 'es', 'Malta'),
	(396, 141, 'es', 'Islas Marshall'),
	(397, 142, 'es', 'Martinica'),
	(398, 143, 'es', 'Mauritania'),
	(399, 144, 'es', 'Mauricio'),
	(400, 145, 'es', 'Mayotte'),
	(401, 146, 'es', 'México'),
	(402, 147, 'es', 'Micronesia'),
	(403, 148, 'es', 'Moldavia'),
	(404, 149, 'es', 'Mónaco'),
	(405, 150, 'es', 'Mongolia'),
	(406, 151, 'es', 'Montenegro'),
	(407, 152, 'es', 'Montserrat'),
	(408, 153, 'es', 'Marruecos'),
	(409, 154, 'es', 'Mozambique'),
	(410, 155, 'es', 'Birmania'),
	(411, 156, 'es', 'Namibia'),
	(412, 157, 'es', 'Nauru'),
	(413, 158, 'es', 'Nepal'),
	(414, 159, 'es', 'Holanda'),
	(415, 160, 'es', 'Nueva Caledonia'),
	(416, 161, 'es', 'Nueva Zelanda'),
	(417, 162, 'es', 'Nicaragua'),
	(418, 163, 'es', 'Níger'),
	(419, 164, 'es', 'Nigeria'),
	(420, 165, 'es', 'Niue'),
	(421, 166, 'es', 'Isla Norfolk'),
	(422, 167, 'es', 'Corea del Norte'),
	(423, 168, 'es', 'Islas Marianas del Norte'),
	(424, 169, 'es', 'Noruega'),
	(425, 170, 'es', 'Omán'),
	(426, 171, 'es', 'Pakistán'),
	(427, 172, 'es', 'Palaos'),
	(428, 173, 'es', 'Palestina'),
	(429, 174, 'es', 'Panamá'),
	(430, 175, 'es', 'Papúa Nueva Guinea'),
	(431, 176, 'es', 'Paraguay'),
	(432, 177, 'es', 'Perú'),
	(433, 178, 'es', 'Filipinas'),
	(434, 179, 'es', 'Islas Pitcairn'),
	(435, 180, 'es', 'Polonia'),
	(436, 181, 'es', 'Portugal'),
	(437, 182, 'es', 'Puerto Rico'),
	(438, 183, 'es', 'Catar'),
	(439, 184, 'es', 'Reunión'),
	(440, 185, 'es', 'Rumania'),
	(441, 186, 'es', 'Rusia'),
	(442, 187, 'es', 'Ruanda'),
	(443, 188, 'es', 'Samoa'),
	(444, 189, 'es', 'San Marino'),
	(445, 190, 'es', 'Santo Tomé y Príncipe'),
	(446, 191, 'es', 'Arabia Saudita'),
	(447, 192, 'es', 'Senegal'),
	(448, 193, 'es', 'Serbia'),
	(449, 194, 'es', 'Seychelles'),
	(450, 195, 'es', 'Sierra Leona'),
	(451, 196, 'es', 'Singapur'),
	(452, 197, 'es', 'San Martín'),
	(453, 198, 'es', 'Eslovaquia'),
	(454, 199, 'es', 'Eslovenia'),
	(455, 200, 'es', 'Islas Salomón'),
	(456, 201, 'es', 'Somalia'),
	(457, 202, 'es', 'Sudáfrica'),
	(458, 203, 'es', 'Islas Georgias del Sur y Sandwich del Sur'),
	(459, 204, 'es', 'Corea del Sur'),
	(460, 205, 'es', 'Sudán del Sur'),
	(461, 206, 'es', 'España'),
	(462, 207, 'es', 'Sri Lanka'),
	(463, 208, 'es', 'San Bartolomé'),
	(464, 209, 'es', 'Santa Elena'),
	(465, 210, 'es', 'San Cristóbal y Nieves'),
	(466, 211, 'es', 'Santa Lucía'),
	(467, 212, 'es', 'San Martín'),
	(468, 213, 'es', 'San Pedro y Miquelón'),
	(469, 214, 'es', 'San Vicente y las Granadinas'),
	(470, 215, 'es', 'Sudán'),
	(471, 216, 'es', 'Surinam'),
	(472, 217, 'es', 'Svalbard y Jan Mayen'),
	(473, 218, 'es', 'Suazilandia'),
	(474, 219, 'es', 'Suecia'),
	(475, 220, 'es', 'Suiza'),
	(476, 221, 'es', 'Siri'),
	(477, 222, 'es', 'Taiwán'),
	(478, 223, 'es', 'Tayikistán'),
	(479, 224, 'es', 'Tanzania'),
	(480, 225, 'es', 'Tailandia'),
	(481, 226, 'es', 'Timor Oriental'),
	(482, 227, 'es', 'Togo'),
	(483, 228, 'es', 'Tokelau'),
	(484, 229, 'es', 'Tonga'),
	(485, 230, 'es', 'Trinidad y Tobago'),
	(486, 231, 'es', 'Tristán de Acuña'),
	(487, 232, 'es', 'Túnez'),
	(488, 233, 'es', 'Turquía'),
	(489, 234, 'es', 'Turkmenistán'),
	(490, 235, 'es', 'Islas Turcas y Caicos'),
	(491, 236, 'es', 'Tuvalu'),
	(492, 237, 'es', 'Islas Ultramarinas Menores de los Estados Unidos'),
	(493, 238, 'es', 'Islas Vírgenes de los Estados Unidos'),
	(494, 239, 'es', 'Uganda'),
	(495, 240, 'es', 'Ucrania'),
	(496, 241, 'es', 'Emiratos árabes Unidos'),
	(497, 242, 'es', 'Reino Unido'),
	(498, 243, 'es', 'Naciones Unidas'),
	(499, 244, 'es', 'Estados Unidos'),
	(500, 245, 'es', 'Uruguay'),
	(501, 246, 'es', 'Uzbekistán'),
	(502, 247, 'es', 'Vanuatu'),
	(503, 248, 'es', 'Ciudad del Vaticano'),
	(504, 249, 'es', 'Venezuela'),
	(505, 250, 'es', 'Vietnam'),
	(506, 251, 'es', 'Wallis y Futuna'),
	(507, 252, 'es', 'Sahara Occidental'),
	(508, 253, 'es', 'Yemen'),
	(509, 254, 'es', 'Zambia'),
	(510, 255, 'es', 'Zimbabue'),
	(511, 1, 'fa', 'افغانستان'),
	(512, 2, 'fa', 'جزایر الند'),
	(513, 3, 'fa', 'آلبانی'),
	(514, 4, 'fa', 'الجزایر'),
	(515, 5, 'fa', 'ساموآ آمریکایی'),
	(516, 6, 'fa', 'آندورا'),
	(517, 7, 'fa', 'آنگولا'),
	(518, 8, 'fa', 'آنگولا'),
	(519, 9, 'fa', 'جنوبگان'),
	(520, 10, 'fa', 'آنتیگوا و باربودا'),
	(521, 11, 'fa', 'آرژانتین'),
	(522, 12, 'fa', 'ارمنستان'),
	(523, 13, 'fa', 'آروبا'),
	(524, 14, 'fa', 'جزیره صعود'),
	(525, 15, 'fa', 'استرالیا'),
	(526, 16, 'fa', 'اتریش'),
	(527, 17, 'fa', 'آذربایجان'),
	(528, 18, 'fa', 'باهاما'),
	(529, 19, 'fa', 'بحرین'),
	(530, 20, 'fa', 'بنگلادش'),
	(531, 21, 'fa', 'باربادوس'),
	(532, 22, 'fa', 'بلاروس'),
	(533, 23, 'fa', 'بلژیک'),
	(534, 24, 'fa', 'بلژیک'),
	(535, 25, 'fa', 'بنین'),
	(536, 26, 'fa', 'برمودا'),
	(537, 27, 'fa', 'بوتان'),
	(538, 28, 'fa', 'بولیوی'),
	(539, 29, 'fa', 'بوسنی و هرزگوین'),
	(540, 30, 'fa', 'بوتسوانا'),
	(541, 31, 'fa', 'برزیل'),
	(542, 32, 'fa', 'قلمرو اقیانوس هند انگلیس'),
	(543, 33, 'fa', 'جزایر ویرجین انگلیس'),
	(544, 34, 'fa', 'برونئی'),
	(545, 35, 'fa', 'بلغارستان'),
	(546, 36, 'fa', 'بورکینا فاسو'),
	(547, 37, 'fa', 'بوروندی'),
	(548, 38, 'fa', 'کامبوج'),
	(549, 39, 'fa', 'کامرون'),
	(550, 40, 'fa', 'کانادا'),
	(551, 41, 'fa', 'جزایر قناری'),
	(552, 42, 'fa', 'کیپ ورد'),
	(553, 43, 'fa', 'کارائیب هلند'),
	(554, 44, 'fa', 'Cayman Islands'),
	(555, 45, 'fa', 'جمهوری آفریقای مرکزی'),
	(556, 46, 'fa', 'سوتا و ملیلا'),
	(557, 47, 'fa', 'چاد'),
	(558, 48, 'fa', 'شیلی'),
	(559, 49, 'fa', 'چین'),
	(560, 50, 'fa', 'جزیره کریسمس'),
	(561, 51, 'fa', 'جزایر کوکو (Keeling)'),
	(562, 52, 'fa', 'کلمبیا'),
	(563, 53, 'fa', 'کومور'),
	(564, 54, 'fa', 'کنگو - برزاویل'),
	(565, 55, 'fa', 'کنگو - کینشاسا'),
	(566, 56, 'fa', 'جزایر کوک'),
	(567, 57, 'fa', 'کاستاریکا'),
	(568, 58, 'fa', 'ساحل عاج'),
	(569, 59, 'fa', 'کرواسی'),
	(570, 60, 'fa', 'کوبا'),
	(571, 61, 'fa', 'کوراسائو'),
	(572, 62, 'fa', 'قبرس'),
	(573, 63, 'fa', 'چک'),
	(574, 64, 'fa', 'دانمارک'),
	(575, 65, 'fa', 'دیگو گارسیا'),
	(576, 66, 'fa', 'جیبوتی'),
	(577, 67, 'fa', 'دومینیکا'),
	(578, 68, 'fa', 'جمهوری دومینیکن'),
	(579, 69, 'fa', 'اکوادور'),
	(580, 70, 'fa', 'مصر'),
	(581, 71, 'fa', 'السالوادور'),
	(582, 72, 'fa', 'گینه استوایی'),
	(583, 73, 'fa', 'اریتره'),
	(584, 74, 'fa', 'استونی'),
	(585, 75, 'fa', 'اتیوپی'),
	(586, 76, 'fa', 'منطقه یورو'),
	(587, 77, 'fa', 'جزایر فالکلند'),
	(588, 78, 'fa', 'جزایر فارو'),
	(589, 79, 'fa', 'فیجی'),
	(590, 80, 'fa', 'فنلاند'),
	(591, 81, 'fa', 'فرانسه'),
	(592, 82, 'fa', 'گویان فرانسه'),
	(593, 83, 'fa', 'پلی‌نزی فرانسه'),
	(594, 84, 'fa', 'سرزمین های جنوبی فرانسه'),
	(595, 85, 'fa', 'گابن'),
	(596, 86, 'fa', 'گامبیا'),
	(597, 87, 'fa', 'جورجیا'),
	(598, 88, 'fa', 'آلمان'),
	(599, 89, 'fa', 'غنا'),
	(600, 90, 'fa', 'جبل الطارق'),
	(601, 91, 'fa', 'یونان'),
	(602, 92, 'fa', 'گرینلند'),
	(603, 93, 'fa', 'گرنادا'),
	(604, 94, 'fa', 'گوادلوپ'),
	(605, 95, 'fa', 'گوام'),
	(606, 96, 'fa', 'گواتمالا'),
	(607, 97, 'fa', 'گورنسی'),
	(608, 98, 'fa', 'گینه'),
	(609, 99, 'fa', 'گینه بیسائو'),
	(610, 100, 'fa', 'گویان'),
	(611, 101, 'fa', 'هائیتی'),
	(612, 102, 'fa', 'هندوراس'),
	(613, 103, 'fa', 'هنگ کنگ SAR چین'),
	(614, 104, 'fa', 'مجارستان'),
	(615, 105, 'fa', 'ایسلند'),
	(616, 106, 'fa', 'هند'),
	(617, 107, 'fa', 'اندونزی'),
	(618, 108, 'fa', 'ایران'),
	(619, 109, 'fa', 'عراق'),
	(620, 110, 'fa', 'ایرلند'),
	(621, 111, 'fa', 'جزیره من'),
	(622, 112, 'fa', 'اسرائيل'),
	(623, 113, 'fa', 'ایتالیا'),
	(624, 114, 'fa', 'جامائیکا'),
	(625, 115, 'fa', 'ژاپن'),
	(626, 116, 'fa', 'پیراهن ورزشی'),
	(627, 117, 'fa', 'اردن'),
	(628, 118, 'fa', 'قزاقستان'),
	(629, 119, 'fa', 'کنیا'),
	(630, 120, 'fa', 'کیریباتی'),
	(631, 121, 'fa', 'کوزوو'),
	(632, 122, 'fa', 'کویت'),
	(633, 123, 'fa', 'قرقیزستان'),
	(634, 124, 'fa', 'لائوس'),
	(635, 125, 'fa', 'لتونی'),
	(636, 126, 'fa', 'لبنان'),
	(637, 127, 'fa', 'لسوتو'),
	(638, 128, 'fa', 'لیبریا'),
	(639, 129, 'fa', 'لیبی'),
	(640, 130, 'fa', 'لیختن اشتاین'),
	(641, 131, 'fa', 'لیتوانی'),
	(642, 132, 'fa', 'لوکزامبورگ'),
	(643, 133, 'fa', 'ماکائو SAR چین'),
	(644, 134, 'fa', 'مقدونیه'),
	(645, 135, 'fa', 'ماداگاسکار'),
	(646, 136, 'fa', 'مالاوی'),
	(647, 137, 'fa', 'مالزی'),
	(648, 138, 'fa', 'مالدیو'),
	(649, 139, 'fa', 'مالی'),
	(650, 140, 'fa', 'مالت'),
	(651, 141, 'fa', 'جزایر مارشال'),
	(652, 142, 'fa', 'مارتینیک'),
	(653, 143, 'fa', 'موریتانی'),
	(654, 144, 'fa', 'موریس'),
	(655, 145, 'fa', 'گمشده'),
	(656, 146, 'fa', 'مکزیک'),
	(657, 147, 'fa', 'میکرونزی'),
	(658, 148, 'fa', 'مولداوی'),
	(659, 149, 'fa', 'موناکو'),
	(660, 150, 'fa', 'مغولستان'),
	(661, 151, 'fa', 'مونته نگرو'),
	(662, 152, 'fa', 'مونتسرات'),
	(663, 153, 'fa', 'مراکش'),
	(664, 154, 'fa', 'موزامبیک'),
	(665, 155, 'fa', 'میانمار (برمه)'),
	(666, 156, 'fa', 'ناميبيا'),
	(667, 157, 'fa', 'نائورو'),
	(668, 158, 'fa', 'نپال'),
	(669, 159, 'fa', 'هلند'),
	(670, 160, 'fa', 'کالدونیای جدید'),
	(671, 161, 'fa', 'نیوزلند'),
	(672, 162, 'fa', 'نیکاراگوئه'),
	(673, 163, 'fa', 'نیجر'),
	(674, 164, 'fa', 'نیجریه'),
	(675, 165, 'fa', 'نیو'),
	(676, 166, 'fa', 'جزیره نورفولک'),
	(677, 167, 'fa', 'کره شمالی'),
	(678, 168, 'fa', 'جزایر ماریانای شمالی'),
	(679, 169, 'fa', 'نروژ'),
	(680, 170, 'fa', 'عمان'),
	(681, 171, 'fa', 'پاکستان'),
	(682, 172, 'fa', 'پالائو'),
	(683, 173, 'fa', 'سرزمین های فلسطینی'),
	(684, 174, 'fa', 'پاناما'),
	(685, 175, 'fa', 'پاپوا گینه نو'),
	(686, 176, 'fa', 'پاراگوئه'),
	(687, 177, 'fa', 'پرو'),
	(688, 178, 'fa', 'فیلیپین'),
	(689, 179, 'fa', 'جزایر پیکریرن'),
	(690, 180, 'fa', 'لهستان'),
	(691, 181, 'fa', 'کشور پرتغال'),
	(692, 182, 'fa', 'پورتوریکو'),
	(693, 183, 'fa', 'قطر'),
	(694, 184, 'fa', 'تجدید دیدار'),
	(695, 185, 'fa', 'رومانی'),
	(696, 186, 'fa', 'روسیه'),
	(697, 187, 'fa', 'رواندا'),
	(698, 188, 'fa', 'ساموآ'),
	(699, 189, 'fa', 'سان مارینو'),
	(700, 190, 'fa', 'سنت کیتس و نوویس'),
	(701, 191, 'fa', 'عربستان سعودی'),
	(702, 192, 'fa', 'سنگال'),
	(703, 193, 'fa', 'صربستان'),
	(704, 194, 'fa', 'سیشل'),
	(705, 195, 'fa', 'سیرالئون'),
	(706, 196, 'fa', 'سنگاپور'),
	(707, 197, 'fa', 'سینت ماارتن'),
	(708, 198, 'fa', 'اسلواکی'),
	(709, 199, 'fa', 'اسلوونی'),
	(710, 200, 'fa', 'جزایر سلیمان'),
	(711, 201, 'fa', 'سومالی'),
	(712, 202, 'fa', 'آفریقای جنوبی'),
	(713, 203, 'fa', 'جزایر جورجیا جنوبی و جزایر ساندویچ جنوبی'),
	(714, 204, 'fa', 'کره جنوبی'),
	(715, 205, 'fa', 'سودان جنوبی'),
	(716, 206, 'fa', 'اسپانیا'),
	(717, 207, 'fa', 'سری لانکا'),
	(718, 208, 'fa', 'سنت بارتلی'),
	(719, 209, 'fa', 'سنت هلنا'),
	(720, 210, 'fa', 'سنت کیتز و نوویس'),
	(721, 211, 'fa', 'سنت لوسیا'),
	(722, 212, 'fa', 'سنت مارتین'),
	(723, 213, 'fa', 'سنت پیر و میکلون'),
	(724, 214, 'fa', 'سنت وینسنت و گرنادینها'),
	(725, 215, 'fa', 'سودان'),
	(726, 216, 'fa', 'سورینام'),
	(727, 217, 'fa', 'اسوالبارد و جان ماین'),
	(728, 218, 'fa', 'سوازیلند'),
	(729, 219, 'fa', 'سوئد'),
	(730, 220, 'fa', 'سوئیس'),
	(731, 221, 'fa', 'سوریه'),
	(732, 222, 'fa', 'تایوان'),
	(733, 223, 'fa', 'تاجیکستان'),
	(734, 224, 'fa', 'تانزانیا'),
	(735, 225, 'fa', 'تایلند'),
	(736, 226, 'fa', 'تیمور-لست'),
	(737, 227, 'fa', 'رفتن'),
	(738, 228, 'fa', 'توکلو'),
	(739, 229, 'fa', 'تونگا'),
	(740, 230, 'fa', 'ترینیداد و توباگو'),
	(741, 231, 'fa', 'تریستان دا کانونا'),
	(742, 232, 'fa', 'تونس'),
	(743, 233, 'fa', 'بوقلمون'),
	(744, 234, 'fa', 'ترکمنستان'),
	(745, 235, 'fa', 'جزایر تورکس و کایکوس'),
	(746, 236, 'fa', 'تووالو'),
	(747, 237, 'fa', 'جزایر دور افتاده ایالات متحده آمریکا'),
	(748, 238, 'fa', 'جزایر ویرجین ایالات متحده'),
	(749, 239, 'fa', 'اوگاندا'),
	(750, 240, 'fa', 'اوکراین'),
	(751, 241, 'fa', 'امارات متحده عربی'),
	(752, 242, 'fa', 'انگلستان'),
	(753, 243, 'fa', 'سازمان ملل'),
	(754, 244, 'fa', 'ایالات متحده'),
	(755, 245, 'fa', 'اروگوئه'),
	(756, 246, 'fa', 'ازبکستان'),
	(757, 247, 'fa', 'وانواتو'),
	(758, 248, 'fa', 'شهر واتیکان'),
	(759, 249, 'fa', 'ونزوئلا'),
	(760, 250, 'fa', 'ویتنام'),
	(761, 251, 'fa', 'والیس و فوتونا'),
	(762, 252, 'fa', 'صحرای غربی'),
	(763, 253, 'fa', 'یمن'),
	(764, 254, 'fa', 'زامبیا'),
	(765, 255, 'fa', 'زیمبابوه'),
	(766, 1, 'pt_BR', 'Afeganistão'),
	(767, 2, 'pt_BR', 'Ilhas Åland'),
	(768, 3, 'pt_BR', 'Albânia'),
	(769, 4, 'pt_BR', 'Argélia'),
	(770, 5, 'pt_BR', 'Samoa Americana'),
	(771, 6, 'pt_BR', 'Andorra'),
	(772, 7, 'pt_BR', 'Angola'),
	(773, 8, 'pt_BR', 'Angola'),
	(774, 9, 'pt_BR', 'Antártico'),
	(775, 10, 'pt_BR', 'Antígua e Barbuda'),
	(776, 11, 'pt_BR', 'Argentina'),
	(777, 12, 'pt_BR', 'Armênia'),
	(778, 13, 'pt_BR', 'Aruba'),
	(779, 14, 'pt_BR', 'Ilha de escalada'),
	(780, 15, 'pt_BR', 'Austrália'),
	(781, 16, 'pt_BR', 'Áustria'),
	(782, 17, 'pt_BR', 'Azerbaijão'),
	(783, 18, 'pt_BR', 'Bahamas'),
	(784, 19, 'pt_BR', 'Bahrain'),
	(785, 20, 'pt_BR', 'Bangladesh'),
	(786, 21, 'pt_BR', 'Barbados'),
	(787, 22, 'pt_BR', 'Bielorrússia'),
	(788, 23, 'pt_BR', 'Bélgica'),
	(789, 24, 'pt_BR', 'Bélgica'),
	(790, 25, 'pt_BR', 'Benin'),
	(791, 26, 'pt_BR', 'Bermuda'),
	(792, 27, 'pt_BR', 'Butão'),
	(793, 28, 'pt_BR', 'Bolívia'),
	(794, 29, 'pt_BR', 'Bósnia e Herzegovina'),
	(795, 30, 'pt_BR', 'Botsuana'),
	(796, 31, 'pt_BR', 'Brasil'),
	(797, 32, 'pt_BR', 'Território Britânico do Oceano Índico'),
	(798, 33, 'pt_BR', 'Ilhas Virgens Britânicas'),
	(799, 34, 'pt_BR', 'Brunei'),
	(800, 35, 'pt_BR', 'Bulgária'),
	(801, 36, 'pt_BR', 'Burkina Faso'),
	(802, 37, 'pt_BR', 'Burundi'),
	(803, 38, 'pt_BR', 'Camboja'),
	(804, 39, 'pt_BR', 'Camarões'),
	(805, 40, 'pt_BR', 'Canadá'),
	(806, 41, 'pt_BR', 'Ilhas Canárias'),
	(807, 42, 'pt_BR', 'Cabo Verde'),
	(808, 43, 'pt_BR', 'Holanda do Caribe'),
	(809, 44, 'pt_BR', 'Ilhas Cayman'),
	(810, 45, 'pt_BR', 'República Centro-Africana'),
	(811, 46, 'pt_BR', 'Ceuta e Melilla'),
	(812, 47, 'pt_BR', 'Chade'),
	(813, 48, 'pt_BR', 'Chile'),
	(814, 49, 'pt_BR', 'China'),
	(815, 50, 'pt_BR', 'Ilha Christmas'),
	(816, 51, 'pt_BR', 'Ilhas Cocos (Keeling)'),
	(817, 52, 'pt_BR', 'Colômbia'),
	(818, 53, 'pt_BR', 'Comores'),
	(819, 54, 'pt_BR', 'Congo - Brazzaville'),
	(820, 55, 'pt_BR', 'Congo - Kinshasa'),
	(821, 56, 'pt_BR', 'Ilhas Cook'),
	(822, 57, 'pt_BR', 'Costa Rica'),
	(823, 58, 'pt_BR', 'Costa do Marfim'),
	(824, 59, 'pt_BR', 'Croácia'),
	(825, 60, 'pt_BR', 'Cuba'),
	(826, 61, 'pt_BR', 'Curaçao'),
	(827, 62, 'pt_BR', 'Chipre'),
	(828, 63, 'pt_BR', 'Czechia'),
	(829, 64, 'pt_BR', 'Dinamarca'),
	(830, 65, 'pt_BR', 'Diego Garcia'),
	(831, 66, 'pt_BR', 'Djibuti'),
	(832, 67, 'pt_BR', 'Dominica'),
	(833, 68, 'pt_BR', 'República Dominicana'),
	(834, 69, 'pt_BR', 'Equador'),
	(835, 70, 'pt_BR', 'Egito'),
	(836, 71, 'pt_BR', 'El Salvador'),
	(837, 72, 'pt_BR', 'Guiné Equatorial'),
	(838, 73, 'pt_BR', 'Eritreia'),
	(839, 74, 'pt_BR', 'Estônia'),
	(840, 75, 'pt_BR', 'Etiópia'),
	(841, 76, 'pt_BR', 'Zona Euro'),
	(842, 77, 'pt_BR', 'Ilhas Malvinas'),
	(843, 78, 'pt_BR', 'Ilhas Faroe'),
	(844, 79, 'pt_BR', 'Fiji'),
	(845, 80, 'pt_BR', 'Finlândia'),
	(846, 81, 'pt_BR', 'França'),
	(847, 82, 'pt_BR', 'Guiana Francesa'),
	(848, 83, 'pt_BR', 'Polinésia Francesa'),
	(849, 84, 'pt_BR', 'Territórios Franceses do Sul'),
	(850, 85, 'pt_BR', 'Gabão'),
	(851, 86, 'pt_BR', 'Gâmbia'),
	(852, 87, 'pt_BR', 'Geórgia'),
	(853, 88, 'pt_BR', 'Alemanha'),
	(854, 89, 'pt_BR', 'Gana'),
	(855, 90, 'pt_BR', 'Gibraltar'),
	(856, 91, 'pt_BR', 'Grécia'),
	(857, 92, 'pt_BR', 'Gronelândia'),
	(858, 93, 'pt_BR', 'Granada'),
	(859, 94, 'pt_BR', 'Guadalupe'),
	(860, 95, 'pt_BR', 'Guam'),
	(861, 96, 'pt_BR', 'Guatemala'),
	(862, 97, 'pt_BR', 'Guernsey'),
	(863, 98, 'pt_BR', 'Guiné'),
	(864, 99, 'pt_BR', 'Guiné-Bissau'),
	(865, 100, 'pt_BR', 'Guiana'),
	(866, 101, 'pt_BR', 'Haiti'),
	(867, 102, 'pt_BR', 'Honduras'),
	(868, 103, 'pt_BR', 'Região Administrativa Especial de Hong Kong, China'),
	(869, 104, 'pt_BR', 'Hungria'),
	(870, 105, 'pt_BR', 'Islândia'),
	(871, 106, 'pt_BR', 'Índia'),
	(872, 107, 'pt_BR', 'Indonésia'),
	(873, 108, 'pt_BR', 'Irã'),
	(874, 109, 'pt_BR', 'Iraque'),
	(875, 110, 'pt_BR', 'Irlanda'),
	(876, 111, 'pt_BR', 'Ilha de Man'),
	(877, 112, 'pt_BR', 'Israel'),
	(878, 113, 'pt_BR', 'Itália'),
	(879, 114, 'pt_BR', 'Jamaica'),
	(880, 115, 'pt_BR', 'Japão'),
	(881, 116, 'pt_BR', 'Jersey'),
	(882, 117, 'pt_BR', 'Jordânia'),
	(883, 118, 'pt_BR', 'Cazaquistão'),
	(884, 119, 'pt_BR', 'Quênia'),
	(885, 120, 'pt_BR', 'Quiribati'),
	(886, 121, 'pt_BR', 'Kosovo'),
	(887, 122, 'pt_BR', 'Kuwait'),
	(888, 123, 'pt_BR', 'Quirguistão'),
	(889, 124, 'pt_BR', 'Laos'),
	(890, 125, 'pt_BR', 'Letônia'),
	(891, 126, 'pt_BR', 'Líbano'),
	(892, 127, 'pt_BR', 'Lesoto'),
	(893, 128, 'pt_BR', 'Libéria'),
	(894, 129, 'pt_BR', 'Líbia'),
	(895, 130, 'pt_BR', 'Liechtenstein'),
	(896, 131, 'pt_BR', 'Lituânia'),
	(897, 132, 'pt_BR', 'Luxemburgo'),
	(898, 133, 'pt_BR', 'Macau SAR China'),
	(899, 134, 'pt_BR', 'Macedônia'),
	(900, 135, 'pt_BR', 'Madagascar'),
	(901, 136, 'pt_BR', 'Malawi'),
	(902, 137, 'pt_BR', 'Malásia'),
	(903, 138, 'pt_BR', 'Maldivas'),
	(904, 139, 'pt_BR', 'Mali'),
	(905, 140, 'pt_BR', 'Malta'),
	(906, 141, 'pt_BR', 'Ilhas Marshall'),
	(907, 142, 'pt_BR', 'Martinica'),
	(908, 143, 'pt_BR', 'Mauritânia'),
	(909, 144, 'pt_BR', 'Maurício'),
	(910, 145, 'pt_BR', 'Maiote'),
	(911, 146, 'pt_BR', 'México'),
	(912, 147, 'pt_BR', 'Micronésia'),
	(913, 148, 'pt_BR', 'Moldávia'),
	(914, 149, 'pt_BR', 'Mônaco'),
	(915, 150, 'pt_BR', 'Mongólia'),
	(916, 151, 'pt_BR', 'Montenegro'),
	(917, 152, 'pt_BR', 'Montserrat'),
	(918, 153, 'pt_BR', 'Marrocos'),
	(919, 154, 'pt_BR', 'Moçambique'),
	(920, 155, 'pt_BR', 'Mianmar (Birmânia)'),
	(921, 156, 'pt_BR', 'Namíbia'),
	(922, 157, 'pt_BR', 'Nauru'),
	(923, 158, 'pt_BR', 'Nepal'),
	(924, 159, 'pt_BR', 'Holanda'),
	(925, 160, 'pt_BR', 'Nova Caledônia'),
	(926, 161, 'pt_BR', 'Nova Zelândia'),
	(927, 162, 'pt_BR', 'Nicarágua'),
	(928, 163, 'pt_BR', 'Níger'),
	(929, 164, 'pt_BR', 'Nigéria'),
	(930, 165, 'pt_BR', 'Niue'),
	(931, 166, 'pt_BR', 'Ilha Norfolk'),
	(932, 167, 'pt_BR', 'Coréia do Norte'),
	(933, 168, 'pt_BR', 'Ilhas Marianas do Norte'),
	(934, 169, 'pt_BR', 'Noruega'),
	(935, 170, 'pt_BR', 'Omã'),
	(936, 171, 'pt_BR', 'Paquistão'),
	(937, 172, 'pt_BR', 'Palau'),
	(938, 173, 'pt_BR', 'Territórios Palestinos'),
	(939, 174, 'pt_BR', 'Panamá'),
	(940, 175, 'pt_BR', 'Papua Nova Guiné'),
	(941, 176, 'pt_BR', 'Paraguai'),
	(942, 177, 'pt_BR', 'Peru'),
	(943, 178, 'pt_BR', 'Filipinas'),
	(944, 179, 'pt_BR', 'Ilhas Pitcairn'),
	(945, 180, 'pt_BR', 'Polônia'),
	(946, 181, 'pt_BR', 'Portugal'),
	(947, 182, 'pt_BR', 'Porto Rico'),
	(948, 183, 'pt_BR', 'Catar'),
	(949, 184, 'pt_BR', 'Reunião'),
	(950, 185, 'pt_BR', 'Romênia'),
	(951, 186, 'pt_BR', 'Rússia'),
	(952, 187, 'pt_BR', 'Ruanda'),
	(953, 188, 'pt_BR', 'Samoa'),
	(954, 189, 'pt_BR', 'São Marinho'),
	(955, 190, 'pt_BR', 'São Cristóvão e Nevis'),
	(956, 191, 'pt_BR', 'Arábia Saudita'),
	(957, 192, 'pt_BR', 'Senegal'),
	(958, 193, 'pt_BR', 'Sérvia'),
	(959, 194, 'pt_BR', 'Seychelles'),
	(960, 195, 'pt_BR', 'Serra Leoa'),
	(961, 196, 'pt_BR', 'Cingapura'),
	(962, 197, 'pt_BR', 'São Martinho'),
	(963, 198, 'pt_BR', 'Eslováquia'),
	(964, 199, 'pt_BR', 'Eslovênia'),
	(965, 200, 'pt_BR', 'Ilhas Salomão'),
	(966, 201, 'pt_BR', 'Somália'),
	(967, 202, 'pt_BR', 'África do Sul'),
	(968, 203, 'pt_BR', 'Ilhas Geórgia do Sul e Sandwich do Sul'),
	(969, 204, 'pt_BR', 'Coréia do Sul'),
	(970, 205, 'pt_BR', 'Sudão do Sul'),
	(971, 206, 'pt_BR', 'Espanha'),
	(972, 207, 'pt_BR', 'Sri Lanka'),
	(973, 208, 'pt_BR', 'São Bartolomeu'),
	(974, 209, 'pt_BR', 'Santa Helena'),
	(975, 210, 'pt_BR', 'São Cristóvão e Nevis'),
	(976, 211, 'pt_BR', 'Santa Lúcia'),
	(977, 212, 'pt_BR', 'São Martinho'),
	(978, 213, 'pt_BR', 'São Pedro e Miquelon'),
	(979, 214, 'pt_BR', 'São Vicente e Granadinas'),
	(980, 215, 'pt_BR', 'Sudão'),
	(981, 216, 'pt_BR', 'Suriname'),
	(982, 217, 'pt_BR', 'Svalbard e Jan Mayen'),
	(983, 218, 'pt_BR', 'Suazilândia'),
	(984, 219, 'pt_BR', 'Suécia'),
	(985, 220, 'pt_BR', 'Suíça'),
	(986, 221, 'pt_BR', 'Síria'),
	(987, 222, 'pt_BR', 'Taiwan'),
	(988, 223, 'pt_BR', 'Tajiquistão'),
	(989, 224, 'pt_BR', 'Tanzânia'),
	(990, 225, 'pt_BR', 'Tailândia'),
	(991, 226, 'pt_BR', 'Timor-Leste'),
	(992, 227, 'pt_BR', 'Togo'),
	(993, 228, 'pt_BR', 'Tokelau'),
	(994, 229, 'pt_BR', 'Tonga'),
	(995, 230, 'pt_BR', 'Trinidad e Tobago'),
	(996, 231, 'pt_BR', 'Tristan da Cunha'),
	(997, 232, 'pt_BR', 'Tunísia'),
	(998, 233, 'pt_BR', 'Turquia'),
	(999, 234, 'pt_BR', 'Turquemenistão'),
	(1000, 235, 'pt_BR', 'Ilhas Turks e Caicos'),
	(1001, 236, 'pt_BR', 'Tuvalu'),
	(1002, 237, 'pt_BR', 'Ilhas periféricas dos EUA'),
	(1003, 238, 'pt_BR', 'Ilhas Virgens dos EUA'),
	(1004, 239, 'pt_BR', 'Uganda'),
	(1005, 240, 'pt_BR', 'Ucrânia'),
	(1006, 241, 'pt_BR', 'Emirados Árabes Unidos'),
	(1007, 242, 'pt_BR', 'Reino Unido'),
	(1008, 243, 'pt_BR', 'Nações Unidas'),
	(1009, 244, 'pt_BR', 'Estados Unidos'),
	(1010, 245, 'pt_BR', 'Uruguai'),
	(1011, 246, 'pt_BR', 'Uzbequistão'),
	(1012, 247, 'pt_BR', 'Vanuatu'),
	(1013, 248, 'pt_BR', 'Cidade do Vaticano'),
	(1014, 249, 'pt_BR', 'Venezuela'),
	(1015, 250, 'pt_BR', 'Vietnã'),
	(1016, 251, 'pt_BR', 'Wallis e Futuna'),
	(1017, 252, 'pt_BR', 'Saara Ocidental'),
	(1018, 253, 'pt_BR', 'Iêmen'),
	(1019, 254, 'pt_BR', 'Zâmbia'),
	(1020, 255, 'pt_BR', 'Zimbábue');

-- Dumping structure for table matress.currencies
DROP TABLE IF EXISTS `currencies`;
CREATE TABLE IF NOT EXISTS `currencies` (
  `id` int unsigned NOT NULL AUTO_INCREMENT,
  `code` varchar(191) COLLATE utf8mb4_unicode_ci NOT NULL,
  `name` varchar(191) COLLATE utf8mb4_unicode_ci NOT NULL,
  `symbol` varchar(191) COLLATE utf8mb4_unicode_ci DEFAULT NULL,
  `decimal` int unsigned NOT NULL DEFAULT '2',
  `created_at` timestamp NULL DEFAULT NULL,
  `updated_at` timestamp NULL DEFAULT NULL,
  PRIMARY KEY (`id`)
) ENGINE=InnoDB AUTO_INCREMENT=3 DEFAULT CHARSET=utf8mb4 COLLATE=utf8mb4_unicode_ci ROW_FORMAT=DYNAMIC;

-- Dumping data for table matress.currencies: ~2 rows (approximately)
REPLACE INTO `currencies` (`id`, `code`, `name`, `symbol`, `decimal`, `created_at`, `updated_at`) VALUES
	(1, 'USD', 'US Dollar', '$', 2, NULL, NULL),
	(2, 'EUR', 'Euro', '€', 2, NULL, NULL);

-- Dumping structure for table matress.currency_exchange_rates
DROP TABLE IF EXISTS `currency_exchange_rates`;
CREATE TABLE IF NOT EXISTS `currency_exchange_rates` (
  `id` int unsigned NOT NULL AUTO_INCREMENT,
  `rate` decimal(24,12) NOT NULL,
  `target_currency` int unsigned NOT NULL,
  `created_at` timestamp NULL DEFAULT NULL,
  `updated_at` timestamp NULL DEFAULT NULL,
  PRIMARY KEY (`id`),
  UNIQUE KEY `currency_exchange_rates_target_currency_unique` (`target_currency`),
  CONSTRAINT `currency_exchange_rates_target_currency_foreign` FOREIGN KEY (`target_currency`) REFERENCES `currencies` (`id`) ON DELETE CASCADE
) ENGINE=InnoDB DEFAULT CHARSET=utf8mb4 COLLATE=utf8mb4_unicode_ci ROW_FORMAT=DYNAMIC;

-- Dumping data for table matress.currency_exchange_rates: ~0 rows (approximately)

-- Dumping structure for table matress.customers
DROP TABLE IF EXISTS `customers`;
CREATE TABLE IF NOT EXISTS `customers` (
  `id` int unsigned NOT NULL AUTO_INCREMENT,
  `first_name` varchar(191) COLLATE utf8mb4_unicode_ci NOT NULL,
  `last_name` varchar(191) COLLATE utf8mb4_unicode_ci NOT NULL,
  `gender` varchar(50) COLLATE utf8mb4_unicode_ci DEFAULT NULL,
  `date_of_birth` date DEFAULT NULL,
  `email` varchar(191) COLLATE utf8mb4_unicode_ci DEFAULT NULL,
  `phone` varchar(191) COLLATE utf8mb4_unicode_ci DEFAULT NULL,
  `image` varchar(191) COLLATE utf8mb4_unicode_ci DEFAULT NULL,
  `status` tinyint NOT NULL DEFAULT '1',
  `password` varchar(191) COLLATE utf8mb4_unicode_ci DEFAULT NULL,
  `api_token` varchar(80) COLLATE utf8mb4_unicode_ci DEFAULT NULL,
  `customer_group_id` int unsigned DEFAULT NULL,
  `subscribed_to_news_letter` tinyint(1) NOT NULL DEFAULT '0',
  `is_verified` tinyint(1) NOT NULL DEFAULT '0',
  `is_suspended` tinyint unsigned NOT NULL DEFAULT '0',
  `token` varchar(191) COLLATE utf8mb4_unicode_ci DEFAULT NULL,
  `remember_token` varchar(100) COLLATE utf8mb4_unicode_ci DEFAULT NULL,
  `created_at` timestamp NULL DEFAULT NULL,
  `updated_at` timestamp NULL DEFAULT NULL,
  PRIMARY KEY (`id`),
  UNIQUE KEY `customers_email_unique` (`email`),
  UNIQUE KEY `customers_phone_unique` (`phone`),
  UNIQUE KEY `customers_api_token_unique` (`api_token`),
  KEY `customers_customer_group_id_foreign` (`customer_group_id`),
  CONSTRAINT `customers_customer_group_id_foreign` FOREIGN KEY (`customer_group_id`) REFERENCES `customer_groups` (`id`) ON DELETE SET NULL
) ENGINE=InnoDB AUTO_INCREMENT=2 DEFAULT CHARSET=utf8mb4 COLLATE=utf8mb4_unicode_ci ROW_FORMAT=DYNAMIC;

-- Dumping data for table matress.customers: ~1 rows (approximately)
REPLACE INTO `customers` (`id`, `first_name`, `last_name`, `gender`, `date_of_birth`, `email`, `phone`, `image`, `status`, `password`, `api_token`, `customer_group_id`, `subscribed_to_news_letter`, `is_verified`, `is_suspended`, `token`, `remember_token`, `created_at`, `updated_at`) VALUES
	(1, 'EL Hoceine', 'EL IDRISSI', NULL, NULL, 'hoceineelidrissi@gmail.com', NULL, NULL, 1, '$2y$10$x29yUALWD7/BMVBk6P4lKeeACDbxvmh3g6UIUQrYGlJaY4OnsRQl6', 'yahN4NRNwqRr7bpiR9h9ICxhOUFqZV4OG3AGoLqIF32mUx0PtkBD5g9BF26bkrp8vUM3oQuCxDaMRNoG', 2, 0, 1, 0, 'd7c52fb3a0478fb1564b14c66cedc184', NULL, '2023-12-29 21:18:18', '2023-12-29 21:18:18');

-- Dumping structure for table matress.customer_groups
DROP TABLE IF EXISTS `customer_groups`;
CREATE TABLE IF NOT EXISTS `customer_groups` (
  `id` int unsigned NOT NULL AUTO_INCREMENT,
  `code` varchar(191) COLLATE utf8mb4_unicode_ci NOT NULL,
  `name` varchar(191) COLLATE utf8mb4_unicode_ci NOT NULL,
  `is_user_defined` tinyint(1) NOT NULL DEFAULT '1',
  `created_at` timestamp NULL DEFAULT NULL,
  `updated_at` timestamp NULL DEFAULT NULL,
  PRIMARY KEY (`id`),
  UNIQUE KEY `customer_groups_code_unique` (`code`)
) ENGINE=InnoDB AUTO_INCREMENT=4 DEFAULT CHARSET=utf8mb4 COLLATE=utf8mb4_unicode_ci ROW_FORMAT=DYNAMIC;

-- Dumping data for table matress.customer_groups: ~3 rows (approximately)
REPLACE INTO `customer_groups` (`id`, `code`, `name`, `is_user_defined`, `created_at`, `updated_at`) VALUES
	(1, 'guest', 'Guest', 0, NULL, NULL),
	(2, 'general', 'General', 0, NULL, NULL),
	(3, 'wholesale', 'Wholesale', 0, NULL, NULL);

-- Dumping structure for table matress.customer_notes
DROP TABLE IF EXISTS `customer_notes`;
CREATE TABLE IF NOT EXISTS `customer_notes` (
  `id` bigint unsigned NOT NULL AUTO_INCREMENT,
  `customer_id` int unsigned DEFAULT NULL,
  `note` text COLLATE utf8mb4_unicode_ci NOT NULL,
  `customer_notified` tinyint(1) NOT NULL DEFAULT '0',
  `created_at` timestamp NULL DEFAULT NULL,
  `updated_at` timestamp NULL DEFAULT NULL,
  PRIMARY KEY (`id`),
  KEY `customer_notes_customer_id_foreign` (`customer_id`),
  CONSTRAINT `customer_notes_customer_id_foreign` FOREIGN KEY (`customer_id`) REFERENCES `customers` (`id`) ON DELETE CASCADE
) ENGINE=InnoDB DEFAULT CHARSET=utf8mb4 COLLATE=utf8mb4_unicode_ci ROW_FORMAT=DYNAMIC;

-- Dumping data for table matress.customer_notes: ~0 rows (approximately)

-- Dumping structure for table matress.customer_password_resets
DROP TABLE IF EXISTS `customer_password_resets`;
CREATE TABLE IF NOT EXISTS `customer_password_resets` (
  `email` varchar(191) COLLATE utf8mb4_unicode_ci NOT NULL,
  `token` varchar(191) COLLATE utf8mb4_unicode_ci NOT NULL,
  `created_at` timestamp NULL DEFAULT NULL,
  KEY `customer_password_resets_email_index` (`email`)
) ENGINE=InnoDB DEFAULT CHARSET=utf8mb4 COLLATE=utf8mb4_unicode_ci ROW_FORMAT=DYNAMIC;

-- Dumping data for table matress.customer_password_resets: ~0 rows (approximately)

-- Dumping structure for table matress.customer_social_accounts
DROP TABLE IF EXISTS `customer_social_accounts`;
CREATE TABLE IF NOT EXISTS `customer_social_accounts` (
  `id` int unsigned NOT NULL AUTO_INCREMENT,
  `customer_id` int unsigned NOT NULL,
  `provider_name` varchar(191) COLLATE utf8mb4_unicode_ci DEFAULT NULL,
  `provider_id` varchar(191) COLLATE utf8mb4_unicode_ci DEFAULT NULL,
  `created_at` timestamp NULL DEFAULT NULL,
  `updated_at` timestamp NULL DEFAULT NULL,
  PRIMARY KEY (`id`),
  UNIQUE KEY `customer_social_accounts_provider_id_unique` (`provider_id`),
  KEY `customer_social_accounts_customer_id_foreign` (`customer_id`),
  CONSTRAINT `customer_social_accounts_customer_id_foreign` FOREIGN KEY (`customer_id`) REFERENCES `customers` (`id`) ON DELETE CASCADE
) ENGINE=InnoDB DEFAULT CHARSET=utf8mb4 COLLATE=utf8mb4_unicode_ci ROW_FORMAT=DYNAMIC;

-- Dumping data for table matress.customer_social_accounts: ~0 rows (approximately)

-- Dumping structure for table matress.downloadable_link_purchased
DROP TABLE IF EXISTS `downloadable_link_purchased`;
CREATE TABLE IF NOT EXISTS `downloadable_link_purchased` (
  `id` int unsigned NOT NULL AUTO_INCREMENT,
  `product_name` varchar(191) COLLATE utf8mb4_unicode_ci DEFAULT NULL,
  `name` varchar(191) COLLATE utf8mb4_unicode_ci DEFAULT NULL,
  `url` varchar(191) COLLATE utf8mb4_unicode_ci DEFAULT NULL,
  `file` varchar(191) COLLATE utf8mb4_unicode_ci DEFAULT NULL,
  `file_name` varchar(191) COLLATE utf8mb4_unicode_ci DEFAULT NULL,
  `type` varchar(191) COLLATE utf8mb4_unicode_ci NOT NULL,
  `download_bought` int NOT NULL DEFAULT '0',
  `download_used` int NOT NULL DEFAULT '0',
  `status` varchar(191) COLLATE utf8mb4_unicode_ci DEFAULT NULL,
  `customer_id` int unsigned NOT NULL,
  `order_id` int unsigned NOT NULL,
  `order_item_id` int unsigned NOT NULL,
  `download_canceled` int NOT NULL DEFAULT '0',
  `created_at` timestamp NULL DEFAULT NULL,
  `updated_at` timestamp NULL DEFAULT NULL,
  PRIMARY KEY (`id`),
  KEY `downloadable_link_purchased_customer_id_foreign` (`customer_id`),
  KEY `downloadable_link_purchased_order_id_foreign` (`order_id`),
  KEY `downloadable_link_purchased_order_item_id_foreign` (`order_item_id`),
  CONSTRAINT `downloadable_link_purchased_customer_id_foreign` FOREIGN KEY (`customer_id`) REFERENCES `customers` (`id`) ON DELETE CASCADE,
  CONSTRAINT `downloadable_link_purchased_order_id_foreign` FOREIGN KEY (`order_id`) REFERENCES `orders` (`id`) ON DELETE CASCADE,
  CONSTRAINT `downloadable_link_purchased_order_item_id_foreign` FOREIGN KEY (`order_item_id`) REFERENCES `order_items` (`id`) ON DELETE CASCADE
) ENGINE=InnoDB DEFAULT CHARSET=utf8mb4 COLLATE=utf8mb4_unicode_ci ROW_FORMAT=DYNAMIC;

-- Dumping data for table matress.downloadable_link_purchased: ~0 rows (approximately)

-- Dumping structure for table matress.failed_jobs
DROP TABLE IF EXISTS `failed_jobs`;
CREATE TABLE IF NOT EXISTS `failed_jobs` (
  `id` bigint unsigned NOT NULL AUTO_INCREMENT,
  `uuid` varchar(191) COLLATE utf8mb4_unicode_ci NOT NULL,
  `connection` text COLLATE utf8mb4_unicode_ci NOT NULL,
  `queue` text COLLATE utf8mb4_unicode_ci NOT NULL,
  `payload` longtext COLLATE utf8mb4_unicode_ci NOT NULL,
  `exception` longtext COLLATE utf8mb4_unicode_ci NOT NULL,
  `failed_at` timestamp NOT NULL DEFAULT CURRENT_TIMESTAMP,
  PRIMARY KEY (`id`),
  UNIQUE KEY `failed_jobs_uuid_unique` (`uuid`)
) ENGINE=InnoDB DEFAULT CHARSET=utf8mb4 COLLATE=utf8mb4_unicode_ci ROW_FORMAT=DYNAMIC;

-- Dumping data for table matress.failed_jobs: ~0 rows (approximately)

-- Dumping structure for table matress.inventory_sources
DROP TABLE IF EXISTS `inventory_sources`;
CREATE TABLE IF NOT EXISTS `inventory_sources` (
  `id` int unsigned NOT NULL AUTO_INCREMENT,
  `code` varchar(191) COLLATE utf8mb4_unicode_ci NOT NULL,
  `name` varchar(191) COLLATE utf8mb4_unicode_ci NOT NULL,
  `description` text COLLATE utf8mb4_unicode_ci,
  `contact_name` varchar(191) COLLATE utf8mb4_unicode_ci NOT NULL,
  `contact_email` varchar(191) COLLATE utf8mb4_unicode_ci NOT NULL,
  `contact_number` varchar(191) COLLATE utf8mb4_unicode_ci NOT NULL,
  `contact_fax` varchar(191) COLLATE utf8mb4_unicode_ci DEFAULT NULL,
  `country` varchar(191) COLLATE utf8mb4_unicode_ci NOT NULL,
  `state` varchar(191) COLLATE utf8mb4_unicode_ci NOT NULL,
  `city` varchar(191) COLLATE utf8mb4_unicode_ci NOT NULL,
  `street` varchar(191) COLLATE utf8mb4_unicode_ci NOT NULL,
  `postcode` varchar(191) COLLATE utf8mb4_unicode_ci NOT NULL,
  `priority` int NOT NULL DEFAULT '0',
  `latitude` decimal(10,5) DEFAULT NULL,
  `longitude` decimal(10,5) DEFAULT NULL,
  `status` tinyint(1) NOT NULL DEFAULT '1',
  `created_at` timestamp NULL DEFAULT NULL,
  `updated_at` timestamp NULL DEFAULT NULL,
  PRIMARY KEY (`id`),
  UNIQUE KEY `inventory_sources_code_unique` (`code`)
) ENGINE=InnoDB AUTO_INCREMENT=3 DEFAULT CHARSET=utf8mb4 COLLATE=utf8mb4_unicode_ci ROW_FORMAT=DYNAMIC;

-- Dumping data for table matress.inventory_sources: ~2 rows (approximately)
REPLACE INTO `inventory_sources` (`id`, `code`, `name`, `description`, `contact_name`, `contact_email`, `contact_number`, `contact_fax`, `country`, `state`, `city`, `street`, `postcode`, `priority`, `latitude`, `longitude`, `status`, `created_at`, `updated_at`) VALUES
	(1, 'default', 'Default', NULL, 'Detroit Warehouse', 'warehouse@example.com', '1234567899', NULL, 'US', 'MI', 'Detroit', '12th Street', '48127', 0, NULL, NULL, 1, NULL, NULL),
	(2, 'Jordan', 'Jordan  warehouse', 'Jordan  warehouse', 'EL Hoceine EL IDRISSI', 'hoceineelidrissi@gmail.com', '0697361188', '', 'MA', 'Safi', 'Sidi Bennour', 'Safi al massira', '20160', 1, 0.00000, 0.00000, 1, '2023-12-30 15:50:06', '2023-12-30 15:50:06');

-- Dumping structure for table matress.invoices
DROP TABLE IF EXISTS `invoices`;
CREATE TABLE IF NOT EXISTS `invoices` (
  `id` int unsigned NOT NULL AUTO_INCREMENT,
  `increment_id` varchar(191) COLLATE utf8mb4_unicode_ci DEFAULT NULL,
  `state` varchar(191) COLLATE utf8mb4_unicode_ci DEFAULT NULL,
  `email_sent` tinyint(1) NOT NULL DEFAULT '0',
  `total_qty` int DEFAULT NULL,
  `base_currency_code` varchar(191) COLLATE utf8mb4_unicode_ci DEFAULT NULL,
  `channel_currency_code` varchar(191) COLLATE utf8mb4_unicode_ci DEFAULT NULL,
  `order_currency_code` varchar(191) COLLATE utf8mb4_unicode_ci DEFAULT NULL,
  `sub_total` decimal(12,4) DEFAULT '0.0000',
  `base_sub_total` decimal(12,4) DEFAULT '0.0000',
  `grand_total` decimal(12,4) DEFAULT '0.0000',
  `base_grand_total` decimal(12,4) DEFAULT '0.0000',
  `shipping_amount` decimal(12,4) DEFAULT '0.0000',
  `base_shipping_amount` decimal(12,4) DEFAULT '0.0000',
  `tax_amount` decimal(12,4) DEFAULT '0.0000',
  `base_tax_amount` decimal(12,4) DEFAULT '0.0000',
  `discount_amount` decimal(12,4) DEFAULT '0.0000',
  `base_discount_amount` decimal(12,4) DEFAULT '0.0000',
  `order_id` int unsigned DEFAULT NULL,
  `transaction_id` varchar(191) COLLATE utf8mb4_unicode_ci DEFAULT NULL,
  `reminders` int NOT NULL DEFAULT '0',
  `next_reminder_at` timestamp NULL DEFAULT NULL,
  `created_at` timestamp NULL DEFAULT NULL,
  `updated_at` timestamp NULL DEFAULT NULL,
  PRIMARY KEY (`id`),
  KEY `invoices_order_id_foreign` (`order_id`),
  CONSTRAINT `invoices_order_id_foreign` FOREIGN KEY (`order_id`) REFERENCES `orders` (`id`) ON DELETE CASCADE
) ENGINE=InnoDB AUTO_INCREMENT=5 DEFAULT CHARSET=utf8mb4 COLLATE=utf8mb4_unicode_ci ROW_FORMAT=DYNAMIC;

-- Dumping data for table matress.invoices: ~4 rows (approximately)
REPLACE INTO `invoices` (`id`, `increment_id`, `state`, `email_sent`, `total_qty`, `base_currency_code`, `channel_currency_code`, `order_currency_code`, `sub_total`, `base_sub_total`, `grand_total`, `base_grand_total`, `shipping_amount`, `base_shipping_amount`, `tax_amount`, `base_tax_amount`, `discount_amount`, `base_discount_amount`, `order_id`, `transaction_id`, `reminders`, `next_reminder_at`, `created_at`, `updated_at`) VALUES
	(1, '1', 'paid', 0, 4, 'USD', 'USD', 'USD', 800.0000, 800.0000, 840.0000, 840.0000, 40.0000, 40.0000, 0.0000, 0.0000, 0.0000, 0.0000, 2, NULL, 0, NULL, '2023-12-30 15:16:42', '2023-12-30 15:16:42'),
	(2, '2', 'paid', 0, 6, 'USD', 'USD', 'USD', 1200.0000, 1200.0000, 1200.0000, 1200.0000, 0.0000, 0.0000, 0.0000, 0.0000, 0.0000, 0.0000, 1, NULL, 0, NULL, '2023-12-30 15:17:24', '2023-12-30 15:17:24'),
	(3, '3', 'paid', 0, 1, 'USD', 'USD', 'USD', 100.0000, 100.0000, 100.0000, 100.0000, 0.0000, 0.0000, 0.0000, 0.0000, 0.0000, 0.0000, 4, NULL, 0, NULL, '2023-12-30 19:38:21', '2023-12-30 19:38:21'),
	(4, '4', 'pending', 0, 2, 'USD', 'USD', 'USD', 200.0000, 200.0000, 200.0000, 200.0000, 0.0000, 0.0000, 0.0000, 0.0000, 0.0000, 0.0000, 5, NULL, 0, NULL, '2024-01-01 00:55:01', '2024-01-01 00:55:01');

-- Dumping structure for table matress.invoice_items
DROP TABLE IF EXISTS `invoice_items`;
CREATE TABLE IF NOT EXISTS `invoice_items` (
  `id` int unsigned NOT NULL AUTO_INCREMENT,
  `parent_id` int unsigned DEFAULT NULL,
  `name` varchar(191) COLLATE utf8mb4_unicode_ci DEFAULT NULL,
  `description` varchar(191) COLLATE utf8mb4_unicode_ci DEFAULT NULL,
  `sku` varchar(191) COLLATE utf8mb4_unicode_ci DEFAULT NULL,
  `qty` int DEFAULT NULL,
  `price` decimal(12,4) NOT NULL DEFAULT '0.0000',
  `base_price` decimal(12,4) NOT NULL DEFAULT '0.0000',
  `total` decimal(12,4) NOT NULL DEFAULT '0.0000',
  `base_total` decimal(12,4) NOT NULL DEFAULT '0.0000',
  `tax_amount` decimal(12,4) DEFAULT '0.0000',
  `base_tax_amount` decimal(12,4) DEFAULT '0.0000',
  `discount_percent` decimal(12,4) DEFAULT '0.0000',
  `discount_amount` decimal(12,4) DEFAULT '0.0000',
  `base_discount_amount` decimal(12,4) DEFAULT '0.0000',
  `product_id` int unsigned DEFAULT NULL,
  `product_type` varchar(191) COLLATE utf8mb4_unicode_ci DEFAULT NULL,
  `order_item_id` int unsigned DEFAULT NULL,
  `invoice_id` int unsigned DEFAULT NULL,
  `additional` json DEFAULT NULL,
  `created_at` timestamp NULL DEFAULT NULL,
  `updated_at` timestamp NULL DEFAULT NULL,
  PRIMARY KEY (`id`),
  KEY `invoice_items_invoice_id_foreign` (`invoice_id`),
  KEY `invoice_items_parent_id_foreign` (`parent_id`),
  CONSTRAINT `invoice_items_invoice_id_foreign` FOREIGN KEY (`invoice_id`) REFERENCES `invoices` (`id`) ON DELETE CASCADE,
  CONSTRAINT `invoice_items_parent_id_foreign` FOREIGN KEY (`parent_id`) REFERENCES `invoice_items` (`id`) ON DELETE CASCADE
) ENGINE=InnoDB AUTO_INCREMENT=7 DEFAULT CHARSET=utf8mb4 COLLATE=utf8mb4_unicode_ci ROW_FORMAT=DYNAMIC;

-- Dumping data for table matress.invoice_items: ~6 rows (approximately)
REPLACE INTO `invoice_items` (`id`, `parent_id`, `name`, `description`, `sku`, `qty`, `price`, `base_price`, `total`, `base_total`, `tax_amount`, `base_tax_amount`, `discount_percent`, `discount_amount`, `base_discount_amount`, `product_id`, `product_type`, `order_item_id`, `invoice_id`, `additional`, `created_at`, `updated_at`) VALUES
	(1, NULL, 'Hoceine el idrissi', NULL, '54545', 4, 200.0000, 200.0000, 800.0000, 800.0000, 0.0000, 0.0000, 0.0000, 0.0000, 0.0000, 1, 'Webkul\\Product\\Models\\Product', 2, 1, '{"locale": "en", "rating": "0", "quantity": 4, "is_buy_now": "1", "product_id": "1"}', '2023-12-30 15:16:42', '2023-12-30 15:16:42'),
	(2, NULL, 'Hoceine el idrissi', NULL, '54545', 6, 200.0000, 200.0000, 1200.0000, 1200.0000, 0.0000, 0.0000, 0.0000, 0.0000, 0.0000, 1, 'Webkul\\Product\\Models\\Product', 1, 2, '{"locale": "en", "rating": "0", "quantity": 1, "is_buy_now": "0", "product_id": "1"}', '2023-12-30 15:17:24', '2023-12-30 15:17:24'),
	(3, NULL, 'Configurable product', NULL, '847', 1, 100.0000, 100.0000, 100.0000, 100.0000, 0.0000, 0.0000, 0.0000, 0.0000, 0.0000, 47, 'Webkul\\Product\\Models\\Product', 4, 3, '{"locale": "en", "rating": "0", "quantity": 1, "attributes": {"brand": {"option_id": 11, "option_label": "TwinXl", "attribute_name": "Sizes"}}, "is_buy_now": "1", "product_id": "47", "super_attribute": {"25": "11"}, "selected_configurable_option": "49"}', '2023-12-30 19:38:21', '2023-12-30 19:38:21'),
	(4, 3, 'Twin XL', NULL, '847-variant-11', 1, 1.0000, 0.0000, 1.0000, 0.0000, 0.0000, 0.0000, 0.0000, 0.0000, 0.0000, 49, 'Webkul\\Product\\Models\\Product', 5, 3, '{"locale": "en", "parent_id": 47, "product_id": 49}', '2023-12-30 19:38:21', '2023-12-30 19:38:21'),
	(5, NULL, 'Configurable product', NULL, '847', 2, 100.0000, 100.0000, 200.0000, 200.0000, 0.0000, 0.0000, 0.0000, 0.0000, 0.0000, 47, 'Webkul\\Product\\Models\\Product', 6, 4, '{"locale": "en", "rating": "0", "quantity": 2, "attributes": {"brand": {"option_id": 11, "option_label": "TwinXl", "attribute_name": "Sizes"}}, "is_buy_now": "1", "product_id": "47", "super_attribute": {"25": "11"}, "selected_configurable_option": "49"}', '2024-01-01 00:55:01', '2024-01-01 00:55:01'),
	(6, 5, 'Twin XL', NULL, '847-variant-11', 2, 1.0000, 0.0000, 2.0000, 0.0000, 0.0000, 0.0000, 0.0000, 0.0000, 0.0000, 49, 'Webkul\\Product\\Models\\Product', 7, 4, '{"locale": "en", "parent_id": 47, "product_id": 49}', '2024-01-01 00:55:01', '2024-01-01 00:55:01');

-- Dumping structure for table matress.jobs
DROP TABLE IF EXISTS `jobs`;
CREATE TABLE IF NOT EXISTS `jobs` (
  `id` bigint unsigned NOT NULL AUTO_INCREMENT,
  `queue` varchar(191) COLLATE utf8mb4_unicode_ci NOT NULL,
  `payload` longtext COLLATE utf8mb4_unicode_ci NOT NULL,
  `attempts` tinyint unsigned NOT NULL,
  `reserved_at` int unsigned DEFAULT NULL,
  `available_at` int unsigned NOT NULL,
  `created_at` int unsigned NOT NULL,
  PRIMARY KEY (`id`),
  KEY `jobs_queue_index` (`queue`)
) ENGINE=InnoDB DEFAULT CHARSET=utf8mb4 COLLATE=utf8mb4_unicode_ci ROW_FORMAT=DYNAMIC;

-- Dumping data for table matress.jobs: ~0 rows (approximately)

-- Dumping structure for table matress.job_batches
DROP TABLE IF EXISTS `job_batches`;
CREATE TABLE IF NOT EXISTS `job_batches` (
  `id` varchar(191) COLLATE utf8mb4_unicode_ci NOT NULL,
  `name` varchar(191) COLLATE utf8mb4_unicode_ci NOT NULL,
  `total_jobs` int NOT NULL,
  `pending_jobs` int NOT NULL,
  `failed_jobs` int NOT NULL,
  `failed_job_ids` text COLLATE utf8mb4_unicode_ci NOT NULL,
  `options` mediumtext COLLATE utf8mb4_unicode_ci,
  `cancelled_at` int DEFAULT NULL,
  `created_at` int NOT NULL,
  `finished_at` int DEFAULT NULL,
  PRIMARY KEY (`id`)
) ENGINE=InnoDB DEFAULT CHARSET=utf8mb4 COLLATE=utf8mb4_unicode_ci ROW_FORMAT=DYNAMIC;

-- Dumping data for table matress.job_batches: ~0 rows (approximately)

-- Dumping structure for table matress.locales
DROP TABLE IF EXISTS `locales`;
CREATE TABLE IF NOT EXISTS `locales` (
  `id` int unsigned NOT NULL AUTO_INCREMENT,
  `code` varchar(191) COLLATE utf8mb4_unicode_ci NOT NULL,
  `name` varchar(191) COLLATE utf8mb4_unicode_ci NOT NULL,
  `direction` enum('ltr','rtl') COLLATE utf8mb4_unicode_ci NOT NULL DEFAULT 'ltr',
  `logo_path` varchar(191) COLLATE utf8mb4_unicode_ci DEFAULT NULL,
  `created_at` timestamp NULL DEFAULT NULL,
  `updated_at` timestamp NULL DEFAULT NULL,
  PRIMARY KEY (`id`),
  UNIQUE KEY `locales_code_unique` (`code`)
) ENGINE=InnoDB AUTO_INCREMENT=11 DEFAULT CHARSET=utf8mb4 COLLATE=utf8mb4_unicode_ci ROW_FORMAT=DYNAMIC;

-- Dumping data for table matress.locales: ~3 rows (approximately)
REPLACE INTO `locales` (`id`, `code`, `name`, `direction`, `logo_path`, `created_at`, `updated_at`) VALUES
	(1, 'en', 'English', 'ltr', 'locales/en.png', NULL, NULL),
	(2, 'fr', 'French', 'ltr', 'locales/fr.png', NULL, NULL),
	(10, 'ar', 'Arabic', 'rtl', 'locales/ar.png', '2023-12-30 21:14:20', '2023-12-30 21:30:02');

-- Dumping structure for table matress.marketing_campaigns
DROP TABLE IF EXISTS `marketing_campaigns`;
CREATE TABLE IF NOT EXISTS `marketing_campaigns` (
  `id` int unsigned NOT NULL AUTO_INCREMENT,
  `name` varchar(191) COLLATE utf8mb4_unicode_ci NOT NULL,
  `subject` varchar(191) COLLATE utf8mb4_unicode_ci NOT NULL,
  `status` tinyint(1) NOT NULL DEFAULT '0',
  `type` varchar(191) COLLATE utf8mb4_unicode_ci NOT NULL,
  `mail_to` varchar(191) COLLATE utf8mb4_unicode_ci NOT NULL,
  `spooling` varchar(191) COLLATE utf8mb4_unicode_ci DEFAULT NULL,
  `channel_id` int unsigned DEFAULT NULL,
  `customer_group_id` int unsigned DEFAULT NULL,
  `marketing_template_id` int unsigned DEFAULT NULL,
  `marketing_event_id` int unsigned DEFAULT NULL,
  `created_at` timestamp NULL DEFAULT NULL,
  `updated_at` timestamp NULL DEFAULT NULL,
  PRIMARY KEY (`id`),
  KEY `marketing_campaigns_channel_id_foreign` (`channel_id`),
  KEY `marketing_campaigns_customer_group_id_foreign` (`customer_group_id`),
  KEY `marketing_campaigns_marketing_template_id_foreign` (`marketing_template_id`),
  KEY `marketing_campaigns_marketing_event_id_foreign` (`marketing_event_id`),
  CONSTRAINT `marketing_campaigns_channel_id_foreign` FOREIGN KEY (`channel_id`) REFERENCES `channels` (`id`) ON DELETE SET NULL,
  CONSTRAINT `marketing_campaigns_customer_group_id_foreign` FOREIGN KEY (`customer_group_id`) REFERENCES `customer_groups` (`id`) ON DELETE SET NULL,
  CONSTRAINT `marketing_campaigns_marketing_event_id_foreign` FOREIGN KEY (`marketing_event_id`) REFERENCES `marketing_events` (`id`) ON DELETE SET NULL,
  CONSTRAINT `marketing_campaigns_marketing_template_id_foreign` FOREIGN KEY (`marketing_template_id`) REFERENCES `marketing_templates` (`id`) ON DELETE SET NULL
) ENGINE=InnoDB DEFAULT CHARSET=utf8mb4 COLLATE=utf8mb4_unicode_ci ROW_FORMAT=DYNAMIC;

-- Dumping data for table matress.marketing_campaigns: ~0 rows (approximately)

-- Dumping structure for table matress.marketing_events
DROP TABLE IF EXISTS `marketing_events`;
CREATE TABLE IF NOT EXISTS `marketing_events` (
  `id` int unsigned NOT NULL AUTO_INCREMENT,
  `name` varchar(191) COLLATE utf8mb4_unicode_ci NOT NULL,
  `description` text COLLATE utf8mb4_unicode_ci,
  `date` date DEFAULT NULL,
  `created_at` timestamp NULL DEFAULT NULL,
  `updated_at` timestamp NULL DEFAULT NULL,
  PRIMARY KEY (`id`)
) ENGINE=InnoDB AUTO_INCREMENT=2 DEFAULT CHARSET=utf8mb4 COLLATE=utf8mb4_unicode_ci ROW_FORMAT=DYNAMIC;

-- Dumping data for table matress.marketing_events: ~1 rows (approximately)
REPLACE INTO `marketing_events` (`id`, `name`, `description`, `date`, `created_at`, `updated_at`) VALUES
	(1, 'Birthday', 'Birthday', NULL, NULL, NULL);

-- Dumping structure for table matress.marketing_templates
DROP TABLE IF EXISTS `marketing_templates`;
CREATE TABLE IF NOT EXISTS `marketing_templates` (
  `id` int unsigned NOT NULL AUTO_INCREMENT,
  `name` varchar(191) COLLATE utf8mb4_unicode_ci NOT NULL,
  `status` varchar(191) COLLATE utf8mb4_unicode_ci NOT NULL,
  `content` text COLLATE utf8mb4_unicode_ci NOT NULL,
  `created_at` timestamp NULL DEFAULT NULL,
  `updated_at` timestamp NULL DEFAULT NULL,
  PRIMARY KEY (`id`)
) ENGINE=InnoDB DEFAULT CHARSET=utf8mb4 COLLATE=utf8mb4_unicode_ci ROW_FORMAT=DYNAMIC;

-- Dumping data for table matress.marketing_templates: ~0 rows (approximately)

-- Dumping structure for table matress.migrations
DROP TABLE IF EXISTS `migrations`;
CREATE TABLE IF NOT EXISTS `migrations` (
  `id` int unsigned NOT NULL AUTO_INCREMENT,
  `migration` varchar(191) COLLATE utf8mb4_unicode_ci NOT NULL,
  `batch` int NOT NULL,
  PRIMARY KEY (`id`)
) ENGINE=InnoDB AUTO_INCREMENT=115 DEFAULT CHARSET=utf8mb4 COLLATE=utf8mb4_unicode_ci ROW_FORMAT=DYNAMIC;

-- Dumping data for table matress.migrations: ~114 rows (approximately)
REPLACE INTO `migrations` (`id`, `migration`, `batch`) VALUES
	(1, '2014_10_12_000000_create_users_table', 1),
	(2, '2014_10_12_100000_create_admin_password_resets_table', 1),
	(3, '2014_10_12_100000_create_password_resets_table', 1),
	(4, '2018_06_12_111907_create_admins_table', 1),
	(5, '2018_06_13_055341_create_roles_table', 1),
	(6, '2018_07_05_130148_create_attributes_table', 1),
	(7, '2018_07_05_132854_create_attribute_translations_table', 1),
	(8, '2018_07_05_135150_create_attribute_families_table', 1),
	(9, '2018_07_05_135152_create_attribute_groups_table', 1),
	(10, '2018_07_05_140832_create_attribute_options_table', 1),
	(11, '2018_07_05_140856_create_attribute_option_translations_table', 1),
	(12, '2018_07_05_142820_create_categories_table', 1),
	(13, '2018_07_10_055143_create_locales_table', 1),
	(14, '2018_07_20_054426_create_countries_table', 1),
	(15, '2018_07_20_054502_create_currencies_table', 1),
	(16, '2018_07_20_054542_create_currency_exchange_rates_table', 1),
	(17, '2018_07_20_064849_create_channels_table', 1),
	(18, '2018_07_21_142836_create_category_translations_table', 1),
	(19, '2018_07_23_110040_create_inventory_sources_table', 1),
	(20, '2018_07_24_082635_create_customer_groups_table', 1),
	(21, '2018_07_24_082930_create_customers_table', 1),
	(22, '2018_07_27_065727_create_products_table', 1),
	(23, '2018_07_27_070011_create_product_attribute_values_table', 1),
	(24, '2018_07_27_092623_create_product_reviews_table', 1),
	(25, '2018_07_27_113941_create_product_images_table', 1),
	(26, '2018_07_27_113956_create_product_inventories_table', 1),
	(27, '2018_08_30_064755_create_tax_categories_table', 1),
	(28, '2018_08_30_065042_create_tax_rates_table', 1),
	(29, '2018_08_30_065840_create_tax_mappings_table', 1),
	(30, '2018_09_05_150444_create_cart_table', 1),
	(31, '2018_09_05_150915_create_cart_items_table', 1),
	(32, '2018_09_11_064045_customer_password_resets', 1),
	(33, '2018_09_19_093453_create_cart_payment', 1),
	(34, '2018_09_19_093508_create_cart_shipping_rates_table', 1),
	(35, '2018_09_20_060658_create_core_config_table', 1),
	(36, '2018_09_27_113154_create_orders_table', 1),
	(37, '2018_09_27_113207_create_order_items_table', 1),
	(38, '2018_09_27_115022_create_shipments_table', 1),
	(39, '2018_09_27_115029_create_shipment_items_table', 1),
	(40, '2018_09_27_115135_create_invoices_table', 1),
	(41, '2018_09_27_115144_create_invoice_items_table', 1),
	(42, '2018_10_01_095504_create_order_payment_table', 1),
	(43, '2018_10_03_025230_create_wishlist_table', 1),
	(44, '2018_10_12_101803_create_country_translations_table', 1),
	(45, '2018_10_12_101913_create_country_states_table', 1),
	(46, '2018_10_12_101923_create_country_state_translations_table', 1),
	(47, '2018_11_16_173504_create_subscribers_list_table', 1),
	(48, '2018_11_21_144411_create_cart_item_inventories_table', 1),
	(49, '2018_12_06_185202_create_product_flat_table', 1),
	(50, '2018_12_24_123812_create_channel_inventory_sources_table', 1),
	(51, '2018_12_26_165327_create_product_ordered_inventories_table', 1),
	(52, '2019_05_13_024321_create_cart_rules_table', 1),
	(53, '2019_05_13_024322_create_cart_rule_channels_table', 1),
	(54, '2019_05_13_024323_create_cart_rule_customer_groups_table', 1),
	(55, '2019_05_13_024324_create_cart_rule_translations_table', 1),
	(56, '2019_05_13_024325_create_cart_rule_customers_table', 1),
	(57, '2019_05_13_024326_create_cart_rule_coupons_table', 1),
	(58, '2019_05_13_024327_create_cart_rule_coupon_usage_table', 1),
	(59, '2019_06_17_180258_create_product_downloadable_samples_table', 1),
	(60, '2019_06_17_180314_create_product_downloadable_sample_translations_table', 1),
	(61, '2019_06_17_180325_create_product_downloadable_links_table', 1),
	(62, '2019_06_17_180346_create_product_downloadable_link_translations_table', 1),
	(63, '2019_06_21_202249_create_downloadable_link_purchased_table', 1),
	(64, '2019_07_30_153530_create_cms_pages_table', 1),
	(65, '2019_07_31_143339_create_category_filterable_attributes_table', 1),
	(66, '2019_08_02_105320_create_product_grouped_products_table', 1),
	(67, '2019_08_20_170510_create_product_bundle_options_table', 1),
	(68, '2019_08_20_170520_create_product_bundle_option_translations_table', 1),
	(69, '2019_08_20_170528_create_product_bundle_option_products_table', 1),
	(70, '2019_09_11_184511_create_refunds_table', 1),
	(71, '2019_09_11_184519_create_refund_items_table', 1),
	(72, '2019_12_03_184613_create_catalog_rules_table', 1),
	(73, '2019_12_03_184651_create_catalog_rule_channels_table', 1),
	(74, '2019_12_03_184732_create_catalog_rule_customer_groups_table', 1),
	(75, '2019_12_06_101110_create_catalog_rule_products_table', 1),
	(76, '2019_12_06_110507_create_catalog_rule_product_prices_table', 1),
	(77, '2019_12_14_000001_create_personal_access_tokens_table', 1),
	(78, '2020_01_14_191854_create_cms_page_translations_table', 1),
	(79, '2020_01_15_130209_create_cms_page_channels_table', 1),
	(80, '2020_04_16_185147_add_table_addresses', 1),
	(81, '2020_05_06_171638_create_order_comments_table', 1),
	(82, '2020_05_21_171500_create_product_customer_group_prices_table', 1),
	(83, '2020_06_25_162154_create_customer_social_accounts_table', 1),
	(84, '2020_11_19_112228_create_product_videos_table', 1),
	(85, '2020_11_26_141455_create_marketing_templates_table', 1),
	(86, '2020_11_26_150534_create_marketing_events_table', 1),
	(87, '2020_11_26_150644_create_marketing_campaigns_table', 1),
	(88, '2020_12_21_000200_create_channel_translations_table', 1),
	(89, '2020_12_27_121950_create_jobs_table', 1),
	(90, '2021_03_11_212124_create_order_transactions_table', 1),
	(91, '2021_04_07_132010_create_product_review_images_table', 1),
	(92, '2021_12_15_104544_notifications', 1),
	(93, '2022_03_15_160510_create_failed_jobs_table', 1),
	(94, '2022_04_01_094622_create_sitemaps_table', 1),
	(95, '2022_10_03_144232_create_product_price_indices_table', 1),
	(96, '2022_10_04_144444_create_job_batches_table', 1),
	(97, '2022_10_08_134150_create_product_inventory_indices_table', 1),
	(98, '2023_05_26_213105_create_wishlist_items_table', 1),
	(99, '2023_05_26_213120_create_compare_items_table', 1),
	(100, '2023_06_27_163529_rename_product_review_images_to_product_review_attachments', 1),
	(101, '2023_07_06_140013_add_logo_path_column_to_locales', 1),
	(102, '2023_07_10_184256_create_theme_customizations_table', 1),
	(103, '2023_07_12_181722_remove_home_page_and_footer_content_column_from_channel_translations_table', 1),
	(104, '2023_07_20_185324_add_column_column_in_attribute_groups_table', 1),
	(105, '2023_07_25_145943_add_regex_column_in_attributes_table', 1),
	(106, '2023_07_25_165945_drop_notes_column_from_customers_table', 1),
	(107, '2023_07_25_171058_create_customer_notes_table', 1),
	(108, '2023_07_31_125232_rename_image_and_category_banner_columns_from_categories_table', 1),
	(109, '2023_09_15_170053_create_theme_customization_translations_table', 1),
	(110, '2023_09_20_102031_add_default_value_column_in_attributes_table', 1),
	(111, '2023_09_20_102635_add_inventories_group_in_attribute_groups_table', 1),
	(112, '2023_10_05_163612_create_visits_table', 1),
	(113, '2023_10_12_090446_add_tax_category_id_column_in_order_items_table', 1),
	(114, '2023_12_30_140506_create_trix_rich_texts_table', 2);

-- Dumping structure for table matress.notifications
DROP TABLE IF EXISTS `notifications`;
CREATE TABLE IF NOT EXISTS `notifications` (
  `id` int unsigned NOT NULL AUTO_INCREMENT,
  `type` varchar(191) COLLATE utf8mb4_unicode_ci NOT NULL,
  `read` tinyint(1) NOT NULL DEFAULT '0',
  `order_id` int unsigned NOT NULL,
  `created_at` timestamp NULL DEFAULT NULL,
  `updated_at` timestamp NULL DEFAULT NULL,
  PRIMARY KEY (`id`),
  KEY `notifications_order_id_foreign` (`order_id`),
  CONSTRAINT `notifications_order_id_foreign` FOREIGN KEY (`order_id`) REFERENCES `orders` (`id`) ON DELETE CASCADE
) ENGINE=InnoDB AUTO_INCREMENT=6 DEFAULT CHARSET=utf8mb4 COLLATE=utf8mb4_unicode_ci ROW_FORMAT=DYNAMIC;

-- Dumping data for table matress.notifications: ~5 rows (approximately)
REPLACE INTO `notifications` (`id`, `type`, `read`, `order_id`, `created_at`, `updated_at`) VALUES
	(1, 'order', 1, 1, '2023-12-29 19:57:08', '2023-12-30 15:17:18'),
	(2, 'order', 1, 2, '2023-12-29 21:19:44', '2023-12-30 15:16:19'),
	(3, 'order', 0, 3, '2023-12-30 16:04:18', '2023-12-30 16:04:18'),
	(4, 'order', 1, 4, '2023-12-30 19:37:23', '2023-12-30 19:37:44'),
	(5, 'order', 1, 5, '2024-01-01 00:55:01', '2024-01-01 02:04:12');

-- Dumping structure for table matress.orders
DROP TABLE IF EXISTS `orders`;
CREATE TABLE IF NOT EXISTS `orders` (
  `id` int unsigned NOT NULL AUTO_INCREMENT,
  `increment_id` varchar(191) COLLATE utf8mb4_unicode_ci NOT NULL,
  `status` varchar(191) COLLATE utf8mb4_unicode_ci DEFAULT NULL,
  `channel_name` varchar(191) COLLATE utf8mb4_unicode_ci DEFAULT NULL,
  `is_guest` tinyint(1) DEFAULT NULL,
  `customer_email` varchar(191) COLLATE utf8mb4_unicode_ci DEFAULT NULL,
  `customer_first_name` varchar(191) COLLATE utf8mb4_unicode_ci DEFAULT NULL,
  `customer_last_name` varchar(191) COLLATE utf8mb4_unicode_ci DEFAULT NULL,
  `shipping_method` varchar(191) COLLATE utf8mb4_unicode_ci DEFAULT NULL,
  `shipping_title` varchar(191) COLLATE utf8mb4_unicode_ci DEFAULT NULL,
  `shipping_description` varchar(191) COLLATE utf8mb4_unicode_ci DEFAULT NULL,
  `coupon_code` varchar(191) COLLATE utf8mb4_unicode_ci DEFAULT NULL,
  `is_gift` tinyint(1) NOT NULL DEFAULT '0',
  `total_item_count` int DEFAULT NULL,
  `total_qty_ordered` int DEFAULT NULL,
  `base_currency_code` varchar(191) COLLATE utf8mb4_unicode_ci DEFAULT NULL,
  `channel_currency_code` varchar(191) COLLATE utf8mb4_unicode_ci DEFAULT NULL,
  `order_currency_code` varchar(191) COLLATE utf8mb4_unicode_ci DEFAULT NULL,
  `grand_total` decimal(12,4) DEFAULT '0.0000',
  `base_grand_total` decimal(12,4) DEFAULT '0.0000',
  `grand_total_invoiced` decimal(12,4) DEFAULT '0.0000',
  `base_grand_total_invoiced` decimal(12,4) DEFAULT '0.0000',
  `grand_total_refunded` decimal(12,4) DEFAULT '0.0000',
  `base_grand_total_refunded` decimal(12,4) DEFAULT '0.0000',
  `sub_total` decimal(12,4) DEFAULT '0.0000',
  `base_sub_total` decimal(12,4) DEFAULT '0.0000',
  `sub_total_invoiced` decimal(12,4) DEFAULT '0.0000',
  `base_sub_total_invoiced` decimal(12,4) DEFAULT '0.0000',
  `sub_total_refunded` decimal(12,4) DEFAULT '0.0000',
  `base_sub_total_refunded` decimal(12,4) DEFAULT '0.0000',
  `discount_percent` decimal(12,4) DEFAULT '0.0000',
  `discount_amount` decimal(12,4) DEFAULT '0.0000',
  `base_discount_amount` decimal(12,4) DEFAULT '0.0000',
  `discount_invoiced` decimal(12,4) DEFAULT '0.0000',
  `base_discount_invoiced` decimal(12,4) DEFAULT '0.0000',
  `discount_refunded` decimal(12,4) DEFAULT '0.0000',
  `base_discount_refunded` decimal(12,4) DEFAULT '0.0000',
  `tax_amount` decimal(12,4) DEFAULT '0.0000',
  `base_tax_amount` decimal(12,4) DEFAULT '0.0000',
  `tax_amount_invoiced` decimal(12,4) DEFAULT '0.0000',
  `base_tax_amount_invoiced` decimal(12,4) DEFAULT '0.0000',
  `tax_amount_refunded` decimal(12,4) DEFAULT '0.0000',
  `base_tax_amount_refunded` decimal(12,4) DEFAULT '0.0000',
  `shipping_amount` decimal(12,4) DEFAULT '0.0000',
  `base_shipping_amount` decimal(12,4) DEFAULT '0.0000',
  `shipping_invoiced` decimal(12,4) DEFAULT '0.0000',
  `base_shipping_invoiced` decimal(12,4) DEFAULT '0.0000',
  `shipping_refunded` decimal(12,4) DEFAULT '0.0000',
  `base_shipping_refunded` decimal(12,4) DEFAULT '0.0000',
  `shipping_discount_amount` decimal(12,4) DEFAULT '0.0000',
  `base_shipping_discount_amount` decimal(12,4) DEFAULT '0.0000',
  `customer_id` int unsigned DEFAULT NULL,
  `customer_type` varchar(191) COLLATE utf8mb4_unicode_ci DEFAULT NULL,
  `channel_id` int unsigned DEFAULT NULL,
  `channel_type` varchar(191) COLLATE utf8mb4_unicode_ci DEFAULT NULL,
  `cart_id` int DEFAULT NULL,
  `applied_cart_rule_ids` varchar(191) COLLATE utf8mb4_unicode_ci DEFAULT NULL,
  `created_at` timestamp NULL DEFAULT NULL,
  `updated_at` timestamp NULL DEFAULT NULL,
  PRIMARY KEY (`id`),
  UNIQUE KEY `orders_increment_id_unique` (`increment_id`),
  KEY `orders_customer_id_foreign` (`customer_id`),
  KEY `orders_channel_id_foreign` (`channel_id`),
  CONSTRAINT `orders_channel_id_foreign` FOREIGN KEY (`channel_id`) REFERENCES `channels` (`id`) ON DELETE SET NULL,
  CONSTRAINT `orders_customer_id_foreign` FOREIGN KEY (`customer_id`) REFERENCES `customers` (`id`) ON DELETE SET NULL
) ENGINE=InnoDB AUTO_INCREMENT=6 DEFAULT CHARSET=utf8mb4 COLLATE=utf8mb4_unicode_ci ROW_FORMAT=DYNAMIC;

-- Dumping data for table matress.orders: ~5 rows (approximately)
REPLACE INTO `orders` (`id`, `increment_id`, `status`, `channel_name`, `is_guest`, `customer_email`, `customer_first_name`, `customer_last_name`, `shipping_method`, `shipping_title`, `shipping_description`, `coupon_code`, `is_gift`, `total_item_count`, `total_qty_ordered`, `base_currency_code`, `channel_currency_code`, `order_currency_code`, `grand_total`, `base_grand_total`, `grand_total_invoiced`, `base_grand_total_invoiced`, `grand_total_refunded`, `base_grand_total_refunded`, `sub_total`, `base_sub_total`, `sub_total_invoiced`, `base_sub_total_invoiced`, `sub_total_refunded`, `base_sub_total_refunded`, `discount_percent`, `discount_amount`, `base_discount_amount`, `discount_invoiced`, `base_discount_invoiced`, `discount_refunded`, `base_discount_refunded`, `tax_amount`, `base_tax_amount`, `tax_amount_invoiced`, `base_tax_amount_invoiced`, `tax_amount_refunded`, `base_tax_amount_refunded`, `shipping_amount`, `base_shipping_amount`, `shipping_invoiced`, `base_shipping_invoiced`, `shipping_refunded`, `base_shipping_refunded`, `shipping_discount_amount`, `base_shipping_discount_amount`, `customer_id`, `customer_type`, `channel_id`, `channel_type`, `cart_id`, `applied_cart_rule_ids`, `created_at`, `updated_at`) VALUES
	(1, '1', 'processing', 'Default', 1, 'hoceineelidrissi@gmail.com', 'EL Hoceine', 'EL IDRISSI', 'free_free', 'Free Shipping - Free Shipping', 'Free Shipping', NULL, 0, 1, 6, 'USD', 'USD', 'USD', 1200.0000, 1200.0000, 1200.0000, 1200.0000, 0.0000, 0.0000, 1200.0000, 1200.0000, 1200.0000, 1200.0000, 0.0000, 0.0000, 0.0000, 0.0000, 0.0000, 0.0000, 0.0000, 0.0000, 0.0000, 0.0000, 0.0000, 0.0000, 0.0000, 0.0000, 0.0000, 0.0000, 0.0000, 0.0000, 0.0000, 0.0000, 0.0000, 0.0000, 0.0000, NULL, NULL, 1, 'Webkul\\Core\\Models\\Channel', 1, NULL, '2023-12-29 19:57:07', '2023-12-30 15:17:24'),
	(2, '2', 'processing', 'Default', 0, 'hoceineelidrissi@gmail.com', 'EL Hoceine', 'EL IDRISSI', 'flatrate_flatrate', 'Flat Rate - Flat Rate', 'Flat Rate Shipping', NULL, 0, 1, 4, 'USD', 'USD', 'USD', 840.0000, 840.0000, 840.0000, 840.0000, 0.0000, 0.0000, 800.0000, 800.0000, 800.0000, 800.0000, 0.0000, 0.0000, 0.0000, 0.0000, 0.0000, 0.0000, 0.0000, 0.0000, 0.0000, 0.0000, 0.0000, 0.0000, 0.0000, 0.0000, 0.0000, 40.0000, 40.0000, 40.0000, 40.0000, 0.0000, 0.0000, 0.0000, 0.0000, 1, 'Webkul\\Customer\\Models\\Customer', 1, 'Webkul\\Core\\Models\\Channel', 3, NULL, '2023-12-29 21:19:43', '2023-12-30 15:16:42'),
	(3, '3', 'pending', 'Default', 1, 'hoceineelidrissi@gmail.com', 'EL Hoceine', 'EL IDRISSI', 'flatrate_flatrate', 'Flat Rate - Flat Rate', 'Flat Rate Shipping', NULL, 0, 1, 1, 'USD', 'USD', 'USD', 373.0000, 373.0000, 0.0000, 0.0000, 0.0000, 0.0000, 363.0000, 363.0000, 0.0000, 0.0000, 0.0000, 0.0000, 0.0000, 0.0000, 0.0000, 0.0000, 0.0000, 0.0000, 0.0000, 0.0000, 0.0000, 0.0000, 0.0000, 0.0000, 0.0000, 10.0000, 10.0000, 0.0000, 0.0000, 0.0000, 0.0000, 0.0000, 0.0000, NULL, NULL, 1, 'Webkul\\Core\\Models\\Channel', 6, NULL, '2023-12-30 16:04:17', '2023-12-30 16:04:17'),
	(4, '4', 'completed', 'Default', 1, 'hoceineelidrissi@gmail.com', 'EL Hoceine', 'EL IDRISSI', 'free_free', 'Free Shipping - Free Shipping', 'Free Shipping', NULL, 0, 1, 1, 'USD', 'USD', 'USD', 100.0000, 100.0000, 100.0000, 100.0000, 0.0000, 0.0000, 100.0000, 100.0000, 100.0000, 100.0000, 0.0000, 0.0000, 0.0000, 0.0000, 0.0000, 0.0000, 0.0000, 0.0000, 0.0000, 0.0000, 0.0000, 0.0000, 0.0000, 0.0000, 0.0000, 0.0000, 0.0000, 0.0000, 0.0000, 0.0000, 0.0000, 0.0000, 0.0000, NULL, NULL, 1, 'Webkul\\Core\\Models\\Channel', 7, NULL, '2023-12-30 19:37:21', '2023-12-30 19:39:16'),
	(5, '5', 'pending', 'Default', 1, 'hoceineelidrissi@gmail.com', 'EL Hoceine', 'EL IDRISSI', 'free_free', 'Free Shipping - Free Shipping', 'Free Shipping', NULL, 0, 1, 2, 'USD', 'USD', 'USD', 200.0000, 200.0000, 200.0000, 200.0000, 0.0000, 0.0000, 200.0000, 200.0000, 200.0000, 200.0000, 0.0000, 0.0000, 0.0000, 0.0000, 0.0000, 0.0000, 0.0000, 0.0000, 0.0000, 0.0000, 0.0000, 0.0000, 0.0000, 0.0000, 0.0000, 0.0000, 0.0000, 0.0000, 0.0000, 0.0000, 0.0000, 0.0000, 0.0000, NULL, NULL, 1, 'Webkul\\Core\\Models\\Channel', 8, NULL, '2024-01-01 00:54:56', '2024-01-01 00:55:01');

-- Dumping structure for table matress.order_comments
DROP TABLE IF EXISTS `order_comments`;
CREATE TABLE IF NOT EXISTS `order_comments` (
  `id` int unsigned NOT NULL AUTO_INCREMENT,
  `order_id` int unsigned DEFAULT NULL,
  `comment` text COLLATE utf8mb4_unicode_ci NOT NULL,
  `customer_notified` tinyint(1) NOT NULL DEFAULT '0',
  `created_at` timestamp NULL DEFAULT NULL,
  `updated_at` timestamp NULL DEFAULT NULL,
  PRIMARY KEY (`id`),
  KEY `order_comments_order_id_foreign` (`order_id`),
  CONSTRAINT `order_comments_order_id_foreign` FOREIGN KEY (`order_id`) REFERENCES `orders` (`id`) ON DELETE CASCADE
) ENGINE=InnoDB AUTO_INCREMENT=2 DEFAULT CHARSET=utf8mb4 COLLATE=utf8mb4_unicode_ci ROW_FORMAT=DYNAMIC;

-- Dumping data for table matress.order_comments: ~1 rows (approximately)
REPLACE INTO `order_comments` (`id`, `order_id`, `comment`, `customer_notified`, `created_at`, `updated_at`) VALUES
	(1, 4, 'salam alikom all is right', 1, '2023-12-30 19:38:08', '2023-12-30 19:38:08');

-- Dumping structure for table matress.order_items
DROP TABLE IF EXISTS `order_items`;
CREATE TABLE IF NOT EXISTS `order_items` (
  `id` int unsigned NOT NULL AUTO_INCREMENT,
  `sku` varchar(191) COLLATE utf8mb4_unicode_ci DEFAULT NULL,
  `type` varchar(191) COLLATE utf8mb4_unicode_ci DEFAULT NULL,
  `name` varchar(191) COLLATE utf8mb4_unicode_ci DEFAULT NULL,
  `coupon_code` varchar(191) COLLATE utf8mb4_unicode_ci DEFAULT NULL,
  `weight` decimal(12,4) DEFAULT '0.0000',
  `total_weight` decimal(12,4) DEFAULT '0.0000',
  `qty_ordered` int DEFAULT '0',
  `qty_shipped` int DEFAULT '0',
  `qty_invoiced` int DEFAULT '0',
  `qty_canceled` int DEFAULT '0',
  `qty_refunded` int DEFAULT '0',
  `price` decimal(12,4) NOT NULL DEFAULT '0.0000',
  `base_price` decimal(12,4) NOT NULL DEFAULT '0.0000',
  `total` decimal(12,4) NOT NULL DEFAULT '0.0000',
  `base_total` decimal(12,4) NOT NULL DEFAULT '0.0000',
  `total_invoiced` decimal(12,4) NOT NULL DEFAULT '0.0000',
  `base_total_invoiced` decimal(12,4) NOT NULL DEFAULT '0.0000',
  `amount_refunded` decimal(12,4) NOT NULL DEFAULT '0.0000',
  `base_amount_refunded` decimal(12,4) NOT NULL DEFAULT '0.0000',
  `discount_percent` decimal(12,4) DEFAULT '0.0000',
  `discount_amount` decimal(12,4) DEFAULT '0.0000',
  `base_discount_amount` decimal(12,4) DEFAULT '0.0000',
  `discount_invoiced` decimal(12,4) DEFAULT '0.0000',
  `base_discount_invoiced` decimal(12,4) DEFAULT '0.0000',
  `discount_refunded` decimal(12,4) DEFAULT '0.0000',
  `base_discount_refunded` decimal(12,4) DEFAULT '0.0000',
  `tax_percent` decimal(12,4) DEFAULT '0.0000',
  `tax_amount` decimal(12,4) DEFAULT '0.0000',
  `base_tax_amount` decimal(12,4) DEFAULT '0.0000',
  `tax_amount_invoiced` decimal(12,4) DEFAULT '0.0000',
  `base_tax_amount_invoiced` decimal(12,4) DEFAULT '0.0000',
  `tax_amount_refunded` decimal(12,4) DEFAULT '0.0000',
  `base_tax_amount_refunded` decimal(12,4) DEFAULT '0.0000',
  `product_id` int unsigned DEFAULT NULL,
  `product_type` varchar(191) COLLATE utf8mb4_unicode_ci DEFAULT NULL,
  `order_id` int unsigned DEFAULT NULL,
  `tax_category_id` int unsigned DEFAULT NULL,
  `parent_id` int unsigned DEFAULT NULL,
  `additional` json DEFAULT NULL,
  `created_at` timestamp NULL DEFAULT NULL,
  `updated_at` timestamp NULL DEFAULT NULL,
  PRIMARY KEY (`id`),
  KEY `order_items_order_id_foreign` (`order_id`),
  KEY `order_items_parent_id_foreign` (`parent_id`),
  KEY `order_items_tax_category_id_foreign` (`tax_category_id`),
  CONSTRAINT `order_items_order_id_foreign` FOREIGN KEY (`order_id`) REFERENCES `orders` (`id`) ON DELETE CASCADE,
  CONSTRAINT `order_items_parent_id_foreign` FOREIGN KEY (`parent_id`) REFERENCES `order_items` (`id`) ON DELETE CASCADE,
  CONSTRAINT `order_items_tax_category_id_foreign` FOREIGN KEY (`tax_category_id`) REFERENCES `tax_categories` (`id`)
) ENGINE=InnoDB AUTO_INCREMENT=8 DEFAULT CHARSET=utf8mb4 COLLATE=utf8mb4_unicode_ci ROW_FORMAT=DYNAMIC;

-- Dumping data for table matress.order_items: ~7 rows (approximately)
REPLACE INTO `order_items` (`id`, `sku`, `type`, `name`, `coupon_code`, `weight`, `total_weight`, `qty_ordered`, `qty_shipped`, `qty_invoiced`, `qty_canceled`, `qty_refunded`, `price`, `base_price`, `total`, `base_total`, `total_invoiced`, `base_total_invoiced`, `amount_refunded`, `base_amount_refunded`, `discount_percent`, `discount_amount`, `base_discount_amount`, `discount_invoiced`, `base_discount_invoiced`, `discount_refunded`, `base_discount_refunded`, `tax_percent`, `tax_amount`, `base_tax_amount`, `tax_amount_invoiced`, `base_tax_amount_invoiced`, `tax_amount_refunded`, `base_tax_amount_refunded`, `product_id`, `product_type`, `order_id`, `tax_category_id`, `parent_id`, `additional`, `created_at`, `updated_at`) VALUES
	(1, '54545', 'simple', 'Hoceine el idrissi', NULL, 5.0000, 30.0000, 6, 0, 6, 0, 0, 200.0000, 200.0000, 1200.0000, 1200.0000, 1200.0000, 1200.0000, 0.0000, 0.0000, 0.0000, 0.0000, 0.0000, 0.0000, 0.0000, 0.0000, 0.0000, 0.0000, 0.0000, 0.0000, 0.0000, 0.0000, 0.0000, 0.0000, 1, 'Webkul\\Product\\Models\\Product', 1, NULL, NULL, '{"locale": "en", "rating": "0", "quantity": 1, "is_buy_now": "0", "product_id": "1"}', '2023-12-29 19:57:07', '2023-12-30 15:17:24'),
	(2, '54545', 'simple', 'Hoceine el idrissi', NULL, 5.0000, 20.0000, 4, 0, 4, 0, 0, 200.0000, 200.0000, 800.0000, 800.0000, 800.0000, 800.0000, 0.0000, 0.0000, 0.0000, 0.0000, 0.0000, 0.0000, 0.0000, 0.0000, 0.0000, 0.0000, 0.0000, 0.0000, 0.0000, 0.0000, 0.0000, 0.0000, 1, 'Webkul\\Product\\Models\\Product', 2, NULL, NULL, '{"locale": "en", "rating": "0", "quantity": 4, "is_buy_now": "1", "product_id": "1"}', '2023-12-29 21:19:43', '2023-12-30 15:16:42'),
	(3, '545455', 'simple', 'Paul Atkins', NULL, 10.0000, 10.0000, 1, 0, 0, 0, 0, 363.0000, 363.0000, 363.0000, 363.0000, 0.0000, 0.0000, 0.0000, 0.0000, 0.0000, 0.0000, 0.0000, 0.0000, 0.0000, 0.0000, 0.0000, 0.0000, 0.0000, 0.0000, 0.0000, 0.0000, 0.0000, 0.0000, 23, 'Webkul\\Product\\Models\\Product', 3, NULL, NULL, '{"locale": "en", "rating": "0", "quantity": 1, "is_buy_now": "1", "product_id": "23"}', '2023-12-30 16:04:17', '2023-12-30 16:04:17'),
	(4, '847', 'configurable', 'Configurable product', NULL, 5.0000, 5.0000, 1, 1, 1, 0, 0, 100.0000, 100.0000, 100.0000, 100.0000, 100.0000, 100.0000, 0.0000, 0.0000, 0.0000, 0.0000, 0.0000, 0.0000, 0.0000, 0.0000, 0.0000, 0.0000, 0.0000, 0.0000, 0.0000, 0.0000, 0.0000, 0.0000, 47, 'Webkul\\Product\\Models\\Product', 4, NULL, NULL, '{"locale": "en", "rating": "0", "quantity": 1, "attributes": {"brand": {"option_id": 11, "option_label": "TwinXl", "attribute_name": "Sizes"}}, "is_buy_now": "1", "product_id": "47", "super_attribute": {"25": "11"}, "selected_configurable_option": "49"}', '2023-12-30 19:37:21', '2023-12-30 19:39:16'),
	(5, '847-variant-11', 'simple', 'Twin XL', NULL, 0.0000, 0.0000, 1, 1, 1, 0, 0, 1.0000, 0.0000, 0.0000, 0.0000, 1.0000, 0.0000, 0.0000, 0.0000, 0.0000, 0.0000, 0.0000, 0.0000, 0.0000, 0.0000, 0.0000, 0.0000, 0.0000, 0.0000, 0.0000, 0.0000, 0.0000, 0.0000, 49, 'Webkul\\Product\\Models\\Product', 4, NULL, 4, '{"locale": "en", "parent_id": 47, "product_id": 49}', '2023-12-30 19:37:21', '2023-12-30 19:39:16'),
	(6, '847', 'configurable', 'Configurable product', NULL, 5.0000, 10.0000, 2, 0, 2, 0, 0, 100.0000, 100.0000, 200.0000, 200.0000, 200.0000, 200.0000, 0.0000, 0.0000, 0.0000, 0.0000, 0.0000, 0.0000, 0.0000, 0.0000, 0.0000, 0.0000, 0.0000, 0.0000, 0.0000, 0.0000, 0.0000, 0.0000, 47, 'Webkul\\Product\\Models\\Product', 5, NULL, NULL, '{"locale": "en", "rating": "0", "quantity": 2, "attributes": {"brand": {"option_id": 11, "option_label": "TwinXl", "attribute_name": "Sizes"}}, "is_buy_now": "1", "product_id": "47", "super_attribute": {"25": "11"}, "selected_configurable_option": "49"}', '2024-01-01 00:54:56', '2024-01-01 00:55:01'),
	(7, '847-variant-11', 'simple', 'Twin XL', NULL, 0.0000, 0.0000, 2, 0, 2, 0, 0, 1.0000, 0.0000, 0.0000, 0.0000, 2.0000, 0.0000, 0.0000, 0.0000, 0.0000, 0.0000, 0.0000, 0.0000, 0.0000, 0.0000, 0.0000, 0.0000, 0.0000, 0.0000, 0.0000, 0.0000, 0.0000, 0.0000, 49, 'Webkul\\Product\\Models\\Product', 5, NULL, 6, '{"locale": "en", "parent_id": 47, "product_id": 49}', '2024-01-01 00:54:56', '2024-01-01 00:55:01');

-- Dumping structure for table matress.order_payment
DROP TABLE IF EXISTS `order_payment`;
CREATE TABLE IF NOT EXISTS `order_payment` (
  `id` int unsigned NOT NULL AUTO_INCREMENT,
  `order_id` int unsigned DEFAULT NULL,
  `method` varchar(191) COLLATE utf8mb4_unicode_ci NOT NULL,
  `method_title` varchar(191) COLLATE utf8mb4_unicode_ci DEFAULT NULL,
  `additional` json DEFAULT NULL,
  `created_at` timestamp NULL DEFAULT NULL,
  `updated_at` timestamp NULL DEFAULT NULL,
  PRIMARY KEY (`id`),
  KEY `order_payment_order_id_foreign` (`order_id`),
  CONSTRAINT `order_payment_order_id_foreign` FOREIGN KEY (`order_id`) REFERENCES `orders` (`id`) ON DELETE CASCADE
) ENGINE=InnoDB AUTO_INCREMENT=6 DEFAULT CHARSET=utf8mb4 COLLATE=utf8mb4_unicode_ci ROW_FORMAT=DYNAMIC;

-- Dumping data for table matress.order_payment: ~5 rows (approximately)
REPLACE INTO `order_payment` (`id`, `order_id`, `method`, `method_title`, `additional`, `created_at`, `updated_at`) VALUES
	(1, 1, 'cashondelivery', 'Cash On Delivery', NULL, '2023-12-29 19:57:07', '2023-12-29 19:57:07'),
	(2, 2, 'moneytransfer', 'Money Transfer', NULL, '2023-12-29 21:19:43', '2023-12-29 21:19:43'),
	(3, 3, 'cashondelivery', 'Cash On Delivery', NULL, '2023-12-30 16:04:17', '2023-12-30 16:04:17'),
	(4, 4, 'cashondelivery', 'Cash On Delivery', NULL, '2023-12-30 19:37:21', '2023-12-30 19:37:21'),
	(5, 5, 'cashondelivery', 'Cash On Delivery', NULL, '2024-01-01 00:54:56', '2024-01-01 00:54:56');

-- Dumping structure for table matress.order_transactions
DROP TABLE IF EXISTS `order_transactions`;
CREATE TABLE IF NOT EXISTS `order_transactions` (
  `id` int unsigned NOT NULL AUTO_INCREMENT,
  `transaction_id` varchar(191) COLLATE utf8mb4_unicode_ci NOT NULL,
  `status` varchar(191) COLLATE utf8mb4_unicode_ci DEFAULT NULL,
  `type` varchar(191) COLLATE utf8mb4_unicode_ci DEFAULT NULL,
  `amount` decimal(12,4) DEFAULT '0.0000',
  `payment_method` varchar(191) COLLATE utf8mb4_unicode_ci DEFAULT NULL,
  `data` json DEFAULT NULL,
  `invoice_id` int unsigned NOT NULL,
  `order_id` int unsigned NOT NULL,
  `created_at` timestamp NULL DEFAULT NULL,
  `updated_at` timestamp NULL DEFAULT NULL,
  PRIMARY KEY (`id`),
  KEY `order_transactions_order_id_foreign` (`order_id`),
  CONSTRAINT `order_transactions_order_id_foreign` FOREIGN KEY (`order_id`) REFERENCES `orders` (`id`) ON DELETE CASCADE
) ENGINE=InnoDB DEFAULT CHARSET=utf8mb4 COLLATE=utf8mb4_unicode_ci ROW_FORMAT=DYNAMIC;

-- Dumping data for table matress.order_transactions: ~0 rows (approximately)

-- Dumping structure for table matress.password_resets
DROP TABLE IF EXISTS `password_resets`;
CREATE TABLE IF NOT EXISTS `password_resets` (
  `email` varchar(191) COLLATE utf8mb4_unicode_ci NOT NULL,
  `token` varchar(191) COLLATE utf8mb4_unicode_ci NOT NULL,
  `created_at` timestamp NULL DEFAULT NULL,
  KEY `password_resets_email_index` (`email`)
) ENGINE=InnoDB DEFAULT CHARSET=utf8mb4 COLLATE=utf8mb4_unicode_ci ROW_FORMAT=DYNAMIC;

-- Dumping data for table matress.password_resets: ~0 rows (approximately)

-- Dumping structure for table matress.personal_access_tokens
DROP TABLE IF EXISTS `personal_access_tokens`;
CREATE TABLE IF NOT EXISTS `personal_access_tokens` (
  `id` bigint unsigned NOT NULL AUTO_INCREMENT,
  `tokenable_type` varchar(191) COLLATE utf8mb4_unicode_ci NOT NULL,
  `tokenable_id` bigint unsigned NOT NULL,
  `name` varchar(191) COLLATE utf8mb4_unicode_ci NOT NULL,
  `token` varchar(64) COLLATE utf8mb4_unicode_ci NOT NULL,
  `abilities` text COLLATE utf8mb4_unicode_ci,
  `last_used_at` timestamp NULL DEFAULT NULL,
  `expires_at` timestamp NULL DEFAULT NULL,
  `created_at` timestamp NULL DEFAULT NULL,
  `updated_at` timestamp NULL DEFAULT NULL,
  PRIMARY KEY (`id`),
  UNIQUE KEY `personal_access_tokens_token_unique` (`token`),
  KEY `personal_access_tokens_tokenable_type_tokenable_id_index` (`tokenable_type`,`tokenable_id`)
) ENGINE=InnoDB DEFAULT CHARSET=utf8mb4 COLLATE=utf8mb4_unicode_ci ROW_FORMAT=DYNAMIC;

-- Dumping data for table matress.personal_access_tokens: ~0 rows (approximately)

-- Dumping structure for table matress.products
DROP TABLE IF EXISTS `products`;
CREATE TABLE IF NOT EXISTS `products` (
  `id` int unsigned NOT NULL AUTO_INCREMENT,
  `sku` varchar(191) COLLATE utf8mb4_unicode_ci NOT NULL,
  `type` varchar(191) COLLATE utf8mb4_unicode_ci NOT NULL,
  `parent_id` int unsigned DEFAULT NULL,
  `attribute_family_id` int unsigned DEFAULT NULL,
  `additional` json DEFAULT NULL,
  `created_at` timestamp NULL DEFAULT NULL,
  `updated_at` timestamp NULL DEFAULT NULL,
  PRIMARY KEY (`id`),
  UNIQUE KEY `products_sku_unique` (`sku`),
  KEY `products_attribute_family_id_foreign` (`attribute_family_id`),
  KEY `products_parent_id_foreign` (`parent_id`),
  CONSTRAINT `products_attribute_family_id_foreign` FOREIGN KEY (`attribute_family_id`) REFERENCES `attribute_families` (`id`) ON DELETE RESTRICT,
  CONSTRAINT `products_parent_id_foreign` FOREIGN KEY (`parent_id`) REFERENCES `products` (`id`) ON DELETE CASCADE
) ENGINE=InnoDB AUTO_INCREMENT=53 DEFAULT CHARSET=utf8mb4 COLLATE=utf8mb4_unicode_ci ROW_FORMAT=DYNAMIC;

-- Dumping data for table matress.products: ~8 rows (approximately)
REPLACE INTO `products` (`id`, `sku`, `type`, `parent_id`, `attribute_family_id`, `additional`, `created_at`, `updated_at`) VALUES
	(23, '545455', 'simple', NULL, 1, NULL, '2023-12-29 22:09:43', '2023-12-29 22:09:43'),
	(24, '674168', 'simple', NULL, 1, NULL, '2023-12-30 01:38:12', '2023-12-30 01:38:12'),
	(47, '847', 'configurable', NULL, 1, NULL, '2023-12-30 19:32:33', '2023-12-30 19:32:33'),
	(48, '847-variant-10', 'simple', 47, 1, NULL, '2023-12-30 19:32:33', '2023-12-30 19:32:33'),
	(49, '847-variant-11', 'simple', 47, 1, NULL, '2023-12-30 19:32:33', '2023-12-30 19:32:33'),
	(50, '3517687', 'configurable', NULL, 1, NULL, '2024-01-01 01:47:57', '2024-01-01 01:47:57'),
	(51, '3517687-variant-10', 'simple', 50, 1, NULL, '2024-01-01 01:47:57', '2024-01-01 01:47:57'),
	(52, '3517687-variant-11', 'simple', 50, 1, NULL, '2024-01-01 01:47:57', '2024-01-01 01:47:57');

-- Dumping structure for table matress.product_attribute_values
DROP TABLE IF EXISTS `product_attribute_values`;
CREATE TABLE IF NOT EXISTS `product_attribute_values` (
  `id` int unsigned NOT NULL AUTO_INCREMENT,
  `locale` varchar(191) COLLATE utf8mb4_unicode_ci DEFAULT NULL,
  `channel` varchar(191) COLLATE utf8mb4_unicode_ci DEFAULT NULL,
  `text_value` text COLLATE utf8mb4_unicode_ci,
  `boolean_value` tinyint(1) DEFAULT NULL,
  `integer_value` int DEFAULT NULL,
  `float_value` decimal(12,4) DEFAULT NULL,
  `datetime_value` datetime DEFAULT NULL,
  `date_value` date DEFAULT NULL,
  `json_value` json DEFAULT NULL,
  `product_id` int unsigned NOT NULL,
  `attribute_id` int unsigned NOT NULL,
  PRIMARY KEY (`id`),
  UNIQUE KEY `chanel_locale_attribute_value_index_unique` (`channel`,`locale`,`attribute_id`,`product_id`),
  KEY `product_attribute_values_product_id_foreign` (`product_id`),
  KEY `product_attribute_values_attribute_id_foreign` (`attribute_id`),
  CONSTRAINT `product_attribute_values_attribute_id_foreign` FOREIGN KEY (`attribute_id`) REFERENCES `attributes` (`id`) ON DELETE CASCADE,
  CONSTRAINT `product_attribute_values_product_id_foreign` FOREIGN KEY (`product_id`) REFERENCES `products` (`id`) ON DELETE CASCADE
) ENGINE=InnoDB AUTO_INCREMENT=1290 DEFAULT CHARSET=utf8mb4 COLLATE=utf8mb4_unicode_ci ROW_FORMAT=DYNAMIC;

-- Dumping data for table matress.product_attribute_values: ~158 rows (approximately)
REPLACE INTO `product_attribute_values` (`id`, `locale`, `channel`, `text_value`, `boolean_value`, `integer_value`, `float_value`, `datetime_value`, `date_value`, `json_value`, `product_id`, `attribute_id`) VALUES
	(742, 'en', 'default', 'Asperiores architect', NULL, NULL, NULL, NULL, NULL, NULL, 23, 9),
	(743, 'en', 'default', '<p>Veritatis atque vita</p>', NULL, NULL, NULL, NULL, NULL, NULL, 23, 10),
	(744, NULL, NULL, '545455', NULL, NULL, NULL, NULL, NULL, NULL, 23, 1),
	(745, 'en', 'default', 'Paul Atkins', NULL, NULL, NULL, NULL, NULL, NULL, 23, 2),
	(746, NULL, NULL, 'paul-atkins', NULL, NULL, NULL, NULL, NULL, NULL, 23, 3),
	(749, NULL, NULL, '91', NULL, NULL, NULL, NULL, NULL, NULL, 23, 27),
	(750, NULL, 'default', NULL, 1, NULL, NULL, NULL, NULL, NULL, 23, 28),
	(751, 'en', 'default', 'Reiciendis cupiditat', NULL, NULL, NULL, NULL, NULL, NULL, 23, 16),
	(752, 'en', 'default', 'Incidunt eius et is', NULL, NULL, NULL, NULL, NULL, NULL, 23, 17),
	(753, 'en', 'default', 'Esse dolorum et dig', NULL, NULL, NULL, NULL, NULL, NULL, 23, 18),
	(754, NULL, NULL, NULL, NULL, NULL, 363.0000, NULL, NULL, NULL, 23, 11),
	(755, NULL, 'default', NULL, NULL, NULL, 400.0000, NULL, NULL, NULL, 23, 12),
	(756, NULL, NULL, NULL, NULL, NULL, 300.0000, NULL, NULL, NULL, 23, 13),
	(757, NULL, 'default', NULL, NULL, NULL, NULL, NULL, '2023-12-15', NULL, 23, 14),
	(758, NULL, 'default', NULL, NULL, NULL, NULL, NULL, '2023-12-28', NULL, 23, 15),
	(759, NULL, NULL, NULL, 1, NULL, NULL, NULL, NULL, NULL, 23, 5),
	(760, NULL, NULL, NULL, 1, NULL, NULL, NULL, NULL, NULL, 23, 6),
	(761, NULL, NULL, NULL, 1, NULL, NULL, NULL, NULL, NULL, 23, 7),
	(762, NULL, NULL, NULL, 1, NULL, NULL, NULL, NULL, NULL, 23, 8),
	(763, NULL, NULL, NULL, 1, NULL, NULL, NULL, NULL, NULL, 23, 26),
	(764, NULL, NULL, '4', NULL, NULL, NULL, NULL, NULL, NULL, 23, 19),
	(765, NULL, NULL, '4', NULL, NULL, NULL, NULL, NULL, NULL, 23, 20),
	(766, NULL, NULL, '4', NULL, NULL, NULL, NULL, NULL, NULL, 23, 21),
	(767, NULL, NULL, '10', NULL, NULL, NULL, NULL, NULL, NULL, 23, 22),
	(768, 'en', 'default', 'Get the best of both worlds with our innovative hybrid mattress! Breathable, cooling, and supportive in all the right places, the H6 combines our memory foam-like material with individually wrapped coils to create a responsive medium-plush mattress for a comfortable sleep that leaves you feeling renewed.', NULL, NULL, NULL, NULL, NULL, NULL, 24, 9),
	(769, 'en', 'default', '<p><strong>Cooling Technology</strong></p>\r\n<p><strong>&nbsp;</strong>Serta iSeries Mattress INSTANT-COOLING COVER Cooling Technology Sleep hot? Our breathable H Mattress features an instant cooling cover that wicks away moisture and is designed to regulate temperature, so you remain comfortable throughout the night. Support The H Mattress combines a pocketed coil support system and multiple layers of foam to provide the support, pressure relief, and comfort you want most.</p>\r\n<hr><hr>\r\n<p><em><strong>&nbsp;Designed to minimize motion transfer</strong></em></p>\r\n<p>&nbsp;Serta iSeries Mattress Hybrid Construction Serta iSeries Mattress 2-IN-1 FEEL Hybrid Construction The H Mattress combines a pocketed coil support system and multiple layers of foam to provide the support, pressure relief, and comfort you want most. Designed to minimize motion transfer, this hybrid mattress ensures a restful sleep experience for all. Pressure Relief icon image SUPPORTIVE SLEEP Serta iSeries Mattress SUPPORTIVE SLEEP Responsive Foam Layers Including a combination of responsive gel foam and high-density memory foam, the H Mattress is designed to contour your body and provide supportive pressure relief for a deeper, more restful night&rsquo;s sleep.</p>\r\n<hr>\r\n<p>&nbsp;</p>\r\n<p><strong>BUILD Serta iSeries Mattress BUILD</strong> *- 4" React Comfort Layer (Medium-Plush) *- 6" Foam Encased Suspension Unit *- 2" Durable Support Base Adjustable base compatible. MATERIALS Serta iSeries Mattress MATERIALS 1- Ver-Tex Top Cover 2- React Foam (CertiPUR-U Certified) 3- Suspension Units 4- Air-X Side Panels CARE Do Not Remove Cover, Spot Clean Only, Use Mild Detergent and Cold Water Only Delivery &amp; Shipping Warranty Rest easy knowing that our high-quality mattresses are designed to stay comfortable year after year. When you purchase a BEDGEAR Mattress from our website, your bed is covered by our 10-Year Limited Manufacturer&rsquo;s Warranty. So, if it doesn&rsquo;t live up to BEDGEAR&rsquo;s standards, no worries &ndash; we&rsquo;ve got you covered.</p>\r\n<hr>\r\n<p><strong>&nbsp;MEASUREMENTS &amp; DIMENSIONS Dimensions</strong></p>\r\n<ul>\r\n<li>&nbsp;Weight/Lbs Twin 38" W x 75" L x 12" H 40 Twin XL 38" W x 80" L x 12" H 43 Full 53" W x 75" L x 12" H 51 Queen 60" W x 80" L x 12" H 69 King 76" W x 80" L x 12" H 88 Cal King 72" W x 84" L x 12" H 88</li>\r\n</ul>', NULL, NULL, NULL, NULL, NULL, NULL, 24, 10),
	(770, NULL, NULL, '674168', NULL, NULL, NULL, NULL, NULL, NULL, 24, 1),
	(771, 'en', 'default', 'Bedgear Hybrid Performance® H6 Hybrid Performance Plush Mattress', NULL, NULL, NULL, NULL, NULL, NULL, 24, 2),
	(772, NULL, NULL, 'bedgear-hybrid-performance-h6-hybrid-performance-plush-mattress', NULL, NULL, NULL, NULL, NULL, NULL, 24, 3),
	(775, NULL, NULL, NULL, NULL, 10, NULL, NULL, NULL, NULL, 24, 25),
	(776, NULL, NULL, '792', NULL, NULL, NULL, NULL, NULL, NULL, 24, 27),
	(777, NULL, 'default', NULL, 1, NULL, NULL, NULL, NULL, NULL, 24, 28),
	(778, 'en', 'default', 'Bedgear Hybrid Performance® H6 Hybrid Performance Plush Mattress', NULL, NULL, NULL, NULL, NULL, NULL, 24, 16),
	(779, 'en', 'default', 'Bedgear Hybrid Performance® H6 Hybrid Performance Plush Mattress', NULL, NULL, NULL, NULL, NULL, NULL, 24, 17),
	(780, 'en', 'default', 'Bedgear Hybrid Performance® H6 Hybrid Performance Plush Mattress', NULL, NULL, NULL, NULL, NULL, NULL, 24, 18),
	(781, NULL, NULL, NULL, NULL, NULL, 800.0000, NULL, NULL, NULL, 24, 11),
	(782, NULL, 'default', NULL, NULL, NULL, 700.0000, NULL, NULL, NULL, 24, 12),
	(783, NULL, NULL, NULL, NULL, NULL, 600.0000, NULL, NULL, NULL, 24, 13),
	(784, NULL, 'default', NULL, NULL, NULL, NULL, NULL, '2023-12-12', NULL, 24, 14),
	(785, NULL, 'default', NULL, NULL, NULL, NULL, NULL, '2023-12-26', NULL, 24, 15),
	(786, NULL, NULL, NULL, 1, NULL, NULL, NULL, NULL, NULL, 24, 5),
	(787, NULL, NULL, NULL, 1, NULL, NULL, NULL, NULL, NULL, 24, 6),
	(788, NULL, NULL, NULL, 1, NULL, NULL, NULL, NULL, NULL, 24, 7),
	(789, NULL, NULL, NULL, 1, NULL, NULL, NULL, NULL, NULL, 24, 8),
	(790, NULL, NULL, NULL, 1, NULL, NULL, NULL, NULL, NULL, 24, 26),
	(791, NULL, NULL, '300', NULL, NULL, NULL, NULL, NULL, NULL, 24, 19),
	(792, NULL, NULL, '200', NULL, NULL, NULL, NULL, NULL, NULL, 24, 20),
	(793, NULL, NULL, '50', NULL, NULL, NULL, NULL, NULL, NULL, 24, 21),
	(794, NULL, NULL, '100', NULL, NULL, NULL, NULL, NULL, NULL, 24, 22),
	(1181, NULL, NULL, '847-variant-10', NULL, NULL, NULL, NULL, NULL, NULL, 48, 1),
	(1182, 'nl', 'default', 'Variant 10', NULL, NULL, NULL, NULL, NULL, NULL, 48, 2),
	(1183, 'en', 'default', 'Queen', NULL, NULL, NULL, NULL, NULL, NULL, 48, 2),
	(1184, 'es', 'default', 'Variant 10', NULL, NULL, NULL, NULL, NULL, NULL, 48, 2),
	(1185, 'fr', 'default', 'Variant 10', NULL, NULL, NULL, NULL, NULL, NULL, 48, 2),
	(1186, 'de', 'default', 'Variant 10', NULL, NULL, NULL, NULL, NULL, NULL, 48, 2),
	(1187, 'it', 'default', 'Variant 10', NULL, NULL, NULL, NULL, NULL, NULL, 48, 2),
	(1188, 'ru', 'default', 'Variant 10', NULL, NULL, NULL, NULL, NULL, NULL, 48, 2),
	(1189, 'tr', 'default', 'Variant 10', NULL, NULL, NULL, NULL, NULL, NULL, 48, 2),
	(1190, 'uk', 'default', 'Variant 10', NULL, NULL, NULL, NULL, NULL, NULL, 48, 2),
	(1191, NULL, NULL, '847-variant-10', NULL, NULL, NULL, NULL, NULL, NULL, 48, 3),
	(1192, 'nl', 'default', '847-variant-10', NULL, NULL, NULL, NULL, NULL, NULL, 48, 9),
	(1193, 'en', 'default', '847-variant-10', NULL, NULL, NULL, NULL, NULL, NULL, 48, 9),
	(1194, 'es', 'default', '847-variant-10', NULL, NULL, NULL, NULL, NULL, NULL, 48, 9),
	(1195, 'fr', 'default', '847-variant-10', NULL, NULL, NULL, NULL, NULL, NULL, 48, 9),
	(1196, 'de', 'default', '847-variant-10', NULL, NULL, NULL, NULL, NULL, NULL, 48, 9),
	(1197, 'it', 'default', '847-variant-10', NULL, NULL, NULL, NULL, NULL, NULL, 48, 9),
	(1198, 'ru', 'default', '847-variant-10', NULL, NULL, NULL, NULL, NULL, NULL, 48, 9),
	(1199, 'tr', 'default', '847-variant-10', NULL, NULL, NULL, NULL, NULL, NULL, 48, 9),
	(1200, 'uk', 'default', '847-variant-10', NULL, NULL, NULL, NULL, NULL, NULL, 48, 9),
	(1201, NULL, NULL, '847-variant-10', NULL, NULL, NULL, NULL, NULL, NULL, 48, 10),
	(1202, NULL, NULL, NULL, NULL, NULL, 200.0000, NULL, NULL, NULL, 48, 11),
	(1203, NULL, NULL, '10', NULL, NULL, NULL, NULL, NULL, NULL, 48, 22),
	(1204, NULL, NULL, NULL, 1, NULL, NULL, NULL, NULL, NULL, 48, 8),
	(1205, NULL, 'default', NULL, NULL, 0, NULL, NULL, NULL, NULL, 48, 4),
	(1206, NULL, NULL, NULL, NULL, 10, NULL, NULL, NULL, NULL, 48, 25),
	(1207, NULL, NULL, '847-variant-11', NULL, NULL, NULL, NULL, NULL, NULL, 49, 1),
	(1208, 'nl', 'default', 'Variant 11', NULL, NULL, NULL, NULL, NULL, NULL, 49, 2),
	(1209, 'en', 'default', 'Twin XL', NULL, NULL, NULL, NULL, NULL, NULL, 49, 2),
	(1210, 'es', 'default', 'Variant 11', NULL, NULL, NULL, NULL, NULL, NULL, 49, 2),
	(1211, 'fr', 'default', 'Variant 11', NULL, NULL, NULL, NULL, NULL, NULL, 49, 2),
	(1212, 'de', 'default', 'Variant 11', NULL, NULL, NULL, NULL, NULL, NULL, 49, 2),
	(1213, 'it', 'default', 'Variant 11', NULL, NULL, NULL, NULL, NULL, NULL, 49, 2),
	(1214, 'ru', 'default', 'Variant 11', NULL, NULL, NULL, NULL, NULL, NULL, 49, 2),
	(1215, 'tr', 'default', 'Variant 11', NULL, NULL, NULL, NULL, NULL, NULL, 49, 2),
	(1216, 'uk', 'default', 'Variant 11', NULL, NULL, NULL, NULL, NULL, NULL, 49, 2),
	(1217, NULL, NULL, '847-variant-11', NULL, NULL, NULL, NULL, NULL, NULL, 49, 3),
	(1218, 'nl', 'default', '847-variant-11', NULL, NULL, NULL, NULL, NULL, NULL, 49, 9),
	(1219, 'en', 'default', '847-variant-11', NULL, NULL, NULL, NULL, NULL, NULL, 49, 9),
	(1220, 'es', 'default', '847-variant-11', NULL, NULL, NULL, NULL, NULL, NULL, 49, 9),
	(1221, 'fr', 'default', '847-variant-11', NULL, NULL, NULL, NULL, NULL, NULL, 49, 9),
	(1222, 'de', 'default', '847-variant-11', NULL, NULL, NULL, NULL, NULL, NULL, 49, 9),
	(1223, 'it', 'default', '847-variant-11', NULL, NULL, NULL, NULL, NULL, NULL, 49, 9),
	(1224, 'ru', 'default', '847-variant-11', NULL, NULL, NULL, NULL, NULL, NULL, 49, 9),
	(1225, 'tr', 'default', '847-variant-11', NULL, NULL, NULL, NULL, NULL, NULL, 49, 9),
	(1226, 'uk', 'default', '847-variant-11', NULL, NULL, NULL, NULL, NULL, NULL, 49, 9),
	(1227, NULL, NULL, '847-variant-11', NULL, NULL, NULL, NULL, NULL, NULL, 49, 10),
	(1228, NULL, NULL, NULL, NULL, NULL, 100.0000, NULL, NULL, NULL, 49, 11),
	(1229, NULL, NULL, '5', NULL, NULL, NULL, NULL, NULL, NULL, 49, 22),
	(1230, NULL, NULL, NULL, 1, NULL, NULL, NULL, NULL, NULL, 49, 8),
	(1231, NULL, 'default', NULL, NULL, 0, NULL, NULL, NULL, NULL, 49, 4),
	(1232, NULL, NULL, NULL, NULL, 11, NULL, NULL, NULL, NULL, 49, 25),
	(1233, 'en', 'default', '11” height; 4 layers of comfort\r\nGel-infused memory foam & non-allergenic, aerated latex for cooler sleep\r\nHigh-density support foam\r\nBreathable & plush knit cover\r\nMedium-Firm: Optimal balance for comfort & long-term support', NULL, NULL, NULL, NULL, NULL, NULL, 47, 9),
	(1234, NULL, NULL, '<div class="mt-6 mb-3">\r\n<div class="pt-5 xl:text-base">\r\n<div class="px-4 text-sm">\r\n<ul class="ml-4 list-disc list-outside">\r\n<li>11&rdquo; height; 4 layers of comfort</li>\r\n<li>Gel-infused memory foam &amp; non-allergenic, aerated latex for cooler sleep</li>\r\n<li>High-density support foam</li>\r\n<li>Breathable &amp; plush knit cover</li>\r\n<li><span class="font-bold">Medium-Firm:</span><span>&nbsp;</span>Optimal balance for comfort &amp; long-term support</li>\r\n</ul>\r\n</div>\r\n</div>\r\n</div>', NULL, NULL, NULL, NULL, NULL, NULL, 47, 10),
	(1235, NULL, NULL, '847', NULL, NULL, NULL, NULL, NULL, NULL, 47, 1),
	(1236, 'en', 'default', 'Configurable product', NULL, NULL, NULL, NULL, NULL, NULL, 47, 2),
	(1237, NULL, NULL, 'configurable-product', NULL, NULL, NULL, NULL, NULL, NULL, 47, 3),
	(1238, NULL, NULL, '', NULL, NULL, NULL, NULL, NULL, NULL, 47, 27),
	(1239, NULL, 'default', NULL, 0, NULL, NULL, NULL, NULL, NULL, 47, 28),
	(1240, 'en', 'default', '', NULL, NULL, NULL, NULL, NULL, NULL, 47, 16),
	(1241, 'en', 'default', '', NULL, NULL, NULL, NULL, NULL, NULL, 47, 17),
	(1242, 'en', 'default', '', NULL, NULL, NULL, NULL, NULL, NULL, 47, 18),
	(1243, NULL, NULL, NULL, 1, NULL, NULL, NULL, NULL, NULL, 47, 5),
	(1244, NULL, NULL, NULL, 1, NULL, NULL, NULL, NULL, NULL, 47, 6),
	(1245, NULL, NULL, NULL, 1, NULL, NULL, NULL, NULL, NULL, 47, 7),
	(1246, NULL, NULL, NULL, 1, NULL, NULL, NULL, NULL, NULL, 47, 8),
	(1247, NULL, NULL, NULL, 1, NULL, NULL, NULL, NULL, NULL, 47, 26),
	(1248, NULL, NULL, '3517687-variant-10', NULL, NULL, NULL, NULL, NULL, NULL, 51, 1),
	(1249, 'ar', 'default', 'Variant 10', NULL, NULL, NULL, NULL, NULL, NULL, 51, 2),
	(1250, 'en', 'default', 'Variant 10', NULL, NULL, NULL, NULL, NULL, NULL, 51, 2),
	(1251, 'fr', 'default', 'Variant 10', NULL, NULL, NULL, NULL, NULL, NULL, 51, 2),
	(1252, 'ar', 'testing', 'Variant 10', NULL, NULL, NULL, NULL, NULL, NULL, 51, 2),
	(1253, 'en', 'testing', 'Variant 10', NULL, NULL, NULL, NULL, NULL, NULL, 51, 2),
	(1254, 'fr', 'testing', 'Variant 10', NULL, NULL, NULL, NULL, NULL, NULL, 51, 2),
	(1255, NULL, NULL, '3517687-variant-10', NULL, NULL, NULL, NULL, NULL, NULL, 51, 3),
	(1256, 'ar', 'default', '3517687-variant-10', NULL, NULL, NULL, NULL, NULL, NULL, 51, 9),
	(1257, 'en', 'default', '3517687-variant-10', NULL, NULL, NULL, NULL, NULL, NULL, 51, 9),
	(1258, 'fr', 'default', '3517687-variant-10', NULL, NULL, NULL, NULL, NULL, NULL, 51, 9),
	(1259, 'ar', 'testing', '3517687-variant-10', NULL, NULL, NULL, NULL, NULL, NULL, 51, 9),
	(1260, 'en', 'testing', '3517687-variant-10', NULL, NULL, NULL, NULL, NULL, NULL, 51, 9),
	(1261, 'fr', 'testing', '3517687-variant-10', NULL, NULL, NULL, NULL, NULL, NULL, 51, 9),
	(1262, NULL, NULL, '3517687-variant-10', NULL, NULL, NULL, NULL, NULL, NULL, 51, 10),
	(1263, NULL, NULL, NULL, NULL, NULL, 0.0000, NULL, NULL, NULL, 51, 11),
	(1264, NULL, NULL, '0', NULL, NULL, NULL, NULL, NULL, NULL, 51, 22),
	(1265, NULL, NULL, NULL, 1, NULL, NULL, NULL, NULL, NULL, 51, 8),
	(1266, NULL, 'default', NULL, NULL, 0, NULL, NULL, NULL, NULL, 51, 4),
	(1267, NULL, 'testing', NULL, NULL, 0, NULL, NULL, NULL, NULL, 51, 4),
	(1268, NULL, NULL, NULL, NULL, 10, NULL, NULL, NULL, NULL, 51, 25),
	(1269, NULL, NULL, '3517687-variant-11', NULL, NULL, NULL, NULL, NULL, NULL, 52, 1),
	(1270, 'ar', 'default', 'Variant 11', NULL, NULL, NULL, NULL, NULL, NULL, 52, 2),
	(1271, 'en', 'default', 'Variant 11', NULL, NULL, NULL, NULL, NULL, NULL, 52, 2),
	(1272, 'fr', 'default', 'Variant 11', NULL, NULL, NULL, NULL, NULL, NULL, 52, 2),
	(1273, 'ar', 'testing', 'Variant 11', NULL, NULL, NULL, NULL, NULL, NULL, 52, 2),
	(1274, 'en', 'testing', 'Variant 11', NULL, NULL, NULL, NULL, NULL, NULL, 52, 2),
	(1275, 'fr', 'testing', 'Variant 11', NULL, NULL, NULL, NULL, NULL, NULL, 52, 2),
	(1276, NULL, NULL, '3517687-variant-11', NULL, NULL, NULL, NULL, NULL, NULL, 52, 3),
	(1277, 'ar', 'default', '3517687-variant-11', NULL, NULL, NULL, NULL, NULL, NULL, 52, 9),
	(1278, 'en', 'default', '3517687-variant-11', NULL, NULL, NULL, NULL, NULL, NULL, 52, 9),
	(1279, 'fr', 'default', '3517687-variant-11', NULL, NULL, NULL, NULL, NULL, NULL, 52, 9),
	(1280, 'ar', 'testing', '3517687-variant-11', NULL, NULL, NULL, NULL, NULL, NULL, 52, 9),
	(1281, 'en', 'testing', '3517687-variant-11', NULL, NULL, NULL, NULL, NULL, NULL, 52, 9),
	(1282, 'fr', 'testing', '3517687-variant-11', NULL, NULL, NULL, NULL, NULL, NULL, 52, 9),
	(1283, NULL, NULL, '3517687-variant-11', NULL, NULL, NULL, NULL, NULL, NULL, 52, 10),
	(1284, NULL, NULL, NULL, NULL, NULL, 0.0000, NULL, NULL, NULL, 52, 11),
	(1285, NULL, NULL, '0', NULL, NULL, NULL, NULL, NULL, NULL, 52, 22),
	(1286, NULL, NULL, NULL, 1, NULL, NULL, NULL, NULL, NULL, 52, 8),
	(1287, NULL, 'default', NULL, NULL, 0, NULL, NULL, NULL, NULL, 52, 4),
	(1288, NULL, 'testing', NULL, NULL, 0, NULL, NULL, NULL, NULL, 52, 4),
	(1289, NULL, NULL, NULL, NULL, 11, NULL, NULL, NULL, NULL, 52, 25);

-- Dumping structure for table matress.product_bundle_options
DROP TABLE IF EXISTS `product_bundle_options`;
CREATE TABLE IF NOT EXISTS `product_bundle_options` (
  `id` int unsigned NOT NULL AUTO_INCREMENT,
  `product_id` int unsigned NOT NULL,
  `type` varchar(191) COLLATE utf8mb4_unicode_ci NOT NULL,
  `is_required` tinyint(1) NOT NULL DEFAULT '1',
  `sort_order` int NOT NULL DEFAULT '0',
  PRIMARY KEY (`id`),
  KEY `product_bundle_options_product_id_foreign` (`product_id`),
  CONSTRAINT `product_bundle_options_product_id_foreign` FOREIGN KEY (`product_id`) REFERENCES `products` (`id`) ON DELETE CASCADE
) ENGINE=InnoDB DEFAULT CHARSET=utf8mb4 COLLATE=utf8mb4_unicode_ci ROW_FORMAT=DYNAMIC;

-- Dumping data for table matress.product_bundle_options: ~0 rows (approximately)

-- Dumping structure for table matress.product_bundle_option_products
DROP TABLE IF EXISTS `product_bundle_option_products`;
CREATE TABLE IF NOT EXISTS `product_bundle_option_products` (
  `id` int unsigned NOT NULL AUTO_INCREMENT,
  `product_id` int unsigned NOT NULL,
  `product_bundle_option_id` int unsigned NOT NULL,
  `qty` int NOT NULL DEFAULT '0',
  `is_user_defined` tinyint(1) NOT NULL DEFAULT '1',
  `is_default` tinyint(1) NOT NULL DEFAULT '0',
  `sort_order` int NOT NULL DEFAULT '0',
  PRIMARY KEY (`id`),
  KEY `product_bundle_option_products_product_id_foreign` (`product_id`),
  KEY `product_bundle_option_products_product_bundle_option_id_foreign` (`product_bundle_option_id`),
  CONSTRAINT `product_bundle_option_products_product_bundle_option_id_foreign` FOREIGN KEY (`product_bundle_option_id`) REFERENCES `product_bundle_options` (`id`) ON DELETE CASCADE,
  CONSTRAINT `product_bundle_option_products_product_id_foreign` FOREIGN KEY (`product_id`) REFERENCES `products` (`id`) ON DELETE CASCADE
) ENGINE=InnoDB DEFAULT CHARSET=utf8mb4 COLLATE=utf8mb4_unicode_ci ROW_FORMAT=DYNAMIC;

-- Dumping data for table matress.product_bundle_option_products: ~0 rows (approximately)

-- Dumping structure for table matress.product_bundle_option_translations
DROP TABLE IF EXISTS `product_bundle_option_translations`;
CREATE TABLE IF NOT EXISTS `product_bundle_option_translations` (
  `id` int unsigned NOT NULL AUTO_INCREMENT,
  `locale` varchar(191) COLLATE utf8mb4_unicode_ci NOT NULL,
  `label` text COLLATE utf8mb4_unicode_ci,
  `product_bundle_option_id` int unsigned NOT NULL,
  PRIMARY KEY (`id`),
  UNIQUE KEY `product_bundle_option_translations_option_id_locale_unique` (`product_bundle_option_id`,`locale`),
  CONSTRAINT `product_bundle_option_translations_option_id_foreign` FOREIGN KEY (`product_bundle_option_id`) REFERENCES `product_bundle_options` (`id`) ON DELETE CASCADE
) ENGINE=InnoDB DEFAULT CHARSET=utf8mb4 COLLATE=utf8mb4_unicode_ci ROW_FORMAT=DYNAMIC;

-- Dumping data for table matress.product_bundle_option_translations: ~0 rows (approximately)

-- Dumping structure for table matress.product_categories
DROP TABLE IF EXISTS `product_categories`;
CREATE TABLE IF NOT EXISTS `product_categories` (
  `product_id` int unsigned NOT NULL,
  `category_id` int unsigned NOT NULL,
  KEY `product_categories_product_id_foreign` (`product_id`),
  KEY `product_categories_category_id_foreign` (`category_id`),
  CONSTRAINT `product_categories_category_id_foreign` FOREIGN KEY (`category_id`) REFERENCES `categories` (`id`) ON DELETE CASCADE,
  CONSTRAINT `product_categories_product_id_foreign` FOREIGN KEY (`product_id`) REFERENCES `products` (`id`) ON DELETE CASCADE
) ENGINE=InnoDB DEFAULT CHARSET=utf8mb4 COLLATE=utf8mb4_unicode_ci ROW_FORMAT=DYNAMIC;

-- Dumping data for table matress.product_categories: ~4 rows (approximately)
REPLACE INTO `product_categories` (`product_id`, `category_id`) VALUES
	(24, 2),
	(23, 3),
	(47, 2),
	(47, 3);

-- Dumping structure for table matress.product_cross_sells
DROP TABLE IF EXISTS `product_cross_sells`;
CREATE TABLE IF NOT EXISTS `product_cross_sells` (
  `parent_id` int unsigned NOT NULL,
  `child_id` int unsigned NOT NULL,
  KEY `product_cross_sells_parent_id_foreign` (`parent_id`),
  KEY `product_cross_sells_child_id_foreign` (`child_id`),
  CONSTRAINT `product_cross_sells_child_id_foreign` FOREIGN KEY (`child_id`) REFERENCES `products` (`id`) ON DELETE CASCADE,
  CONSTRAINT `product_cross_sells_parent_id_foreign` FOREIGN KEY (`parent_id`) REFERENCES `products` (`id`) ON DELETE CASCADE
) ENGINE=InnoDB DEFAULT CHARSET=utf8mb4 COLLATE=utf8mb4_unicode_ci ROW_FORMAT=DYNAMIC;

-- Dumping data for table matress.product_cross_sells: ~1 rows (approximately)
REPLACE INTO `product_cross_sells` (`parent_id`, `child_id`) VALUES
	(47, 24);

-- Dumping structure for table matress.product_customer_group_prices
DROP TABLE IF EXISTS `product_customer_group_prices`;
CREATE TABLE IF NOT EXISTS `product_customer_group_prices` (
  `id` bigint unsigned NOT NULL AUTO_INCREMENT,
  `qty` int NOT NULL DEFAULT '0',
  `value_type` varchar(191) COLLATE utf8mb4_unicode_ci NOT NULL,
  `value` decimal(12,4) NOT NULL DEFAULT '0.0000',
  `product_id` int unsigned NOT NULL,
  `customer_group_id` int unsigned DEFAULT NULL,
  `created_at` timestamp NULL DEFAULT NULL,
  `updated_at` timestamp NULL DEFAULT NULL,
  PRIMARY KEY (`id`),
  KEY `product_customer_group_prices_product_id_foreign` (`product_id`),
  KEY `product_customer_group_prices_customer_group_id_foreign` (`customer_group_id`),
  CONSTRAINT `product_customer_group_prices_customer_group_id_foreign` FOREIGN KEY (`customer_group_id`) REFERENCES `customer_groups` (`id`) ON DELETE CASCADE,
  CONSTRAINT `product_customer_group_prices_product_id_foreign` FOREIGN KEY (`product_id`) REFERENCES `products` (`id`) ON DELETE CASCADE
) ENGINE=InnoDB DEFAULT CHARSET=utf8mb4 COLLATE=utf8mb4_unicode_ci ROW_FORMAT=DYNAMIC;

-- Dumping data for table matress.product_customer_group_prices: ~0 rows (approximately)

-- Dumping structure for table matress.product_downloadable_links
DROP TABLE IF EXISTS `product_downloadable_links`;
CREATE TABLE IF NOT EXISTS `product_downloadable_links` (
  `id` int unsigned NOT NULL AUTO_INCREMENT,
  `product_id` int unsigned NOT NULL,
  `url` varchar(191) COLLATE utf8mb4_unicode_ci DEFAULT NULL,
  `file` varchar(191) COLLATE utf8mb4_unicode_ci DEFAULT NULL,
  `file_name` varchar(191) COLLATE utf8mb4_unicode_ci DEFAULT NULL,
  `type` varchar(191) COLLATE utf8mb4_unicode_ci NOT NULL,
  `price` decimal(12,4) NOT NULL DEFAULT '0.0000',
  `sample_url` varchar(191) COLLATE utf8mb4_unicode_ci DEFAULT NULL,
  `sample_file` varchar(191) COLLATE utf8mb4_unicode_ci DEFAULT NULL,
  `sample_file_name` varchar(191) COLLATE utf8mb4_unicode_ci DEFAULT NULL,
  `sample_type` varchar(191) COLLATE utf8mb4_unicode_ci DEFAULT NULL,
  `downloads` int NOT NULL DEFAULT '0',
  `sort_order` int DEFAULT NULL,
  `created_at` timestamp NULL DEFAULT NULL,
  `updated_at` timestamp NULL DEFAULT NULL,
  PRIMARY KEY (`id`),
  KEY `product_downloadable_links_product_id_foreign` (`product_id`),
  CONSTRAINT `product_downloadable_links_product_id_foreign` FOREIGN KEY (`product_id`) REFERENCES `products` (`id`) ON DELETE CASCADE
) ENGINE=InnoDB DEFAULT CHARSET=utf8mb4 COLLATE=utf8mb4_unicode_ci ROW_FORMAT=DYNAMIC;

-- Dumping data for table matress.product_downloadable_links: ~0 rows (approximately)

-- Dumping structure for table matress.product_downloadable_link_translations
DROP TABLE IF EXISTS `product_downloadable_link_translations`;
CREATE TABLE IF NOT EXISTS `product_downloadable_link_translations` (
  `id` int unsigned NOT NULL AUTO_INCREMENT,
  `product_downloadable_link_id` int unsigned NOT NULL,
  `locale` varchar(191) COLLATE utf8mb4_unicode_ci NOT NULL,
  `title` text COLLATE utf8mb4_unicode_ci,
  PRIMARY KEY (`id`),
  KEY `link_translations_link_id_foreign` (`product_downloadable_link_id`),
  CONSTRAINT `link_translations_link_id_foreign` FOREIGN KEY (`product_downloadable_link_id`) REFERENCES `product_downloadable_links` (`id`) ON DELETE CASCADE
) ENGINE=InnoDB DEFAULT CHARSET=utf8mb4 COLLATE=utf8mb4_unicode_ci ROW_FORMAT=DYNAMIC;

-- Dumping data for table matress.product_downloadable_link_translations: ~0 rows (approximately)

-- Dumping structure for table matress.product_downloadable_samples
DROP TABLE IF EXISTS `product_downloadable_samples`;
CREATE TABLE IF NOT EXISTS `product_downloadable_samples` (
  `id` int unsigned NOT NULL AUTO_INCREMENT,
  `product_id` int unsigned NOT NULL,
  `url` varchar(191) COLLATE utf8mb4_unicode_ci DEFAULT NULL,
  `file` varchar(191) COLLATE utf8mb4_unicode_ci DEFAULT NULL,
  `file_name` varchar(191) COLLATE utf8mb4_unicode_ci DEFAULT NULL,
  `type` varchar(191) COLLATE utf8mb4_unicode_ci NOT NULL,
  `sort_order` int DEFAULT NULL,
  `created_at` timestamp NULL DEFAULT NULL,
  `updated_at` timestamp NULL DEFAULT NULL,
  PRIMARY KEY (`id`),
  KEY `product_downloadable_samples_product_id_foreign` (`product_id`),
  CONSTRAINT `product_downloadable_samples_product_id_foreign` FOREIGN KEY (`product_id`) REFERENCES `products` (`id`) ON DELETE CASCADE
) ENGINE=InnoDB DEFAULT CHARSET=utf8mb4 COLLATE=utf8mb4_unicode_ci ROW_FORMAT=DYNAMIC;

-- Dumping data for table matress.product_downloadable_samples: ~0 rows (approximately)

-- Dumping structure for table matress.product_downloadable_sample_translations
DROP TABLE IF EXISTS `product_downloadable_sample_translations`;
CREATE TABLE IF NOT EXISTS `product_downloadable_sample_translations` (
  `id` int unsigned NOT NULL AUTO_INCREMENT,
  `product_downloadable_sample_id` int unsigned NOT NULL,
  `locale` varchar(191) COLLATE utf8mb4_unicode_ci NOT NULL,
  `title` text COLLATE utf8mb4_unicode_ci,
  PRIMARY KEY (`id`),
  KEY `sample_translations_sample_id_foreign` (`product_downloadable_sample_id`),
  CONSTRAINT `sample_translations_sample_id_foreign` FOREIGN KEY (`product_downloadable_sample_id`) REFERENCES `product_downloadable_samples` (`id`) ON DELETE CASCADE
) ENGINE=InnoDB DEFAULT CHARSET=utf8mb4 COLLATE=utf8mb4_unicode_ci ROW_FORMAT=DYNAMIC;

-- Dumping data for table matress.product_downloadable_sample_translations: ~0 rows (approximately)

-- Dumping structure for table matress.product_flat
DROP TABLE IF EXISTS `product_flat`;
CREATE TABLE IF NOT EXISTS `product_flat` (
  `id` int unsigned NOT NULL AUTO_INCREMENT,
  `sku` varchar(191) COLLATE utf8mb4_unicode_ci NOT NULL,
  `type` varchar(191) COLLATE utf8mb4_unicode_ci DEFAULT NULL,
  `product_number` varchar(191) COLLATE utf8mb4_unicode_ci DEFAULT NULL,
  `name` varchar(191) COLLATE utf8mb4_unicode_ci DEFAULT NULL,
  `short_description` text COLLATE utf8mb4_unicode_ci,
  `description` text COLLATE utf8mb4_unicode_ci,
  `url_key` varchar(191) COLLATE utf8mb4_unicode_ci DEFAULT NULL,
  `new` tinyint(1) DEFAULT NULL,
  `featured` tinyint(1) DEFAULT NULL,
  `status` tinyint(1) DEFAULT NULL,
  `meta_title` text COLLATE utf8mb4_unicode_ci,
  `meta_keywords` text COLLATE utf8mb4_unicode_ci,
  `meta_description` text COLLATE utf8mb4_unicode_ci,
  `price` decimal(12,4) DEFAULT NULL,
  `special_price` decimal(12,4) DEFAULT NULL,
  `special_price_from` date DEFAULT NULL,
  `special_price_to` date DEFAULT NULL,
  `weight` decimal(12,4) DEFAULT NULL,
  `created_at` datetime DEFAULT NULL,
  `locale` varchar(191) COLLATE utf8mb4_unicode_ci DEFAULT NULL,
  `channel` varchar(191) COLLATE utf8mb4_unicode_ci DEFAULT NULL,
  `attribute_family_id` int unsigned DEFAULT NULL,
  `product_id` int unsigned NOT NULL,
  `updated_at` datetime DEFAULT NULL,
  `parent_id` int unsigned DEFAULT NULL,
  `visible_individually` tinyint(1) DEFAULT NULL,
  PRIMARY KEY (`id`),
  UNIQUE KEY `product_flat_unique_index` (`product_id`,`channel`,`locale`),
  KEY `product_flat_attribute_family_id_foreign` (`attribute_family_id`),
  KEY `product_flat_parent_id_foreign` (`parent_id`),
  CONSTRAINT `product_flat_attribute_family_id_foreign` FOREIGN KEY (`attribute_family_id`) REFERENCES `attribute_families` (`id`) ON DELETE RESTRICT,
  CONSTRAINT `product_flat_parent_id_foreign` FOREIGN KEY (`parent_id`) REFERENCES `product_flat` (`id`) ON DELETE CASCADE,
  CONSTRAINT `product_flat_product_id_foreign` FOREIGN KEY (`product_id`) REFERENCES `products` (`id`) ON DELETE CASCADE
) ENGINE=InnoDB AUTO_INCREMENT=55 DEFAULT CHARSET=utf8mb4 COLLATE=utf8mb4_unicode_ci ROW_FORMAT=DYNAMIC;

-- Dumping data for table matress.product_flat: ~11 rows (approximately)
REPLACE INTO `product_flat` (`id`, `sku`, `type`, `product_number`, `name`, `short_description`, `description`, `url_key`, `new`, `featured`, `status`, `meta_title`, `meta_keywords`, `meta_description`, `price`, `special_price`, `special_price_from`, `special_price_to`, `weight`, `created_at`, `locale`, `channel`, `attribute_family_id`, `product_id`, `updated_at`, `parent_id`, `visible_individually`) VALUES
	(23, '545455', 'simple', '91', 'Paul Atkins', 'Asperiores architect', '<p>Veritatis atque vita</p>', 'paul-atkins', 1, 1, 1, 'Reiciendis cupiditat', 'Incidunt eius et is', 'Esse dolorum et dig', 363.0000, 300.0000, '2023-12-15', '2023-12-28', 10.0000, '2023-12-29 23:09:43', 'en', 'default', 1, 23, '2023-12-30 15:35:03', NULL, 1),
	(24, '674168', 'simple', '792', 'Bedgear Hybrid Performance® H6 Hybrid Performance Plush Mattress', 'Get the best of both worlds with our innovative hybrid mattress! Breathable, cooling, and supportive in all the right places, the H6 combines our memory foam-like material with individually wrapped coils to create a responsive medium-plush mattress for a comfortable sleep that leaves you feeling renewed.', '<p><strong>Cooling Technology</strong></p>\r\n<p><strong>&nbsp;</strong>Serta iSeries Mattress INSTANT-COOLING COVER Cooling Technology Sleep hot? Our breathable H Mattress features an instant cooling cover that wicks away moisture and is designed to regulate temperature, so you remain comfortable throughout the night. Support The H Mattress combines a pocketed coil support system and multiple layers of foam to provide the support, pressure relief, and comfort you want most.</p>\r\n<hr><hr>\r\n<p><em><strong>&nbsp;Designed to minimize motion transfer</strong></em></p>\r\n<p>&nbsp;Serta iSeries Mattress Hybrid Construction Serta iSeries Mattress 2-IN-1 FEEL Hybrid Construction The H Mattress combines a pocketed coil support system and multiple layers of foam to provide the support, pressure relief, and comfort you want most. Designed to minimize motion transfer, this hybrid mattress ensures a restful sleep experience for all. Pressure Relief icon image SUPPORTIVE SLEEP Serta iSeries Mattress SUPPORTIVE SLEEP Responsive Foam Layers Including a combination of responsive gel foam and high-density memory foam, the H Mattress is designed to contour your body and provide supportive pressure relief for a deeper, more restful night&rsquo;s sleep.</p>\r\n<hr>\r\n<p>&nbsp;</p>\r\n<p><strong>BUILD Serta iSeries Mattress BUILD</strong> *- 4" React Comfort Layer (Medium-Plush) *- 6" Foam Encased Suspension Unit *- 2" Durable Support Base Adjustable base compatible. MATERIALS Serta iSeries Mattress MATERIALS 1- Ver-Tex Top Cover 2- React Foam (CertiPUR-U Certified) 3- Suspension Units 4- Air-X Side Panels CARE Do Not Remove Cover, Spot Clean Only, Use Mild Detergent and Cold Water Only Delivery &amp; Shipping Warranty Rest easy knowing that our high-quality mattresses are designed to stay comfortable year after year. When you purchase a BEDGEAR Mattress from our website, your bed is covered by our 10-Year Limited Manufacturer&rsquo;s Warranty. So, if it doesn&rsquo;t live up to BEDGEAR&rsquo;s standards, no worries &ndash; we&rsquo;ve got you covered.</p>\r\n<hr>\r\n<p><strong>&nbsp;MEASUREMENTS &amp; DIMENSIONS Dimensions</strong></p>\r\n<ul>\r\n<li>&nbsp;Weight/Lbs Twin 38" W x 75" L x 12" H 40 Twin XL 38" W x 80" L x 12" H 43 Full 53" W x 75" L x 12" H 51 Queen 60" W x 80" L x 12" H 69 King 76" W x 80" L x 12" H 88 Cal King 72" W x 84" L x 12" H 88</li>\r\n</ul>', 'bedgear-hybrid-performance-h6-hybrid-performance-plush-mattress', 1, 1, 1, 'Bedgear Hybrid Performance® H6 Hybrid Performance Plush Mattress', 'Bedgear Hybrid Performance® H6 Hybrid Performance Plush Mattress', 'Bedgear Hybrid Performance® H6 Hybrid Performance Plush Mattress', 800.0000, 600.0000, '2023-12-12', '2023-12-26', 100.0000, '2023-12-30 02:38:12', 'en', 'default', 1, 24, '2023-12-30 14:00:18', NULL, 1),
	(46, '847', 'configurable', '', 'Configurable product', '11” height; 4 layers of comfort\r\nGel-infused memory foam & non-allergenic, aerated latex for cooler sleep\r\nHigh-density support foam\r\nBreathable & plush knit cover\r\nMedium-Firm: Optimal balance for comfort & long-term support', '<div class="mt-6 mb-3">\r\n<div class="pt-5 xl:text-base">\r\n<div class="px-4 text-sm">\r\n<ul class="ml-4 list-disc list-outside">\r\n<li>11&rdquo; height; 4 layers of comfort</li>\r\n<li>Gel-infused memory foam &amp; non-allergenic, aerated latex for cooler sleep</li>\r\n<li>High-density support foam</li>\r\n<li>Breathable &amp; plush knit cover</li>\r\n<li><span class="font-bold">Medium-Firm:</span><span>&nbsp;</span>Optimal balance for comfort &amp; long-term support</li>\r\n</ul>\r\n</div>\r\n</div>\r\n</div>', 'configurable-product', 1, 1, 1, '', '', '', NULL, NULL, NULL, NULL, NULL, '2023-12-30 20:32:33', 'en', 'default', 1, 47, '2023-12-30 20:34:08', NULL, 1),
	(47, '847-variant-10', 'simple', NULL, 'Queen', NULL, NULL, NULL, NULL, NULL, 1, NULL, NULL, NULL, 200.0000, NULL, NULL, NULL, 10.0000, '2023-12-30 20:32:33', 'en', 'default', 1, 48, '2023-12-30 20:35:12', 46, NULL),
	(48, '847-variant-11', 'simple', NULL, 'Twin XL', '847-variant-11', '847-variant-11', '847-variant-11', NULL, NULL, 1, NULL, NULL, NULL, 100.0000, NULL, NULL, NULL, 5.0000, '2023-12-30 20:32:33', 'en', 'default', 1, 49, '2023-12-30 20:39:16', 46, NULL),
	(49, '3517687', 'configurable', NULL, NULL, NULL, NULL, NULL, NULL, NULL, NULL, NULL, NULL, NULL, NULL, NULL, NULL, NULL, NULL, '2024-01-01 02:47:57', 'en', 'default', 1, 50, '2024-01-01 02:47:57', NULL, NULL),
	(50, '3517687', 'configurable', NULL, NULL, NULL, NULL, NULL, NULL, NULL, NULL, NULL, NULL, NULL, NULL, NULL, NULL, NULL, NULL, '2024-01-01 02:47:57', 'ar', 'default', 1, 50, '2024-01-01 02:47:57', NULL, NULL),
	(51, '3517687-variant-10', 'simple', NULL, 'Variant 10', NULL, NULL, NULL, NULL, NULL, 1, NULL, NULL, NULL, 0.0000, NULL, NULL, NULL, 0.0000, '2024-01-01 02:47:57', 'en', 'default', 1, 51, '2024-01-01 02:47:57', 49, NULL),
	(52, '3517687-variant-10', 'simple', NULL, 'Variant 10', NULL, NULL, NULL, NULL, NULL, 1, NULL, NULL, NULL, 0.0000, NULL, NULL, NULL, 0.0000, '2024-01-01 02:47:57', 'ar', 'default', 1, 51, '2024-01-01 02:47:57', 50, NULL),
	(53, '3517687-variant-11', 'simple', NULL, 'Variant 11', NULL, NULL, NULL, NULL, NULL, 1, NULL, NULL, NULL, 0.0000, NULL, NULL, NULL, 0.0000, '2024-01-01 02:47:57', 'en', 'default', 1, 52, '2024-01-01 02:47:57', 49, NULL),
	(54, '3517687-variant-11', 'simple', NULL, 'Variant 11', NULL, NULL, NULL, NULL, NULL, 1, NULL, NULL, NULL, 0.0000, NULL, NULL, NULL, 0.0000, '2024-01-01 02:47:57', 'ar', 'default', 1, 52, '2024-01-01 02:47:57', 50, NULL);

-- Dumping structure for table matress.product_grouped_products
DROP TABLE IF EXISTS `product_grouped_products`;
CREATE TABLE IF NOT EXISTS `product_grouped_products` (
  `id` int unsigned NOT NULL AUTO_INCREMENT,
  `product_id` int unsigned NOT NULL,
  `associated_product_id` int unsigned NOT NULL,
  `qty` int NOT NULL DEFAULT '0',
  `sort_order` int NOT NULL DEFAULT '0',
  PRIMARY KEY (`id`),
  KEY `product_grouped_products_product_id_foreign` (`product_id`),
  KEY `product_grouped_products_associated_product_id_foreign` (`associated_product_id`),
  CONSTRAINT `product_grouped_products_associated_product_id_foreign` FOREIGN KEY (`associated_product_id`) REFERENCES `products` (`id`) ON DELETE CASCADE,
  CONSTRAINT `product_grouped_products_product_id_foreign` FOREIGN KEY (`product_id`) REFERENCES `products` (`id`) ON DELETE CASCADE
) ENGINE=InnoDB DEFAULT CHARSET=utf8mb4 COLLATE=utf8mb4_unicode_ci ROW_FORMAT=DYNAMIC;

-- Dumping data for table matress.product_grouped_products: ~0 rows (approximately)

-- Dumping structure for table matress.product_images
DROP TABLE IF EXISTS `product_images`;
CREATE TABLE IF NOT EXISTS `product_images` (
  `id` int unsigned NOT NULL AUTO_INCREMENT,
  `type` varchar(191) COLLATE utf8mb4_unicode_ci DEFAULT NULL,
  `path` varchar(191) COLLATE utf8mb4_unicode_ci NOT NULL,
  `product_id` int unsigned NOT NULL,
  `position` int unsigned NOT NULL DEFAULT '0',
  PRIMARY KEY (`id`),
  KEY `product_images_product_id_foreign` (`product_id`),
  CONSTRAINT `product_images_product_id_foreign` FOREIGN KEY (`product_id`) REFERENCES `products` (`id`) ON DELETE CASCADE
) ENGINE=InnoDB AUTO_INCREMENT=30 DEFAULT CHARSET=utf8mb4 COLLATE=utf8mb4_unicode_ci ROW_FORMAT=DYNAMIC;

-- Dumping data for table matress.product_images: ~10 rows (approximately)
REPLACE INTO `product_images` (`id`, `type`, `path`, `product_id`, `position`) VALUES
	(10, 'images', 'product/24/QJV1VjA5HgIuf9ReIgSGsNbGImYCrVhc2b3Lmqyj.webp', 24, 1),
	(11, 'images', 'product/24/1ShNQJqoOHyGnrZ8DXE0z9ENOZQn5gh35u2f3MKb.webp', 24, 2),
	(12, 'images', 'product/24/eeuEjkKkSD6BRE3MmmJMkGNiRH8KBR9frgeMsIlf.webp', 24, 3),
	(13, 'images', 'product/24/3dm4yMWXIeqxdoTpfDi1EqWsI5vGBhxQdTyKgmas.webp', 24, 4),
	(14, 'images', 'product/23/LXSzig6KwLwDqfWIDvIZVjz0YJ9MmrSwSnDl3O2o.webp', 23, 1),
	(15, 'images', 'product/23/VrPo4rUi74QOUoRc8p1iUPwEDQB96qa1GA1DyMbJ.webp', 23, 2),
	(16, 'images', 'product/23/VgnYoxlT1DORhgTzOBWW9ynJZni8uaYpA7md7vIu.webp', 23, 3),
	(27, 'images', 'product/47/q76P5qRC68003OE65D99iAL27iaDtTqPy3CPE0z4.webp', 47, 1),
	(28, 'images', 'product/48/rYb8UXs6WGXJuRGk5WwVHcm1tZulNVuNRPwh9YzJ.webp', 48, 1),
	(29, 'images', 'product/49/7vqCIzUE5ho90GGA78yO9GmsFFpApZvVRzxn1ZLc.webp', 49, 1);

-- Dumping structure for table matress.product_inventories
DROP TABLE IF EXISTS `product_inventories`;
CREATE TABLE IF NOT EXISTS `product_inventories` (
  `id` int unsigned NOT NULL AUTO_INCREMENT,
  `qty` int NOT NULL DEFAULT '0',
  `product_id` int unsigned NOT NULL,
  `vendor_id` int NOT NULL DEFAULT '0',
  `inventory_source_id` int unsigned NOT NULL,
  PRIMARY KEY (`id`),
  UNIQUE KEY `product_source_vendor_index_unique` (`product_id`,`inventory_source_id`,`vendor_id`),
  KEY `product_inventories_inventory_source_id_foreign` (`inventory_source_id`),
  CONSTRAINT `product_inventories_inventory_source_id_foreign` FOREIGN KEY (`inventory_source_id`) REFERENCES `inventory_sources` (`id`) ON DELETE CASCADE,
  CONSTRAINT `product_inventories_product_id_foreign` FOREIGN KEY (`product_id`) REFERENCES `products` (`id`) ON DELETE CASCADE
) ENGINE=InnoDB AUTO_INCREMENT=36 DEFAULT CHARSET=utf8mb4 COLLATE=utf8mb4_unicode_ci ROW_FORMAT=DYNAMIC;

-- Dumping data for table matress.product_inventories: ~6 rows (approximately)
REPLACE INTO `product_inventories` (`id`, `qty`, `product_id`, `vendor_id`, `inventory_source_id`) VALUES
	(22, 10, 23, 0, 1),
	(23, 100, 24, 0, 1),
	(32, 20, 48, 0, 1),
	(33, 5, 48, 0, 2),
	(34, 50, 49, 0, 1),
	(35, 3, 49, 0, 2);

-- Dumping structure for table matress.product_inventory_indices
DROP TABLE IF EXISTS `product_inventory_indices`;
CREATE TABLE IF NOT EXISTS `product_inventory_indices` (
  `id` int unsigned NOT NULL AUTO_INCREMENT,
  `qty` int NOT NULL DEFAULT '0',
  `product_id` int unsigned NOT NULL,
  `channel_id` int unsigned NOT NULL,
  `created_at` timestamp NULL DEFAULT NULL,
  `updated_at` timestamp NULL DEFAULT NULL,
  PRIMARY KEY (`id`),
  UNIQUE KEY `product_inventory_indices_product_id_channel_id_unique` (`product_id`,`channel_id`),
  KEY `product_inventory_indices_channel_id_foreign` (`channel_id`),
  CONSTRAINT `product_inventory_indices_channel_id_foreign` FOREIGN KEY (`channel_id`) REFERENCES `channels` (`id`) ON DELETE CASCADE,
  CONSTRAINT `product_inventory_indices_product_id_foreign` FOREIGN KEY (`product_id`) REFERENCES `products` (`id`) ON DELETE CASCADE
) ENGINE=InnoDB AUTO_INCREMENT=34 DEFAULT CHARSET=utf8mb4 COLLATE=utf8mb4_unicode_ci ROW_FORMAT=DYNAMIC;

-- Dumping data for table matress.product_inventory_indices: ~5 rows (approximately)
REPLACE INTO `product_inventory_indices` (`id`, `qty`, `product_id`, `channel_id`, `created_at`, `updated_at`) VALUES
	(23, 9, 23, 1, NULL, '2023-12-30 16:04:19'),
	(24, 100, 24, 1, NULL, NULL),
	(31, 25, 48, 1, NULL, NULL),
	(32, 51, 49, 1, NULL, '2024-01-01 00:55:01'),
	(33, 0, 47, 1, NULL, NULL);

-- Dumping structure for table matress.product_ordered_inventories
DROP TABLE IF EXISTS `product_ordered_inventories`;
CREATE TABLE IF NOT EXISTS `product_ordered_inventories` (
  `id` int unsigned NOT NULL AUTO_INCREMENT,
  `qty` int NOT NULL DEFAULT '0',
  `product_id` int unsigned NOT NULL,
  `channel_id` int unsigned NOT NULL,
  PRIMARY KEY (`id`),
  UNIQUE KEY `product_ordered_inventories_product_id_channel_id_unique` (`product_id`,`channel_id`),
  KEY `product_ordered_inventories_channel_id_foreign` (`channel_id`),
  CONSTRAINT `product_ordered_inventories_channel_id_foreign` FOREIGN KEY (`channel_id`) REFERENCES `channels` (`id`) ON DELETE CASCADE,
  CONSTRAINT `product_ordered_inventories_product_id_foreign` FOREIGN KEY (`product_id`) REFERENCES `products` (`id`) ON DELETE CASCADE
) ENGINE=InnoDB AUTO_INCREMENT=4 DEFAULT CHARSET=utf8mb4 COLLATE=utf8mb4_unicode_ci ROW_FORMAT=DYNAMIC;

-- Dumping data for table matress.product_ordered_inventories: ~2 rows (approximately)
REPLACE INTO `product_ordered_inventories` (`id`, `qty`, `product_id`, `channel_id`) VALUES
	(2, 1, 23, 1),
	(3, 2, 49, 1);

-- Dumping structure for table matress.product_price_indices
DROP TABLE IF EXISTS `product_price_indices`;
CREATE TABLE IF NOT EXISTS `product_price_indices` (
  `id` int unsigned NOT NULL AUTO_INCREMENT,
  `product_id` int unsigned NOT NULL,
  `customer_group_id` int unsigned DEFAULT NULL,
  `min_price` decimal(12,4) NOT NULL DEFAULT '0.0000',
  `regular_min_price` decimal(12,4) NOT NULL DEFAULT '0.0000',
  `max_price` decimal(12,4) NOT NULL DEFAULT '0.0000',
  `regular_max_price` decimal(12,4) NOT NULL DEFAULT '0.0000',
  `created_at` timestamp NULL DEFAULT NULL,
  `updated_at` timestamp NULL DEFAULT NULL,
  PRIMARY KEY (`id`),
  UNIQUE KEY `product_price_indices_product_id_customer_group_id_unique` (`product_id`,`customer_group_id`),
  KEY `product_price_indices_customer_group_id_foreign` (`customer_group_id`),
  CONSTRAINT `product_price_indices_customer_group_id_foreign` FOREIGN KEY (`customer_group_id`) REFERENCES `customer_groups` (`id`) ON DELETE CASCADE,
  CONSTRAINT `product_price_indices_product_id_foreign` FOREIGN KEY (`product_id`) REFERENCES `products` (`id`) ON DELETE CASCADE
) ENGINE=InnoDB AUTO_INCREMENT=100 DEFAULT CHARSET=utf8mb4 COLLATE=utf8mb4_unicode_ci ROW_FORMAT=DYNAMIC;

-- Dumping data for table matress.product_price_indices: ~15 rows (approximately)
REPLACE INTO `product_price_indices` (`id`, `product_id`, `customer_group_id`, `min_price`, `regular_min_price`, `max_price`, `regular_max_price`, `created_at`, `updated_at`) VALUES
	(67, 23, 1, 363.0000, 363.0000, 363.0000, 363.0000, NULL, NULL),
	(68, 23, 2, 363.0000, 363.0000, 363.0000, 363.0000, NULL, NULL),
	(69, 23, 3, 363.0000, 363.0000, 363.0000, 363.0000, NULL, NULL),
	(70, 24, 1, 800.0000, 800.0000, 800.0000, 800.0000, NULL, NULL),
	(71, 24, 2, 800.0000, 800.0000, 800.0000, 800.0000, NULL, NULL),
	(72, 24, 3, 800.0000, 800.0000, 800.0000, 800.0000, NULL, NULL),
	(91, 48, 1, 200.0000, 200.0000, 200.0000, 200.0000, NULL, NULL),
	(92, 48, 2, 200.0000, 200.0000, 200.0000, 200.0000, NULL, NULL),
	(93, 48, 3, 200.0000, 200.0000, 200.0000, 200.0000, NULL, NULL),
	(94, 49, 1, 100.0000, 100.0000, 100.0000, 100.0000, NULL, NULL),
	(95, 49, 2, 100.0000, 100.0000, 100.0000, 100.0000, NULL, NULL),
	(96, 49, 3, 100.0000, 100.0000, 100.0000, 100.0000, NULL, NULL),
	(97, 47, 1, 100.0000, 100.0000, 200.0000, 200.0000, NULL, NULL),
	(98, 47, 2, 100.0000, 100.0000, 200.0000, 200.0000, NULL, NULL),
	(99, 47, 3, 100.0000, 100.0000, 200.0000, 200.0000, NULL, NULL);

-- Dumping structure for table matress.product_relations
DROP TABLE IF EXISTS `product_relations`;
CREATE TABLE IF NOT EXISTS `product_relations` (
  `parent_id` int unsigned NOT NULL,
  `child_id` int unsigned NOT NULL,
  KEY `product_relations_parent_id_foreign` (`parent_id`),
  KEY `product_relations_child_id_foreign` (`child_id`),
  CONSTRAINT `product_relations_child_id_foreign` FOREIGN KEY (`child_id`) REFERENCES `products` (`id`) ON DELETE CASCADE,
  CONSTRAINT `product_relations_parent_id_foreign` FOREIGN KEY (`parent_id`) REFERENCES `products` (`id`) ON DELETE CASCADE
) ENGINE=InnoDB DEFAULT CHARSET=utf8mb4 COLLATE=utf8mb4_unicode_ci ROW_FORMAT=DYNAMIC;

-- Dumping data for table matress.product_relations: ~2 rows (approximately)
REPLACE INTO `product_relations` (`parent_id`, `child_id`) VALUES
	(24, 23),
	(47, 24);

-- Dumping structure for table matress.product_reviews
DROP TABLE IF EXISTS `product_reviews`;
CREATE TABLE IF NOT EXISTS `product_reviews` (
  `id` int unsigned NOT NULL AUTO_INCREMENT,
  `name` varchar(191) COLLATE utf8mb4_unicode_ci NOT NULL DEFAULT '',
  `title` varchar(191) COLLATE utf8mb4_unicode_ci NOT NULL,
  `rating` int NOT NULL,
  `comment` text COLLATE utf8mb4_unicode_ci,
  `status` varchar(191) COLLATE utf8mb4_unicode_ci NOT NULL,
  `product_id` int unsigned NOT NULL,
  `customer_id` int DEFAULT NULL,
  `created_at` timestamp NULL DEFAULT NULL,
  `updated_at` timestamp NULL DEFAULT NULL,
  PRIMARY KEY (`id`),
  KEY `product_reviews_product_id_foreign` (`product_id`),
  CONSTRAINT `product_reviews_product_id_foreign` FOREIGN KEY (`product_id`) REFERENCES `products` (`id`) ON DELETE CASCADE
) ENGINE=InnoDB AUTO_INCREMENT=3 DEFAULT CHARSET=utf8mb4 COLLATE=utf8mb4_unicode_ci ROW_FORMAT=DYNAMIC;

-- Dumping data for table matress.product_reviews: ~2 rows (approximately)
REPLACE INTO `product_reviews` (`id`, `name`, `title`, `rating`, `comment`, `status`, `product_id`, `customer_id`, `created_at`, `updated_at`) VALUES
	(1, 'Jarrod Bennett', 'Ut sed est necessita', 5, 'Lorem rem quis elige', 'pending', 24, NULL, '2023-12-30 13:01:51', '2023-12-30 13:01:51'),
	(2, 'Hoceine el idrissi', 'review', 5, 'review', 'approved', 24, NULL, '2023-12-30 16:22:05', '2023-12-30 16:32:55');

-- Dumping structure for table matress.product_review_attachments
DROP TABLE IF EXISTS `product_review_attachments`;
CREATE TABLE IF NOT EXISTS `product_review_attachments` (
  `id` int unsigned NOT NULL AUTO_INCREMENT,
  `review_id` int unsigned NOT NULL,
  `type` varchar(191) COLLATE utf8mb4_unicode_ci DEFAULT 'image',
  `mime_type` varchar(191) COLLATE utf8mb4_unicode_ci DEFAULT NULL,
  `path` varchar(191) COLLATE utf8mb4_unicode_ci NOT NULL,
  PRIMARY KEY (`id`),
  KEY `product_review_images_review_id_foreign` (`review_id`),
  CONSTRAINT `product_review_images_review_id_foreign` FOREIGN KEY (`review_id`) REFERENCES `product_reviews` (`id`) ON DELETE CASCADE
) ENGINE=InnoDB AUTO_INCREMENT=3 DEFAULT CHARSET=utf8mb4 COLLATE=utf8mb4_unicode_ci ROW_FORMAT=DYNAMIC;

-- Dumping data for table matress.product_review_attachments: ~2 rows (approximately)
REPLACE INTO `product_review_attachments` (`id`, `review_id`, `type`, `mime_type`, `path`) VALUES
	(1, 1, 'image', 'webp', 'review/1/SOumtyaYOuxP6ld9sIcsCOlu4sZW18PyNlrZfXA0.webp'),
	(2, 2, 'image', 'webp', 'review/2/hCSmfHapkHD1xBpOMJDzHlyZo8BKVGMCkiYvIUIN.webp');

-- Dumping structure for table matress.product_super_attributes
DROP TABLE IF EXISTS `product_super_attributes`;
CREATE TABLE IF NOT EXISTS `product_super_attributes` (
  `product_id` int unsigned NOT NULL,
  `attribute_id` int unsigned NOT NULL,
  KEY `product_super_attributes_product_id_foreign` (`product_id`),
  KEY `product_super_attributes_attribute_id_foreign` (`attribute_id`),
  CONSTRAINT `product_super_attributes_attribute_id_foreign` FOREIGN KEY (`attribute_id`) REFERENCES `attributes` (`id`) ON DELETE RESTRICT,
  CONSTRAINT `product_super_attributes_product_id_foreign` FOREIGN KEY (`product_id`) REFERENCES `products` (`id`) ON DELETE CASCADE
) ENGINE=InnoDB DEFAULT CHARSET=utf8mb4 COLLATE=utf8mb4_unicode_ci ROW_FORMAT=DYNAMIC;

-- Dumping data for table matress.product_super_attributes: ~2 rows (approximately)
REPLACE INTO `product_super_attributes` (`product_id`, `attribute_id`) VALUES
	(47, 25),
	(50, 25);

-- Dumping structure for table matress.product_up_sells
DROP TABLE IF EXISTS `product_up_sells`;
CREATE TABLE IF NOT EXISTS `product_up_sells` (
  `parent_id` int unsigned NOT NULL,
  `child_id` int unsigned NOT NULL,
  KEY `product_up_sells_parent_id_foreign` (`parent_id`),
  KEY `product_up_sells_child_id_foreign` (`child_id`),
  CONSTRAINT `product_up_sells_child_id_foreign` FOREIGN KEY (`child_id`) REFERENCES `products` (`id`) ON DELETE CASCADE,
  CONSTRAINT `product_up_sells_parent_id_foreign` FOREIGN KEY (`parent_id`) REFERENCES `products` (`id`) ON DELETE CASCADE
) ENGINE=InnoDB DEFAULT CHARSET=utf8mb4 COLLATE=utf8mb4_unicode_ci ROW_FORMAT=DYNAMIC;

-- Dumping data for table matress.product_up_sells: ~1 rows (approximately)
REPLACE INTO `product_up_sells` (`parent_id`, `child_id`) VALUES
	(47, 23);

-- Dumping structure for table matress.product_videos
DROP TABLE IF EXISTS `product_videos`;
CREATE TABLE IF NOT EXISTS `product_videos` (
  `id` int unsigned NOT NULL AUTO_INCREMENT,
  `product_id` int unsigned NOT NULL,
  `type` varchar(191) COLLATE utf8mb4_unicode_ci DEFAULT NULL,
  `path` varchar(191) COLLATE utf8mb4_unicode_ci NOT NULL,
  `position` int unsigned NOT NULL DEFAULT '0',
  PRIMARY KEY (`id`),
  KEY `product_videos_product_id_foreign` (`product_id`),
  CONSTRAINT `product_videos_product_id_foreign` FOREIGN KEY (`product_id`) REFERENCES `products` (`id`) ON DELETE CASCADE
) ENGINE=InnoDB AUTO_INCREMENT=2 DEFAULT CHARSET=utf8mb4 COLLATE=utf8mb4_unicode_ci ROW_FORMAT=DYNAMIC;

-- Dumping data for table matress.product_videos: ~1 rows (approximately)
REPLACE INTO `product_videos` (`id`, `product_id`, `type`, `path`, `position`) VALUES
	(1, 24, 'videos', 'product/24/lGXMM5OWLmV5fvSuOoCiPQw45vmckEtp3kAdqZTk.mp4', 1);

-- Dumping structure for table matress.refunds
DROP TABLE IF EXISTS `refunds`;
CREATE TABLE IF NOT EXISTS `refunds` (
  `id` int unsigned NOT NULL AUTO_INCREMENT,
  `increment_id` varchar(191) COLLATE utf8mb4_unicode_ci DEFAULT NULL,
  `state` varchar(191) COLLATE utf8mb4_unicode_ci DEFAULT NULL,
  `email_sent` tinyint(1) NOT NULL DEFAULT '0',
  `total_qty` int DEFAULT NULL,
  `base_currency_code` varchar(191) COLLATE utf8mb4_unicode_ci DEFAULT NULL,
  `channel_currency_code` varchar(191) COLLATE utf8mb4_unicode_ci DEFAULT NULL,
  `order_currency_code` varchar(191) COLLATE utf8mb4_unicode_ci DEFAULT NULL,
  `adjustment_refund` decimal(12,4) DEFAULT '0.0000',
  `base_adjustment_refund` decimal(12,4) DEFAULT '0.0000',
  `adjustment_fee` decimal(12,4) DEFAULT '0.0000',
  `base_adjustment_fee` decimal(12,4) DEFAULT '0.0000',
  `sub_total` decimal(12,4) DEFAULT '0.0000',
  `base_sub_total` decimal(12,4) DEFAULT '0.0000',
  `grand_total` decimal(12,4) DEFAULT '0.0000',
  `base_grand_total` decimal(12,4) DEFAULT '0.0000',
  `shipping_amount` decimal(12,4) DEFAULT '0.0000',
  `base_shipping_amount` decimal(12,4) DEFAULT '0.0000',
  `tax_amount` decimal(12,4) DEFAULT '0.0000',
  `base_tax_amount` decimal(12,4) DEFAULT '0.0000',
  `discount_percent` decimal(12,4) DEFAULT '0.0000',
  `discount_amount` decimal(12,4) DEFAULT '0.0000',
  `base_discount_amount` decimal(12,4) DEFAULT '0.0000',
  `order_id` int unsigned DEFAULT NULL,
  `created_at` timestamp NULL DEFAULT NULL,
  `updated_at` timestamp NULL DEFAULT NULL,
  PRIMARY KEY (`id`),
  KEY `refunds_order_id_foreign` (`order_id`),
  CONSTRAINT `refunds_order_id_foreign` FOREIGN KEY (`order_id`) REFERENCES `orders` (`id`) ON DELETE CASCADE
) ENGINE=InnoDB DEFAULT CHARSET=utf8mb4 COLLATE=utf8mb4_unicode_ci ROW_FORMAT=DYNAMIC;

-- Dumping data for table matress.refunds: ~0 rows (approximately)

-- Dumping structure for table matress.refund_items
DROP TABLE IF EXISTS `refund_items`;
CREATE TABLE IF NOT EXISTS `refund_items` (
  `id` int unsigned NOT NULL AUTO_INCREMENT,
  `parent_id` int unsigned DEFAULT NULL,
  `name` varchar(191) COLLATE utf8mb4_unicode_ci DEFAULT NULL,
  `description` varchar(191) COLLATE utf8mb4_unicode_ci DEFAULT NULL,
  `sku` varchar(191) COLLATE utf8mb4_unicode_ci DEFAULT NULL,
  `qty` int DEFAULT NULL,
  `price` decimal(12,4) NOT NULL DEFAULT '0.0000',
  `base_price` decimal(12,4) NOT NULL DEFAULT '0.0000',
  `total` decimal(12,4) NOT NULL DEFAULT '0.0000',
  `base_total` decimal(12,4) NOT NULL DEFAULT '0.0000',
  `tax_amount` decimal(12,4) DEFAULT '0.0000',
  `base_tax_amount` decimal(12,4) DEFAULT '0.0000',
  `discount_percent` decimal(12,4) DEFAULT '0.0000',
  `discount_amount` decimal(12,4) DEFAULT '0.0000',
  `base_discount_amount` decimal(12,4) DEFAULT '0.0000',
  `product_id` int unsigned DEFAULT NULL,
  `product_type` varchar(191) COLLATE utf8mb4_unicode_ci DEFAULT NULL,
  `order_item_id` int unsigned DEFAULT NULL,
  `refund_id` int unsigned DEFAULT NULL,
  `additional` json DEFAULT NULL,
  `created_at` timestamp NULL DEFAULT NULL,
  `updated_at` timestamp NULL DEFAULT NULL,
  PRIMARY KEY (`id`),
  KEY `refund_items_parent_id_foreign` (`parent_id`),
  KEY `refund_items_order_item_id_foreign` (`order_item_id`),
  KEY `refund_items_refund_id_foreign` (`refund_id`),
  CONSTRAINT `refund_items_order_item_id_foreign` FOREIGN KEY (`order_item_id`) REFERENCES `order_items` (`id`) ON DELETE CASCADE,
  CONSTRAINT `refund_items_parent_id_foreign` FOREIGN KEY (`parent_id`) REFERENCES `refund_items` (`id`) ON DELETE CASCADE,
  CONSTRAINT `refund_items_refund_id_foreign` FOREIGN KEY (`refund_id`) REFERENCES `refunds` (`id`) ON DELETE CASCADE
) ENGINE=InnoDB DEFAULT CHARSET=utf8mb4 COLLATE=utf8mb4_unicode_ci ROW_FORMAT=DYNAMIC;

-- Dumping data for table matress.refund_items: ~0 rows (approximately)

-- Dumping structure for table matress.roles
DROP TABLE IF EXISTS `roles`;
CREATE TABLE IF NOT EXISTS `roles` (
  `id` int unsigned NOT NULL AUTO_INCREMENT,
  `name` varchar(191) COLLATE utf8mb4_unicode_ci NOT NULL,
  `description` varchar(191) COLLATE utf8mb4_unicode_ci DEFAULT NULL,
  `permission_type` varchar(191) COLLATE utf8mb4_unicode_ci NOT NULL,
  `permissions` json DEFAULT NULL,
  `created_at` timestamp NULL DEFAULT NULL,
  `updated_at` timestamp NULL DEFAULT NULL,
  PRIMARY KEY (`id`)
) ENGINE=InnoDB AUTO_INCREMENT=2 DEFAULT CHARSET=utf8mb4 COLLATE=utf8mb4_unicode_ci ROW_FORMAT=DYNAMIC;

-- Dumping data for table matress.roles: ~1 rows (approximately)
REPLACE INTO `roles` (`id`, `name`, `description`, `permission_type`, `permissions`, `created_at`, `updated_at`) VALUES
	(1, 'Administrator', 'Administrator role', 'all', NULL, NULL, NULL);

-- Dumping structure for table matress.shipments
DROP TABLE IF EXISTS `shipments`;
CREATE TABLE IF NOT EXISTS `shipments` (
  `id` int unsigned NOT NULL AUTO_INCREMENT,
  `status` varchar(191) COLLATE utf8mb4_unicode_ci DEFAULT NULL,
  `total_qty` int DEFAULT NULL,
  `total_weight` int DEFAULT NULL,
  `carrier_code` varchar(191) COLLATE utf8mb4_unicode_ci DEFAULT NULL,
  `carrier_title` varchar(191) COLLATE utf8mb4_unicode_ci DEFAULT NULL,
  `track_number` text COLLATE utf8mb4_unicode_ci,
  `email_sent` tinyint(1) NOT NULL DEFAULT '0',
  `customer_id` int unsigned DEFAULT NULL,
  `customer_type` varchar(191) COLLATE utf8mb4_unicode_ci DEFAULT NULL,
  `order_id` int unsigned NOT NULL,
  `order_address_id` int unsigned DEFAULT NULL,
  `inventory_source_id` int unsigned DEFAULT NULL,
  `inventory_source_name` varchar(191) COLLATE utf8mb4_unicode_ci DEFAULT NULL,
  `created_at` timestamp NULL DEFAULT NULL,
  `updated_at` timestamp NULL DEFAULT NULL,
  PRIMARY KEY (`id`),
  KEY `shipments_order_id_foreign` (`order_id`),
  KEY `shipments_inventory_source_id_foreign` (`inventory_source_id`),
  CONSTRAINT `shipments_inventory_source_id_foreign` FOREIGN KEY (`inventory_source_id`) REFERENCES `inventory_sources` (`id`) ON DELETE SET NULL,
  CONSTRAINT `shipments_order_id_foreign` FOREIGN KEY (`order_id`) REFERENCES `orders` (`id`) ON DELETE CASCADE
) ENGINE=InnoDB AUTO_INCREMENT=2 DEFAULT CHARSET=utf8mb4 COLLATE=utf8mb4_unicode_ci ROW_FORMAT=DYNAMIC;

-- Dumping data for table matress.shipments: ~1 rows (approximately)
REPLACE INTO `shipments` (`id`, `status`, `total_qty`, `total_weight`, `carrier_code`, `carrier_title`, `track_number`, `email_sent`, `customer_id`, `customer_type`, `order_id`, `order_address_id`, `inventory_source_id`, `inventory_source_name`, `created_at`, `updated_at`) VALUES
	(1, NULL, 1, 5, NULL, 'jhugli', '541657465', 0, NULL, NULL, 4, 17, 2, 'Jordan  warehouse', '2023-12-30 19:39:16', '2023-12-30 19:39:16');

-- Dumping structure for table matress.shipment_items
DROP TABLE IF EXISTS `shipment_items`;
CREATE TABLE IF NOT EXISTS `shipment_items` (
  `id` int unsigned NOT NULL AUTO_INCREMENT,
  `name` varchar(191) COLLATE utf8mb4_unicode_ci DEFAULT NULL,
  `description` varchar(191) COLLATE utf8mb4_unicode_ci DEFAULT NULL,
  `sku` varchar(191) COLLATE utf8mb4_unicode_ci DEFAULT NULL,
  `qty` int DEFAULT NULL,
  `weight` int DEFAULT NULL,
  `price` decimal(12,4) DEFAULT '0.0000',
  `base_price` decimal(12,4) DEFAULT '0.0000',
  `total` decimal(12,4) DEFAULT '0.0000',
  `base_total` decimal(12,4) DEFAULT '0.0000',
  `product_id` int unsigned DEFAULT NULL,
  `product_type` varchar(191) COLLATE utf8mb4_unicode_ci DEFAULT NULL,
  `order_item_id` int unsigned DEFAULT NULL,
  `shipment_id` int unsigned NOT NULL,
  `additional` json DEFAULT NULL,
  `created_at` timestamp NULL DEFAULT NULL,
  `updated_at` timestamp NULL DEFAULT NULL,
  PRIMARY KEY (`id`),
  KEY `shipment_items_shipment_id_foreign` (`shipment_id`),
  CONSTRAINT `shipment_items_shipment_id_foreign` FOREIGN KEY (`shipment_id`) REFERENCES `shipments` (`id`) ON DELETE CASCADE
) ENGINE=InnoDB AUTO_INCREMENT=2 DEFAULT CHARSET=utf8mb4 COLLATE=utf8mb4_unicode_ci ROW_FORMAT=DYNAMIC;

-- Dumping data for table matress.shipment_items: ~1 rows (approximately)
REPLACE INTO `shipment_items` (`id`, `name`, `description`, `sku`, `qty`, `weight`, `price`, `base_price`, `total`, `base_total`, `product_id`, `product_type`, `order_item_id`, `shipment_id`, `additional`, `created_at`, `updated_at`) VALUES
	(1, 'Configurable product', NULL, '847-variant-11', 1, 5, 100.0000, 100.0000, 100.0000, 100.0000, 47, 'Webkul\\Product\\Models\\Product', 4, 1, '{"locale": "en", "rating": "0", "quantity": 1, "attributes": {"brand": {"option_id": 11, "option_label": "TwinXl", "attribute_name": "Sizes"}}, "is_buy_now": "1", "product_id": "47", "super_attribute": {"25": "11"}, "selected_configurable_option": "49"}', '2023-12-30 19:39:16', '2023-12-30 19:39:16');

-- Dumping structure for table matress.sitemaps
DROP TABLE IF EXISTS `sitemaps`;
CREATE TABLE IF NOT EXISTS `sitemaps` (
  `id` int unsigned NOT NULL AUTO_INCREMENT,
  `file_name` varchar(191) COLLATE utf8mb4_unicode_ci NOT NULL,
  `path` varchar(191) COLLATE utf8mb4_unicode_ci NOT NULL,
  `generated_at` datetime DEFAULT NULL,
  `created_at` timestamp NULL DEFAULT NULL,
  `updated_at` timestamp NULL DEFAULT NULL,
  PRIMARY KEY (`id`)
) ENGINE=InnoDB DEFAULT CHARSET=utf8mb4 COLLATE=utf8mb4_unicode_ci ROW_FORMAT=DYNAMIC;

-- Dumping data for table matress.sitemaps: ~0 rows (approximately)

-- Dumping structure for table matress.subscribers_list
DROP TABLE IF EXISTS `subscribers_list`;
CREATE TABLE IF NOT EXISTS `subscribers_list` (
  `id` int unsigned NOT NULL AUTO_INCREMENT,
  `email` varchar(191) COLLATE utf8mb4_unicode_ci NOT NULL,
  `is_subscribed` tinyint(1) NOT NULL DEFAULT '0',
  `token` varchar(191) COLLATE utf8mb4_unicode_ci DEFAULT NULL,
  `customer_id` int unsigned DEFAULT NULL,
  `channel_id` int unsigned NOT NULL,
  `created_at` timestamp NULL DEFAULT NULL,
  `updated_at` timestamp NULL DEFAULT NULL,
  PRIMARY KEY (`id`),
  KEY `subscribers_list_customer_id_foreign` (`customer_id`),
  KEY `subscribers_list_channel_id_foreign` (`channel_id`),
  CONSTRAINT `subscribers_list_channel_id_foreign` FOREIGN KEY (`channel_id`) REFERENCES `channels` (`id`) ON DELETE CASCADE,
  CONSTRAINT `subscribers_list_customer_id_foreign` FOREIGN KEY (`customer_id`) REFERENCES `customers` (`id`) ON DELETE SET NULL
) ENGINE=InnoDB DEFAULT CHARSET=utf8mb4 COLLATE=utf8mb4_unicode_ci ROW_FORMAT=DYNAMIC;

-- Dumping data for table matress.subscribers_list: ~0 rows (approximately)

-- Dumping structure for table matress.tax_categories
DROP TABLE IF EXISTS `tax_categories`;
CREATE TABLE IF NOT EXISTS `tax_categories` (
  `id` int unsigned NOT NULL AUTO_INCREMENT,
  `code` varchar(191) COLLATE utf8mb4_unicode_ci NOT NULL,
  `name` varchar(191) COLLATE utf8mb4_unicode_ci NOT NULL,
  `description` longtext COLLATE utf8mb4_unicode_ci NOT NULL,
  `created_at` timestamp NULL DEFAULT NULL,
  `updated_at` timestamp NULL DEFAULT NULL,
  PRIMARY KEY (`id`),
  UNIQUE KEY `tax_categories_code_unique` (`code`)
) ENGINE=InnoDB DEFAULT CHARSET=utf8mb4 COLLATE=utf8mb4_unicode_ci ROW_FORMAT=DYNAMIC;

-- Dumping data for table matress.tax_categories: ~0 rows (approximately)

-- Dumping structure for table matress.tax_categories_tax_rates
DROP TABLE IF EXISTS `tax_categories_tax_rates`;
CREATE TABLE IF NOT EXISTS `tax_categories_tax_rates` (
  `id` int unsigned NOT NULL AUTO_INCREMENT,
  `tax_category_id` int unsigned NOT NULL,
  `tax_rate_id` int unsigned NOT NULL,
  `created_at` timestamp NULL DEFAULT NULL,
  `updated_at` timestamp NULL DEFAULT NULL,
  PRIMARY KEY (`id`),
  UNIQUE KEY `tax_map_index_unique` (`tax_category_id`,`tax_rate_id`),
  KEY `tax_categories_tax_rates_tax_rate_id_foreign` (`tax_rate_id`),
  CONSTRAINT `tax_categories_tax_rates_tax_category_id_foreign` FOREIGN KEY (`tax_category_id`) REFERENCES `tax_categories` (`id`) ON DELETE CASCADE,
  CONSTRAINT `tax_categories_tax_rates_tax_rate_id_foreign` FOREIGN KEY (`tax_rate_id`) REFERENCES `tax_rates` (`id`) ON DELETE CASCADE
) ENGINE=InnoDB DEFAULT CHARSET=utf8mb4 COLLATE=utf8mb4_unicode_ci ROW_FORMAT=DYNAMIC;

-- Dumping data for table matress.tax_categories_tax_rates: ~0 rows (approximately)

-- Dumping structure for table matress.tax_rates
DROP TABLE IF EXISTS `tax_rates`;
CREATE TABLE IF NOT EXISTS `tax_rates` (
  `id` int unsigned NOT NULL AUTO_INCREMENT,
  `identifier` varchar(191) COLLATE utf8mb4_unicode_ci NOT NULL,
  `is_zip` tinyint(1) NOT NULL DEFAULT '0',
  `zip_code` varchar(191) COLLATE utf8mb4_unicode_ci DEFAULT NULL,
  `zip_from` varchar(191) COLLATE utf8mb4_unicode_ci DEFAULT NULL,
  `zip_to` varchar(191) COLLATE utf8mb4_unicode_ci DEFAULT NULL,
  `state` varchar(191) COLLATE utf8mb4_unicode_ci NOT NULL,
  `country` varchar(191) COLLATE utf8mb4_unicode_ci NOT NULL,
  `tax_rate` decimal(12,4) NOT NULL,
  `created_at` timestamp NULL DEFAULT NULL,
  `updated_at` timestamp NULL DEFAULT NULL,
  PRIMARY KEY (`id`),
  UNIQUE KEY `tax_rates_identifier_unique` (`identifier`)
) ENGINE=InnoDB AUTO_INCREMENT=2 DEFAULT CHARSET=utf8mb4 COLLATE=utf8mb4_unicode_ci ROW_FORMAT=DYNAMIC;

-- Dumping data for table matress.tax_rates: ~1 rows (approximately)
REPLACE INTO `tax_rates` (`id`, `identifier`, `is_zip`, `zip_code`, `zip_from`, `zip_to`, `state`, `country`, `tax_rate`, `created_at`, `updated_at`) VALUES
	(1, 'Exercitation iste ut', 0, '', NULL, NULL, '', 'MA', 54545.0000, '2023-12-29 19:29:40', '2023-12-29 19:29:40');

-- Dumping structure for table matress.theme_customizations
DROP TABLE IF EXISTS `theme_customizations`;
CREATE TABLE IF NOT EXISTS `theme_customizations` (
  `id` int unsigned NOT NULL AUTO_INCREMENT,
  `channel_id` int unsigned NOT NULL DEFAULT '1',
  `type` varchar(191) COLLATE utf8mb4_unicode_ci NOT NULL,
  `name` varchar(191) COLLATE utf8mb4_unicode_ci NOT NULL,
  `sort_order` int NOT NULL,
  `status` tinyint(1) NOT NULL DEFAULT '0',
  `created_at` timestamp NULL DEFAULT NULL,
  `updated_at` timestamp NULL DEFAULT NULL,
  PRIMARY KEY (`id`)
) ENGINE=InnoDB AUTO_INCREMENT=12 DEFAULT CHARSET=utf8mb4 COLLATE=utf8mb4_unicode_ci ROW_FORMAT=DYNAMIC;

-- Dumping data for table matress.theme_customizations: ~11 rows (approximately)
REPLACE INTO `theme_customizations` (`id`, `channel_id`, `type`, `name`, `sort_order`, `status`, `created_at`, `updated_at`) VALUES
	(1, 1, 'image_carousel', 'Image Carousel', 1, 1, '2023-12-29 19:08:24', '2024-01-01 09:47:15'),
	(2, 1, 'static_content', 'Offer Information', 2, 1, '2023-12-29 19:08:24', '2024-01-01 09:35:05'),
	(3, 1, 'category_carousel', 'Categories Collections', 3, 1, '2023-12-29 19:08:24', '2023-12-29 19:08:24'),
	(4, 1, 'product_carousel', 'New Products', 5, 1, '2023-12-29 19:08:24', '2024-01-01 01:25:18'),
	(5, 1, 'static_content', 'Top Collections', 5, 0, '2023-12-29 19:08:24', '2024-01-01 09:48:10'),
	(6, 1, 'static_content', 'Bold Collections', 6, 1, '2023-12-29 19:08:24', '2024-01-01 09:50:12'),
	(7, 1, 'product_carousel', 'Featured Collections', 7, 1, '2023-12-29 19:08:24', '2023-12-29 19:08:24'),
	(8, 1, 'static_content', 'Game Container', 8, 1, '2023-12-29 19:08:24', '2024-01-01 09:54:33'),
	(9, 1, 'product_carousel', 'All Products', 4, 1, '2023-12-29 19:08:24', '2024-01-01 01:24:41'),
	(10, 1, 'static_content', 'Bold Collections', 10, 1, '2023-12-29 19:08:24', '2024-01-01 09:24:53'),
	(11, 1, 'footer_links', 'Footer Links', 11, 1, '2023-12-29 19:08:24', '2024-01-01 09:16:21');

-- Dumping structure for table matress.theme_customization_translations
DROP TABLE IF EXISTS `theme_customization_translations`;
CREATE TABLE IF NOT EXISTS `theme_customization_translations` (
  `id` int unsigned NOT NULL AUTO_INCREMENT,
  `theme_customization_id` int unsigned NOT NULL,
  `locale` varchar(191) COLLATE utf8mb4_unicode_ci NOT NULL,
  `options` json NOT NULL,
  PRIMARY KEY (`id`),
  KEY `theme_customization_translations_theme_customization_id_foreign` (`theme_customization_id`),
  CONSTRAINT `theme_customization_translations_theme_customization_id_foreign` FOREIGN KEY (`theme_customization_id`) REFERENCES `theme_customizations` (`id`) ON DELETE CASCADE
) ENGINE=InnoDB AUTO_INCREMENT=12 DEFAULT CHARSET=utf8mb4 COLLATE=utf8mb4_unicode_ci ROW_FORMAT=DYNAMIC;

-- Dumping data for table matress.theme_customization_translations: ~11 rows (approximately)
REPLACE INTO `theme_customization_translations` (`id`, `theme_customization_id`, `locale`, `options`) VALUES
	(1, 1, 'en', '{"images": [{"link": "", "image": "storage/theme/1/ML22bEIIIwAtI3RlSQoeDODGZUOM30GaLz3A4Dl4.webp"}, {"link": "", "image": "storage/theme/1/kkujET5d96VxOZ7ArvCkwKm8PZ3v3fOa1dT4JlQh.webp"}, {"link": "", "image": "storage/theme/1/Yjk3ns4ldhmAA6wudfFBEbrIhoDF7IVB5p2NXOA4.webp"}, {"link": "", "image": "storage/theme/1/rJsn6EFNpJG7ICAJDTqsTVnG58qY4NlKafrrZoSQ.webp"}]}'),
	(2, 2, 'en', '{"css": ".home-offer span {display: block;font-weight: 500;text-align: center;font-size: 22px;font-family: DM Serif Display;background-color: #E8EDFE;padding-top: 20px;padding-bottom: 20px;}@media (max-width:768px){.home-offer span {font-size:18px;}@media (max-width:525px) {.home-offer span {font-size:14px;}}", "html": "<div class=\\"home-offer\\"><span>Unwind in Luxury: Exclusive Deals on Premium Mattresses and Beds – Limited Time Offer!</span>\\r\\n</div>"}'),
	(3, 3, 'en', '{"filters": {"sort": "asc", "limit": 10, "parent_id": 1}}'),
	(4, 4, 'en', '{"title": "New Products", "filters": {"new": "1"}}'),
	(5, 5, 'en', '{"css": ".top-collection-header {padding-left: 15px;padding-right: 15px;text-align: center;font-size: 70px;line-height: 90px;color: #060C3B;margin-top: 80px;}.top-collection-header h2 {max-width: 595px;margin-left: auto;margin-right: auto;font-family: DM Serif Display;}.top-collection-grid {display: flex;flex-wrap: wrap;gap: 32px;justify-content: center;margin-top: 60px;width: 100%;margin-right: auto;margin-left: auto;padding-right: 90px;padding-left: 90px;}.top-collection-card {position: relative;background: #f9fafb;}.top-collection-card img {border-radius: 16px;max-width: 100%;text-indent:-9999px;}.top-collection-card h3 {color: #060C3B;font-size: 30px;font-family: DM Serif Display;transform: translateX(-50%);width: max-content;left: 50%;bottom: 30px;position: absolute;margin: 0;font-weight: inherit;}@media not all and (min-width: 525px) {.top-collection-header {margin-top: 30px;}.top-collection-header {font-size: 32px;line-height: 1.5;}.top-collection-grid {gap: 15px;}}@media not all and (min-width: 1024px) {.top-collection-grid {padding-left: 30px;padding-right: 30px;}}@media (max-width: 640px) {.top-collection-grid {margin-top: 20px;}}", "html": "<div class=\\"top-collection-container\\"><div class=\\"top-collection-header\\"><h2>The game with our new additions!</h2></div><div class=\\"container top-collection-grid\\"><div class=\\"top-collection-card\\"><img src=\\"\\" data-src=\\"storage/theme/5/1.webp\\" class=\\"lazy\\" width=\\"396\\" height=\\"396\\" alt=\\"\\"><h3>Our Collections</h3></div><div class=\\"top-collection-card\\"><img src=\\"\\" data-src=\\"storage/theme/5/2.webp\\" class=\\"lazy\\" width=\\"396\\" height=\\"396\\" alt=\\"\\"><h3>Our Collections</h3></div><div class=\\"top-collection-card\\"><img src=\\"\\" data-src=\\"storage/theme/5/1.webp\\" class=\\"lazy\\" width=\\"396\\" height=\\"396\\" alt=\\"\\"><h3>Our Collections</h3></div><div class=\\"top-collection-card\\"><img src=\\"\\" data-src=\\"storage/theme/5/2.webp\\" class=\\"lazy\\" width=\\"396\\" height=\\"396\\" alt=\\"\\"><h3>Our Collections</h3></div><div class=\\"top-collection-card\\"><img src=\\"\\" data-src=\\"storage/theme/5/1.webp\\" class=\\"lazy\\" width=\\"396\\" height=\\"396\\" alt=\\"\\"><h3>Our Collections</h3></div><div class=\\"top-collection-card\\"><img src=\\"\\" data-src=\\"storage/theme/5/2.webp\\" class=\\"lazy\\" width=\\"396\\" height=\\"396\\" alt=\\"\\"><h3>Our Collections</h3></div></div></div>"}'),
	(6, 6, 'en', '{"css": ".section-gap{margin-top:80px}.direction-ltr{direction:ltr}.direction-rtl{direction:rtl}.inline-col-wrapper{display:grid;grid-template-columns:auto 1fr;grid-gap:60px;align-items:center}.inline-col-wrapper .inline-col-image-wrapper{overflow:hidden}.inline-col-wrapper .inline-col-image-wrapper img{max-width:100%;height:auto;border-radius:16px;text-indent:-9999px}.inline-col-wrapper .inline-col-content-wrapper{display:flex;flex-wrap:wrap;gap:20px;max-width:464px}.inline-col-wrapper .inline-col-content-wrapper .inline-col-title{max-width:442px;font-size:60px;font-weight:400;color:#060c3b;line-height:70px;font-family:DM Serif Display;margin:0}.inline-col-wrapper .inline-col-content-wrapper .inline-col-description{margin:0;font-size:18px;color:#6e6e6e;font-family:Poppins}@media (max-width:991px){.inline-col-wrapper{grid-template-columns:1fr;grid-gap:16px}.inline-col-wrapper .inline-col-content-wrapper{gap:10px}}@media (max-width:525px){.inline-col-wrapper .inline-col-content-wrapper .inline-col-title{font-size:30px;line-height:normal}}", "html": "<div class=\\"container section-gap\\">\\r\\n    <div class=\\"inline-col-wrapper\\">\\r\\n        <div class=\\"inline-col-image-wrapper\\">\\r\\n            <img src=\\"\\" data-src=\\"/storage/theme/6/dmkLCL7B49TBgBpZ2UKHOAJmFIzfb4GO8J9RKJuw.webp\\" class=\\"lazy\\" width=\\"632\\" height=\\"510\\" alt=\\"\\">\\r\\n        </div>\\r\\n        <div class=\\"inline-col-content-wrapper\\">\\r\\n             <h2 class=\\"inline-col-title\\"> Get Ready for our new Bold Collections! </h2> \\r\\n            <p class=\\"inline-col-description\\">Unwind in Luxury: Exclusive Deals on Premium Mattresses and Beds – Limited Time Offer!</p>\\r\\n            <button class=\\"primary-button\\">View All</button>\\r\\n        </div>\\r\\n    </div>\\r\\n</div>"}'),
	(7, 7, 'en', '{"title": "Featured Products", "filters": {"sort": "desc", "limit": 10, "featured": 1}}'),
	(8, 8, 'en', '{"css": ".section-title, .section-title h2 {\\r\\n    font-weight:500;\\r\\n    font-family:DM Serif Display\\r\\n}\\r\\n.section-title {\\r\\n    margin-top:80px;\\r\\n    padding-left:15px;\\r\\n    padding-right:15px;\\r\\n    text-align:center;\\r\\n    line-height:90px\\r\\n}\\r\\n.section-title h2 {\\r\\n    font-size:70px;\\r\\n    color:#060c3b;\\r\\n    max-width:900px;\\r\\n    margin:auto\\r\\n}\\r\\n.collection-card-wrapper {\\r\\n    display:flex;\\r\\n    flex-wrap:wrap;\\r\\n    justify-content:center;\\r\\n    gap:30px\\r\\n}\\r\\n.collection-card-wrapper .single-collection-card {\\r\\n    position:relative\\r\\n}\\r\\n.collection-card-wrapper .single-collection-card img {\\r\\n    border-radius:16px;\\r\\n    background-color:#f5f5f5;\\r\\n    max-width:100%;\\r\\n    height:auto;\\r\\n    text-indent:-9999px\\r\\n}\\r\\n.collection-card-wrapper .single-collection-card .overlay-text {\\r\\n    font-size:50px;\\r\\n    font-weight:400;\\r\\n    max-width:234px;\\r\\n    font-style:italic;\\r\\n    color:#060c3b;\\r\\n    font-family:DM Serif Display;\\r\\n    position:absolute;\\r\\n    bottom:30px;\\r\\n    left:30px;\\r\\n    margin:0\\r\\n}\\r\\n@media (max-width:1024px) {\\r\\n    .section-title {\\r\\n        padding:0 30px\\r\\n    }\\r\\n}\\r\\n@media (max-width:991px) {\\r\\n    .collection-card-wrapper {\\r\\n        flex-wrap:wrap\\r\\n    }\\r\\n}\\r\\n@media (max-width:525px) {\\r\\n    .collection-card-wrapper .single-collection-card img {\\r\\n        max-width:calc(100vw - 30px)\\r\\n    }\\r\\n    .collection-card-wrapper .single-collection-card .overlay-text {\\r\\n        font-size:30px\\r\\n    }\\r\\n    .container {\\r\\n        padding:0 30px;\\r\\n        margin-top:20px\\r\\n    }\\r\\n    .section-title {\\r\\n        margin-top:30px\\r\\n    }\\r\\n    .section-title h2 {\\r\\n        font-size:30px;\\r\\n        line-height:normal\\r\\n    }\\r\\n}", "html": "<div class=\\"section-title\\">\\r\\n     <h2>Upgrade your sleep with our comfy mattresses & stylish beds.</h2> \\r\\n</div>\\r\\n<div class=\\"container section-gap\\">\\r\\n    <div class=\\"collection-card-wrapper\\">\\r\\n        <div class=\\"single-collection-card\\">\\r\\n            <img src=\\"\\" data-src=\\"/storage/theme/8/AsKIB6WK0CXMkJuT2ZZvUKI0ESrEAVXVsBiREixV.webp\\" class=\\"lazy\\" width=\\"615\\" height=\\"600\\" alt=\\"\\">\\r\\n             <h3 class=\\"overlay-text\\">Explore now!</h3> \\r\\n        </div>\\r\\n        <div class=\\"single-collection-card\\">\\r\\n            <img src=\\"\\" data-src=\\"/storage/theme/8/kge0A4Bkhoq4KqtGk0HzMghgJ3cUSAwrj9FSELEX.webp\\" class=\\"lazy\\" width=\\"615\\" height=\\"600\\" alt=\\"\\">\\r\\n             <h3 class=\\"overlay-text\\"> Explore now!</h3> \\r\\n        </div>\\r\\n    </div>\\r\\n</div>"}'),
	(9, 9, 'en', '{"title": "All Products", "filters": {"sort": "created_at-desc", "limit": "48"}}'),
	(10, 10, 'en', '{"css": ".section-gap{margin-top:80px}.direction-ltr{direction:ltr}.direction-rtl{direction:rtl}.inline-col-wrapper{display:grid;grid-template-columns:auto 1fr;grid-gap:60px;align-items:center}.inline-col-wrapper .inline-col-image-wrapper{overflow:hidden}.inline-col-wrapper .inline-col-image-wrapper img{max-width:100%;height:auto;border-radius:16px;text-indent:-9999px}.inline-col-wrapper .inline-col-content-wrapper{display:flex;flex-wrap:wrap;gap:20px;max-width:464px}.inline-col-wrapper .inline-col-content-wrapper .inline-col-title{max-width:442px;font-size:60px;font-weight:400;color:#060c3b;line-height:70px;font-family:DM Serif Display;margin:0}.inline-col-wrapper .inline-col-content-wrapper .inline-col-description{margin:0;font-size:18px;color:#6e6e6e;font-family:Poppins}@media (max-width:991px){.inline-col-wrapper{grid-template-columns:1fr;grid-gap:16px}.inline-col-wrapper .inline-col-content-wrapper{gap:10px}}@media (max-width:525px){.inline-col-wrapper .inline-col-content-wrapper .inline-col-title{font-size:30px;line-height:normal}}", "html": "<div class=\\"container section-gap\\">\\r\\n    <div class=\\"inline-col-wrapper direction-rtl\\">\\r\\n        <div class=\\"inline-col-image-wrapper \\">\\r\\n            <img src=\\"\\" data-src=\\"http://127.0.0.1:8000/storage/theme/10/0f6YJ1d9FvJkgU3rYbGS4TP4IC2cZ3CQSh1TSEfu.webp\\" class=\\"lazy\\" width=\\"632\\" height=\\"510\\" alt=\\"\\">\\r\\n        </div>\\r\\n        <div class=\\"inline-col-content-wrapper direction-ltr\\">\\r\\n             <h2 class=\\"inline-col-title\\"> Get Ready for our new Bold Collections! </h2> \\r\\n            <p class=\\"inline-col-description\\">Buy products in groups for bigger discounts. like lorem ipsume is simply text for digital platform</p>\\r\\n            <button class=\\"primary-button\\">View All</button>\\r\\n        </div>\\r\\n    </div>\\r\\n</div>"}'),
	(11, 11, 'en', '{"column_1": [{"url": "http://localhost/page/contact-us", "title": "Contact Us", "sort_order": "2"}, {"url": "http://localhost/page/customer-service", "title": "Customer Service", "sort_order": "3"}, {"url": "http://localhost/page/whats-new", "title": "What\'s new", "sort_order": "4"}, {"url": "http://localhost/page/terms-of-use", "title": "Terms of use", "sort_order": "5"}, {"url": "http://localhost/page/terms-conditions", "title": "Terms & Conditions", "sort_order": "6"}], "column_2": [{"url": "http://localhost/page/payment-policy", "title": "Payment Policy", "sort_order": "2"}, {"url": "http://localhost/page/shipping-policy", "title": "Shipping Policy", "sort_order": "3"}, {"url": "http://localhost/page/refund-policy", "title": "Refund Policy", "sort_order": "4"}, {"url": "http://localhost/page/return-policy", "title": "Return Policy", "sort_order": "5"}], "column_3": [{"url": "https://maps.app.goo.gl/hDLt4AifoJwtTNaH9", "title": "203 Towne Center Blvd Sanford,FL 32771", "sort_order": "1"}]}');

-- Dumping structure for table matress.trix_attachments
DROP TABLE IF EXISTS `trix_attachments`;
CREATE TABLE IF NOT EXISTS `trix_attachments` (
  `id` bigint unsigned NOT NULL AUTO_INCREMENT,
  `field` varchar(191) COLLATE utf8mb4_unicode_ci NOT NULL,
  `attachable_id` int unsigned DEFAULT NULL,
  `attachable_type` varchar(191) COLLATE utf8mb4_unicode_ci NOT NULL,
  `attachment` varchar(191) COLLATE utf8mb4_unicode_ci NOT NULL,
  `disk` varchar(191) COLLATE utf8mb4_unicode_ci NOT NULL,
  `is_pending` tinyint(1) NOT NULL DEFAULT '1',
  `created_at` timestamp NULL DEFAULT NULL,
  `updated_at` timestamp NULL DEFAULT NULL,
  PRIMARY KEY (`id`)
) ENGINE=InnoDB DEFAULT CHARSET=utf8mb4 COLLATE=utf8mb4_unicode_ci ROW_FORMAT=DYNAMIC;

-- Dumping data for table matress.trix_attachments: ~0 rows (approximately)

-- Dumping structure for table matress.trix_rich_texts
DROP TABLE IF EXISTS `trix_rich_texts`;
CREATE TABLE IF NOT EXISTS `trix_rich_texts` (
  `id` bigint unsigned NOT NULL AUTO_INCREMENT,
  `field` varchar(191) COLLATE utf8mb4_unicode_ci NOT NULL,
  `model_type` varchar(191) COLLATE utf8mb4_unicode_ci NOT NULL,
  `model_id` bigint unsigned NOT NULL,
  `content` text COLLATE utf8mb4_unicode_ci,
  `created_at` timestamp NULL DEFAULT NULL,
  `updated_at` timestamp NULL DEFAULT NULL,
  PRIMARY KEY (`id`),
  KEY `trix_rich_texts_model_type_model_id_index` (`model_type`,`model_id`)
) ENGINE=InnoDB DEFAULT CHARSET=utf8mb4 COLLATE=utf8mb4_unicode_ci ROW_FORMAT=DYNAMIC;

-- Dumping data for table matress.trix_rich_texts: ~0 rows (approximately)

-- Dumping structure for table matress.users
DROP TABLE IF EXISTS `users`;
CREATE TABLE IF NOT EXISTS `users` (
  `id` int unsigned NOT NULL AUTO_INCREMENT,
  `name` varchar(191) COLLATE utf8mb4_unicode_ci NOT NULL,
  `email` varchar(191) COLLATE utf8mb4_unicode_ci NOT NULL,
  `password` varchar(191) COLLATE utf8mb4_unicode_ci NOT NULL,
  `remember_token` varchar(100) COLLATE utf8mb4_unicode_ci DEFAULT NULL,
  `created_at` timestamp NULL DEFAULT NULL,
  `updated_at` timestamp NULL DEFAULT NULL,
  PRIMARY KEY (`id`),
  UNIQUE KEY `users_email_unique` (`email`)
) ENGINE=InnoDB DEFAULT CHARSET=utf8mb4 COLLATE=utf8mb4_unicode_ci ROW_FORMAT=DYNAMIC;

-- Dumping data for table matress.users: ~0 rows (approximately)

-- Dumping structure for table matress.visits
DROP TABLE IF EXISTS `visits`;
CREATE TABLE IF NOT EXISTS `visits` (
  `id` bigint unsigned NOT NULL AUTO_INCREMENT,
  `method` varchar(191) COLLATE utf8mb4_unicode_ci DEFAULT NULL,
  `request` mediumtext COLLATE utf8mb4_unicode_ci,
  `url` mediumtext COLLATE utf8mb4_unicode_ci,
  `referer` mediumtext COLLATE utf8mb4_unicode_ci,
  `languages` text COLLATE utf8mb4_unicode_ci,
  `useragent` text COLLATE utf8mb4_unicode_ci,
  `headers` text COLLATE utf8mb4_unicode_ci,
  `device` text COLLATE utf8mb4_unicode_ci,
  `platform` text COLLATE utf8mb4_unicode_ci,
  `browser` text COLLATE utf8mb4_unicode_ci,
  `ip` varchar(45) COLLATE utf8mb4_unicode_ci DEFAULT NULL,
  `visitable_type` varchar(191) COLLATE utf8mb4_unicode_ci DEFAULT NULL,
  `visitable_id` bigint unsigned DEFAULT NULL,
  `visitor_type` varchar(191) COLLATE utf8mb4_unicode_ci DEFAULT NULL,
  `visitor_id` bigint unsigned DEFAULT NULL,
  `created_at` timestamp NULL DEFAULT NULL,
  `updated_at` timestamp NULL DEFAULT NULL,
  PRIMARY KEY (`id`),
  KEY `visits_visitable_type_visitable_id_index` (`visitable_type`,`visitable_id`),
  KEY `visits_visitor_type_visitor_id_index` (`visitor_type`,`visitor_id`)
) ENGINE=InnoDB AUTO_INCREMENT=29 DEFAULT CHARSET=utf8mb4 COLLATE=utf8mb4_unicode_ci ROW_FORMAT=DYNAMIC;

-- Dumping data for table matress.visits: ~28 rows (approximately)
REPLACE INTO `visits` (`id`, `method`, `request`, `url`, `referer`, `languages`, `useragent`, `headers`, `device`, `platform`, `browser`, `ip`, `visitable_type`, `visitable_id`, `visitor_type`, `visitor_id`, `created_at`, `updated_at`) VALUES
	(1, 'GET', '[]', 'http://bagisto.test', NULL, '["en-gb","en-us","en"]', 'Mozilla/5.0 (Windows NT 10.0; Win64; x64) AppleWebKit/537.36 (KHTML, like Gecko) Chrome/120.0.0.0 Safari/537.36', '{"host":["bagisto.test"],"connection":["keep-alive"],"upgrade-insecure-requests":["1"],"user-agent":["Mozilla\\/5.0 (Windows NT 10.0; Win64; x64) AppleWebKit\\/537.36 (KHTML, like Gecko) Chrome\\/120.0.0.0 Safari\\/537.36"],"accept":["text\\/html,application\\/xhtml+xml,application\\/xml;q=0.9,image\\/avif,image\\/webp,image\\/apng,*\\/*;q=0.8,application\\/signed-exchange;v=b3;q=0.7"],"accept-encoding":["gzip, deflate"],"accept-language":["en-GB,en-US;q=0.9,en;q=0.8"]}', 'WebKit', 'Windows', 'Chrome', '127.0.0.1', NULL, NULL, NULL, NULL, '2023-12-29 19:09:04', '2023-12-29 19:09:04'),
	(2, 'GET', '[]', 'http://bagisto.test/hoceine-el-idrissi', 'http://bagisto.test/', '["en-gb","en-us","en"]', 'Mozilla/5.0 (Windows NT 10.0; Win64; x64) AppleWebKit/537.36 (KHTML, like Gecko) Chrome/120.0.0.0 Safari/537.36', '{"host":["bagisto.test"],"connection":["keep-alive"],"upgrade-insecure-requests":["1"],"user-agent":["Mozilla\\/5.0 (Windows NT 10.0; Win64; x64) AppleWebKit\\/537.36 (KHTML, like Gecko) Chrome\\/120.0.0.0 Safari\\/537.36"],"accept":["text\\/html,application\\/xhtml+xml,application\\/xml;q=0.9,image\\/avif,image\\/webp,image\\/apng,*\\/*;q=0.8,application\\/signed-exchange;v=b3;q=0.7"],"referer":["http:\\/\\/bagisto.test\\/"],"accept-encoding":["gzip, deflate"],"accept-language":["en-GB,en-US;q=0.9,en;q=0.8"],"cookie":["dark_mode=0; XSRF-TOKEN=eyJpdiI6ImFWYjRRWHZXK0Yxd0lWdWpjNWtUYUE9PSIsInZhbHVlIjoiMm5heUs2T08xaENWNkF3UWZ1eDZhUnZpVzFsdm1xTU45TUpNVFNiR3V2V2xqR0VEdERHYVo3NlVnUkZpZW5EUWlpU2lZOTE5dzZEV1p0ems2Y3lRTEd1eVZrUElXMVU4bHArSTA2eWcrd2tFRWY4WlBQV1dWMmtXY1Q0M2VaQUoiLCJtYWMiOiJjOTExMmUxMGY4YWZhNTI1NjRlYmQ4ZmMzNDZiMjQwODJlMGFmZGFkYTI1NTBkMWE4YmZhOWI3OTczMDQzOTlhIiwidGFnIjoiIn0%3D; bagisto_session=eyJpdiI6ImZBemMzdzlXN1lSUlpxbWduRFJ5WUE9PSIsInZhbHVlIjoiRzF4OVhEZk82RDB4Yk9XUUI2YUNjanNTZXZRWWVacmxUMkM4a1ptZHdsbE5lY3B6K1JwUU1rMkVQZVc3TzRFdUJISUFkQjlLd0hMOWVmczdya3lTT1MrejZUWWlnQkJyVkl2TTdGdkNKODl4ZXVxUE5CRFUwYTlwQU5GTlUrRkUiLCJtYWMiOiJlMDYxMmFlY2ZmZTc0OGIzNDMyY2IzNTFhYzg2NTA0NmMzN2M5M2FhM2U1OTVhOTIwNmNmYjhlYTI2NjJjODlhIiwidGFnIjoiIn0%3D"]}', 'WebKit', 'Windows', 'Chrome', '127.0.0.1', 'Webkul\\Product\\Models\\Product', 1, NULL, NULL, '2023-12-29 19:54:43', '2023-12-29 19:54:43'),
	(3, 'GET', '[]', 'http://bagisto.test', 'http://bagisto.test/customer/login', '["en-gb","en-us","en"]', 'Mozilla/5.0 (Windows NT 10.0; Win64; x64) AppleWebKit/537.36 (KHTML, like Gecko) Chrome/120.0.0.0 Safari/537.36', '{"host":["bagisto.test"],"connection":["keep-alive"],"cache-control":["max-age=0"],"upgrade-insecure-requests":["1"],"user-agent":["Mozilla\\/5.0 (Windows NT 10.0; Win64; x64) AppleWebKit\\/537.36 (KHTML, like Gecko) Chrome\\/120.0.0.0 Safari\\/537.36"],"accept":["text\\/html,application\\/xhtml+xml,application\\/xml;q=0.9,image\\/avif,image\\/webp,image\\/apng,*\\/*;q=0.8,application\\/signed-exchange;v=b3;q=0.7"],"referer":["http:\\/\\/bagisto.test\\/customer\\/login"],"accept-encoding":["gzip, deflate"],"accept-language":["en-GB,en-US;q=0.9,en;q=0.8"],"cookie":["dark_mode=0; XSRF-TOKEN=eyJpdiI6ImNQa2NpS2RwT1JManByd3kvSUhwRUE9PSIsInZhbHVlIjoiVzVxaUNxUm5scytJNjIzTXNWeXJVV1lrV0RyY2FPRjVRam43cjZxczlHeFJPNjJLcENNeWtFaUxuNnA0aXNka05rQkt3WmdqOGdLM2w5dVJOdnZ4QWRIZ2FYc1NEQkpxdkhaWHhrZUlRQ3gzUzUyd2hDQ1dkZys3SHFoQStheTAiLCJtYWMiOiIwYjMyYzk4ZTljNzA1ODRjZTVjZDM4NTI1MjgwNTk3ZTdkNTlhM2EyZjY0N2Q2NDAzM2E3OGEzYTE3ZmExZmNkIiwidGFnIjoiIn0%3D; bagisto_session=eyJpdiI6Im15dCtUcmg0UXlqMkN0emcxUWd3aHc9PSIsInZhbHVlIjoiaTY2cHJTVEhmZndvQzdMa2NIZWxidWg2NjlNMHFSZWx5a0FEbTZ0RWNWcVFGQ0h0QmQ3VzVuOUFDeXBzVjk0Mlc2c1BTcUx6c01FSVFEYmhqcVhSMUNQT25VNW85YnVadHl6VGc1L3RmSXFpcG1pdklhdDFjZ0l5cWd3SnpkYWwiLCJtYWMiOiJhNTY4NTcyODgyMzgyYTM1ZmJlZTI0MjY5NTE4ZDRmY2E1NmM5NTU4ZjQ5MDJiNTQ1YTI3NTc4YmVjYTk1OGViIiwidGFnIjoiIn0%3D"]}', 'WebKit', 'Windows', 'Chrome', '127.0.0.1', NULL, NULL, 'Webkul\\Customer\\Models\\Customer', 1, '2023-12-29 21:18:33', '2023-12-29 21:18:33'),
	(4, 'GET', '[]', 'http://bagisto.test/hoceine-el-idrissi', 'http://bagisto.test/', '["en-gb","en-us","en"]', 'Mozilla/5.0 (Windows NT 10.0; Win64; x64) AppleWebKit/537.36 (KHTML, like Gecko) Chrome/120.0.0.0 Safari/537.36', '{"host":["bagisto.test"],"connection":["keep-alive"],"upgrade-insecure-requests":["1"],"user-agent":["Mozilla\\/5.0 (Windows NT 10.0; Win64; x64) AppleWebKit\\/537.36 (KHTML, like Gecko) Chrome\\/120.0.0.0 Safari\\/537.36"],"accept":["text\\/html,application\\/xhtml+xml,application\\/xml;q=0.9,image\\/avif,image\\/webp,image\\/apng,*\\/*;q=0.8,application\\/signed-exchange;v=b3;q=0.7"],"referer":["http:\\/\\/bagisto.test\\/"],"accept-encoding":["gzip, deflate"],"accept-language":["en-GB,en-US;q=0.9,en;q=0.8"],"cookie":["dark_mode=0; XSRF-TOKEN=eyJpdiI6IkNLQnExaTlYS2VCdHV0UURKVVNSNGc9PSIsInZhbHVlIjoiM0tPOG9STWlFMzFpaTdZTzRFUG1SRXMxOW1HeFFvcHN1ZE8vVENLdEJmOFpDbWhNMVkxM2x1ZmU2bHphZGJ0YkdiZ1FEUkJxMEZJeU0xVDJWQjlYVTdRN24wTjVBUTJnQzdKOHpzZS9IVUFLRGhVRFRib2FOU2l6TU1JUnZqQnEiLCJtYWMiOiI3NjhmYmIzYTcxNzRlMjFmNjdjNTY3YzdiYzZmMGIzODllMDQwNDYxZWNkMTk3ZDVmOTBhNWZkYWMyMjBlMzVlIiwidGFnIjoiIn0%3D; bagisto_session=eyJpdiI6Ii9xOEtLUjBtaU8rTVFRY0gzQ1B3SUE9PSIsInZhbHVlIjoia053YWZiN0hubDRRclF6ekNTU2FtaEk1SkZFeUJnY1RORnEydTA3b2hsQmE4S1VFeGxjNFdwUEpmZENwcHRKbXZpK3EzY0NmOGx4UVF3dVBDYWYvV28zc1ByaUV5R2dqQVordDFYVkJvTklqMVVvVnI4OEs4RS9CMktmcFhHUjQiLCJtYWMiOiI4NGU3MjM5NWY3ODFjODNiZTU5ZDdjMDI3NDk4OWU2MzVjMmFhZmQxMGI1NTA1MDFlYjdlYTJhYWU4YjkyMDY5IiwidGFnIjoiIn0%3D"]}', 'WebKit', 'Windows', 'Chrome', '127.0.0.1', 'Webkul\\Product\\Models\\Product', 1, 'Webkul\\Customer\\Models\\Customer', 1, '2023-12-29 21:18:46', '2023-12-29 21:18:46'),
	(5, 'GET', '[]', 'http://127.0.0.1:8000', NULL, '["en-gb","en-us","en"]', 'Mozilla/5.0 (Windows NT 10.0; Win64; x64) AppleWebKit/537.36 (KHTML, like Gecko) Chrome/120.0.0.0 Safari/537.36', '{"host":["127.0.0.1:8000"],"connection":["keep-alive"],"sec-ch-ua":["\\"Not_A Brand\\";v=\\"8\\", \\"Chromium\\";v=\\"120\\", \\"Google Chrome\\";v=\\"120\\""],"sec-ch-ua-mobile":["?0"],"sec-ch-ua-platform":["\\"Windows\\""],"upgrade-insecure-requests":["1"],"user-agent":["Mozilla\\/5.0 (Windows NT 10.0; Win64; x64) AppleWebKit\\/537.36 (KHTML, like Gecko) Chrome\\/120.0.0.0 Safari\\/537.36"],"accept":["text\\/html,application\\/xhtml+xml,application\\/xml;q=0.9,image\\/avif,image\\/webp,image\\/apng,*\\/*;q=0.8,application\\/signed-exchange;v=b3;q=0.7"],"sec-fetch-site":["none"],"sec-fetch-mode":["navigate"],"sec-fetch-user":["?1"],"sec-fetch-dest":["document"],"accept-encoding":["gzip, deflate, br"],"accept-language":["en-GB,en-US;q=0.9,en;q=0.8"]}', 'WebKit', 'Windows', 'Chrome', '127.0.0.1', NULL, NULL, NULL, NULL, '2023-12-29 21:25:15', '2023-12-29 21:25:15'),
	(6, 'GET', '[]', 'http://127.0.0.1:8000/paul-atkins', 'http://127.0.0.1:8000/', '["en-gb","en-us","en"]', 'Mozilla/5.0 (Windows NT 10.0; Win64; x64) AppleWebKit/537.36 (KHTML, like Gecko) Chrome/120.0.0.0 Safari/537.36', '{"host":["127.0.0.1:8000"],"connection":["keep-alive"],"sec-ch-ua":["\\"Not_A Brand\\";v=\\"8\\", \\"Chromium\\";v=\\"120\\", \\"Google Chrome\\";v=\\"120\\""],"sec-ch-ua-mobile":["?0"],"sec-ch-ua-platform":["\\"Windows\\""],"upgrade-insecure-requests":["1"],"user-agent":["Mozilla\\/5.0 (Windows NT 10.0; Win64; x64) AppleWebKit\\/537.36 (KHTML, like Gecko) Chrome\\/120.0.0.0 Safari\\/537.36"],"accept":["text\\/html,application\\/xhtml+xml,application\\/xml;q=0.9,image\\/avif,image\\/webp,image\\/apng,*\\/*;q=0.8,application\\/signed-exchange;v=b3;q=0.7"],"sec-fetch-site":["same-origin"],"sec-fetch-mode":["navigate"],"sec-fetch-user":["?1"],"sec-fetch-dest":["document"],"referer":["http:\\/\\/127.0.0.1:8000\\/"],"accept-encoding":["gzip, deflate, br"],"accept-language":["en-GB,en-US;q=0.9,en;q=0.8"],"cookie":["XSRF-TOKEN=eyJpdiI6Ikw1SVl5YUk1ZWxXUEV0aXVxekh4YlE9PSIsInZhbHVlIjoiT3hYZHNQS0dPbW1jZDBXSTI1SFJHZTNrQURsZXdidzBUdjQ2bzgzeHhwdUxkN014L0VZd1E2OEJYU2p1TExFMXMreTI3WmVyTWFDWGxPVDhnVDJiQ0U5bWp6UmNqbUNLVEhqU1hmeHFVNGRKOVZRNHNBOGlDa09HdGN0anFyQUUiLCJtYWMiOiJlMjBlMDNkODY1MDQyZmRhNWU3ODY3MmMwYjNkOGMyMzJlODZkMDZkMTgzZmYxNjBjNzRmODJhMDZlMTNkMTE4IiwidGFnIjoiIn0%3D; bagisto_session=eyJpdiI6IkFCS0x4QklZWlRHZStGUElRZEJQNkE9PSIsInZhbHVlIjoickhjRzg2RWowcjBpek53MDdYcUJPU1MrWFl3T3J4cG9PNUhzOEdFaFhCeFFlcXpZeG9pdzBrSzZzenF3SEEwSjM2L1cvTzVXZStBazRZYlhsZjIrdUZjV2dmWnh5YzVxLzc5VUNGYnVFaThLdDlVK1NidmhyNFFmMVRjUldzei8iLCJtYWMiOiI5NzJlZmUyNjI2ODAzY2NhMmEyM2NiOGVmNTFkYjUzMmJlYjlkMTFhZWY5MGUzNDhhMzY5ZWM5YTA3MjczMGUzIiwidGFnIjoiIn0%3D"]}', 'WebKit', 'Windows', 'Chrome', '127.0.0.1', 'Webkul\\Product\\Models\\Product', 23, NULL, NULL, '2023-12-29 22:14:06', '2023-12-29 22:14:06'),
	(7, 'GET', '[]', 'http://127.0.0.1:8000', 'http://127.0.0.1:8000/', '["en-gb","en-us","en"]', 'Mozilla/5.0 (Windows NT 10.0; Win64; x64) AppleWebKit/537.36 (KHTML, like Gecko) Chrome/120.0.0.0 Safari/537.36', '{"host":["127.0.0.1:8000"],"connection":["keep-alive"],"sec-ch-ua":["\\"Not_A Brand\\";v=\\"8\\", \\"Chromium\\";v=\\"120\\", \\"Google Chrome\\";v=\\"120\\""],"sec-ch-ua-mobile":["?0"],"sec-ch-ua-platform":["\\"Windows\\""],"upgrade-insecure-requests":["1"],"user-agent":["Mozilla\\/5.0 (Windows NT 10.0; Win64; x64) AppleWebKit\\/537.36 (KHTML, like Gecko) Chrome\\/120.0.0.0 Safari\\/537.36"],"accept":["text\\/html,application\\/xhtml+xml,application\\/xml;q=0.9,image\\/avif,image\\/webp,image\\/apng,*\\/*;q=0.8,application\\/signed-exchange;v=b3;q=0.7"],"sec-fetch-site":["same-origin"],"sec-fetch-mode":["navigate"],"sec-fetch-user":["?1"],"sec-fetch-dest":["document"],"referer":["http:\\/\\/127.0.0.1:8000\\/"],"accept-encoding":["gzip, deflate, br"],"accept-language":["en-GB,en-US;q=0.9,en;q=0.8"],"cookie":["XSRF-TOKEN=eyJpdiI6ImFtWWd3SXZFYWdGRDJpWXdNa295Q3c9PSIsInZhbHVlIjoiT1V0TG8vWEZwY21xTlA4U2RqRkt2TDBhL0VqZXFuVFNQM0pIMys2Sm42UVhEcGEvd2UySThaeG5LYzE3OXBXaXRJbklJOWVXbllsUzJCajhweEtNSDdoV1EzMk1xd2NTVVdLWWJCdkR0WFI2ZWJxcW9hNTRFZkNrdzhpNUpISG8iLCJtYWMiOiI2NTA2ZGYyYWViOTBmMjFmMjYxNWY4MjcyZGUyNmYwZGE2YjA1ZjkyZWJiYjcyZmJmN2M3NjYwODQ5ZDFkZGQ1IiwidGFnIjoiIn0%3D; bagisto_session=eyJpdiI6IjZGcXpYSWpYME15NW0rUU1JNDZmU0E9PSIsInZhbHVlIjoiWmRxQkl2cVNXNTJBeXVKUnlKWHdQNTR4KzBiNlA1MlFmUm0vVnVHTUV4R09FbDFJdmpDQjFSNHB3dEE2dVphemRpWGhyWVpMNnNFL1VJMFFUcm9QMFJhSkVxcVlheGRSOHlLMWtDaXF5SVd0Q2xIc0dnUFZjb0xOL2dLVWRWOTgiLCJtYWMiOiI3NTJhZTg0OTIwZTVhZjFmYWFjNDczNzEyZWY0YTg5ZWFhMDAyOTk2ZmYzM2UwMjc3NGI0ZTk1Yjg4MjI5ZGJhIiwidGFnIjoiIn0%3D"]}', 'WebKit', 'Windows', 'Chrome', '127.0.0.1', NULL, NULL, NULL, NULL, '2023-12-29 23:12:08', '2023-12-29 23:12:08'),
	(8, 'GET', '[]', 'http://127.0.0.1:8000/bed', 'http://127.0.0.1:8000/', '["en-gb","en-us","en"]', 'Mozilla/5.0 (Windows NT 10.0; Win64; x64) AppleWebKit/537.36 (KHTML, like Gecko) Chrome/120.0.0.0 Safari/537.36', '{"host":["127.0.0.1:8000"],"connection":["keep-alive"],"sec-ch-ua":["\\"Not_A Brand\\";v=\\"8\\", \\"Chromium\\";v=\\"120\\", \\"Google Chrome\\";v=\\"120\\""],"sec-ch-ua-mobile":["?0"],"sec-ch-ua-platform":["\\"Windows\\""],"upgrade-insecure-requests":["1"],"user-agent":["Mozilla\\/5.0 (Windows NT 10.0; Win64; x64) AppleWebKit\\/537.36 (KHTML, like Gecko) Chrome\\/120.0.0.0 Safari\\/537.36"],"accept":["text\\/html,application\\/xhtml+xml,application\\/xml;q=0.9,image\\/avif,image\\/webp,image\\/apng,*\\/*;q=0.8,application\\/signed-exchange;v=b3;q=0.7"],"sec-fetch-site":["same-origin"],"sec-fetch-mode":["navigate"],"sec-fetch-user":["?1"],"sec-fetch-dest":["document"],"referer":["http:\\/\\/127.0.0.1:8000\\/"],"accept-encoding":["gzip, deflate, br"],"accept-language":["en-GB,en-US;q=0.9,en;q=0.8"],"cookie":["XSRF-TOKEN=eyJpdiI6InRONUZ3MTNKL0V3QzlLU0pmZjY4YWc9PSIsInZhbHVlIjoiQmFxenFwNDFINGU0RENHVEZ5RnlRWUxCVU9vaklxbXU3NEtRTE53TnBKcXd0UjdDcTlSZk5xQjlNUU11dHBjMFhTN0J0RFQvVkt5R2U3Z3pQRlNhYzJnSVdkNnl3UkJoTmJBYUdzcUJlRlQrclNzamsyWnV3bUloNjM4M1hlaWQiLCJtYWMiOiJhM2YxZGRlZDI4OWYxYjcwNmIwMDU2MWJjMmQ0NGU4OGQ4YjhlMDA5N2I4MmY0MmI4NzZhMmMwM2EyYzJjYWI4IiwidGFnIjoiIn0%3D; bagisto_session=eyJpdiI6IlJ4WkdweVJEclNXL2lwNkI1Z3Jva3c9PSIsInZhbHVlIjoiWGZ6L3NIQjF3ZUlCQk44UDU3cmdHTm5VR3FkKy9UUXJaV0dNaFh0UGI3Z2RVTk51c0k1elg3OUZFeDFuWE8wL2pkSUhhTTVJNERmRk81Q0hxRlNjQVBNMzhKQjN0bjdPMzFYeFpldm5rZEcvQ0VnZUk0VHhwZ1ppWHF1ZVh4Q00iLCJtYWMiOiI4NzgyNjA2YzI2MTllMTMxZThmODUxZGRlMGFjNGRjYTE0MzJhYTlmMjRmMTU2YzU3MTc2YTExYzdhOTEwOWU0IiwidGFnIjoiIn0%3D"]}', 'WebKit', 'Windows', 'Chrome', '127.0.0.1', 'Webkul\\Category\\Models\\Category', 2, NULL, NULL, '2023-12-29 23:14:55', '2023-12-29 23:14:55'),
	(9, 'GET', '[]', 'http://127.0.0.1', NULL, '["en-gb","en-us","en"]', 'Mozilla/5.0 (Windows NT 10.0; Win64; x64) AppleWebKit/537.36 (KHTML, like Gecko) Chrome/120.0.0.0 Safari/537.36', '{"host":["127.0.0.1"],"connection":["keep-alive"],"sec-ch-ua":["\\"Not_A Brand\\";v=\\"8\\", \\"Chromium\\";v=\\"120\\", \\"Google Chrome\\";v=\\"120\\""],"sec-ch-ua-mobile":["?0"],"sec-ch-ua-platform":["\\"Windows\\""],"upgrade-insecure-requests":["1"],"user-agent":["Mozilla\\/5.0 (Windows NT 10.0; Win64; x64) AppleWebKit\\/537.36 (KHTML, like Gecko) Chrome\\/120.0.0.0 Safari\\/537.36"],"accept":["text\\/html,application\\/xhtml+xml,application\\/xml;q=0.9,image\\/avif,image\\/webp,image\\/apng,*\\/*;q=0.8,application\\/signed-exchange;v=b3;q=0.7"],"sec-fetch-site":["none"],"sec-fetch-mode":["navigate"],"sec-fetch-user":["?1"],"sec-fetch-dest":["document"],"accept-encoding":["gzip, deflate, br"],"accept-language":["en-GB,en-US;q=0.9,en;q=0.8"],"cookie":["XSRF-TOKEN=eyJpdiI6IjZJaU0zbE9DYWtDdk9oUnZLck1JdUE9PSIsInZhbHVlIjoiMmZRMzBoK0NIeExMUGp6c1ExRER0NXd6dGNLU0dSSWRuZGV3aVBGODFHWGwyN3R2SzVSeXpFNlZnY25lRG1INlFpR1RhNmNyR0xIR1FRYmFxcG5GeVdJOFMxQ0pWcmlWZUJCdHhSRDJwWll5NU9PWksyTVZGeWVLalM2eUpVeUkiLCJtYWMiOiJmNTkxODUwYTY4NWY4OWYwNDZiMDNhZmFiYThhNWY5NDcwYjFlZTkxZWM2MDRjMDc3ZGZjNWI5OWEyNDQwYjE4IiwidGFnIjoiIn0%3D; bagisto_session=eyJpdiI6InlqT3FlakFjUjM3dFp4MUphSHNuaHc9PSIsInZhbHVlIjoiSU1OQ1dGUVRQOUZqL0VDTkMwRDF2TURaYXpyYldxTUZwcWpEUUNIcGxvTGU1MGVSTWU1cW9OQXJtWitoZkNCV2VmbkZMOC9VU1RsR0djTjVLbElkSWR5cENNQnF0Q0ZEN3Z4TnhVaWNmK1FWWURGeEZFME5pVkNvbExYV21KLzIiLCJtYWMiOiI5N2Q4MWQxMWQzMTkxODQ3OWE3NzU2MmZkZDQ2Njg1NjI1ZmNiZTg4MmYxOWRjNWU5NGMzMTI0MDUzNDcxZDY2IiwidGFnIjoiIn0%3D"]}', 'WebKit', 'Windows', 'Chrome', '127.0.0.1', NULL, NULL, NULL, NULL, '2023-12-29 23:34:04', '2023-12-29 23:34:04'),
	(10, 'GET', '[]', 'http://127.0.0.1/bed', 'http://127.0.0.1/', '["en-gb","en-us","en"]', 'Mozilla/5.0 (Windows NT 10.0; Win64; x64) AppleWebKit/537.36 (KHTML, like Gecko) Chrome/120.0.0.0 Safari/537.36', '{"host":["127.0.0.1"],"connection":["keep-alive"],"sec-ch-ua":["\\"Not_A Brand\\";v=\\"8\\", \\"Chromium\\";v=\\"120\\", \\"Google Chrome\\";v=\\"120\\""],"sec-ch-ua-mobile":["?0"],"sec-ch-ua-platform":["\\"Windows\\""],"upgrade-insecure-requests":["1"],"user-agent":["Mozilla\\/5.0 (Windows NT 10.0; Win64; x64) AppleWebKit\\/537.36 (KHTML, like Gecko) Chrome\\/120.0.0.0 Safari\\/537.36"],"accept":["text\\/html,application\\/xhtml+xml,application\\/xml;q=0.9,image\\/avif,image\\/webp,image\\/apng,*\\/*;q=0.8,application\\/signed-exchange;v=b3;q=0.7"],"sec-fetch-site":["same-origin"],"sec-fetch-mode":["navigate"],"sec-fetch-user":["?1"],"sec-fetch-dest":["document"],"referer":["http:\\/\\/127.0.0.1\\/"],"accept-encoding":["gzip, deflate, br"],"accept-language":["en-GB,en-US;q=0.9,en;q=0.8"],"cookie":["XSRF-TOKEN=eyJpdiI6Ik1tZFpCaFJvcVNUb3dTS0NGVkxiUXc9PSIsInZhbHVlIjoib2lLK0RKTUdwaW1aaDVjUTcydDlHRVZCditUSDFNM1ZnQVYzdDdjNm1LV2dkT3dUR3dpbEYvT2FpTkUvQTBDQ1I1eS90bWJ6MHZoL0cwbXhkS053cHVvSFZKcUc4WVBYWUpwR1R1QW5vcWNWN1ZScks3eTRudkRidWpYcnQ3WWIiLCJtYWMiOiJhYTViMGE0NTQyMGI0ZjlhYWM5NTcyOGViMDY4YTE2YWJlZDZiNzA5NjY1ZmIzZDYyZmNlM2Q1NWI1ODc1ZjdjIiwidGFnIjoiIn0%3D; bagisto_session=eyJpdiI6IlNvZTJFQWFBbGxubDQ4MWFHSGREVEE9PSIsInZhbHVlIjoidTF0ZmJHWFZoSnc0VDdJWmpGQzFENFRLUjRib1dZWEhPWitKYno5MzIwVnZ6QTFVTmdMRWVzN2x5L1JRQkNTTlBKbmVlSURQZUJGR1hxc2NRMmp5cnBJRmZpNmR6SGNNZ0t5Tkt4ZTE5dXN2RUY4V3ErNSs3OXdMMGpHQytMT2EiLCJtYWMiOiJiMzgyZDM4YTU4MTAzMmEyYTliNDUzOTY3ODY0ODFmNThiZTVmYjJhZTRkMjVhNjc3NWFmYzEyMmUzYmM2MDVjIiwidGFnIjoiIn0%3D"]}', 'WebKit', 'Windows', 'Chrome', '127.0.0.1', 'Webkul\\Category\\Models\\Category', 2, NULL, NULL, '2023-12-29 23:34:16', '2023-12-29 23:34:16'),
	(11, 'GET', '[]', 'http://127.0.0.1:8000/bedgear-hybrid-performance-h6-hybrid-performance-plush-mattress', 'http://127.0.0.1:8000/', '["en-gb","en-us","en"]', 'Mozilla/5.0 (Windows NT 10.0; Win64; x64) AppleWebKit/537.36 (KHTML, like Gecko) Chrome/120.0.0.0 Safari/537.36', '{"host":["127.0.0.1:8000"],"connection":["keep-alive"],"sec-ch-ua":["\\"Not_A Brand\\";v=\\"8\\", \\"Chromium\\";v=\\"120\\", \\"Google Chrome\\";v=\\"120\\""],"sec-ch-ua-mobile":["?0"],"sec-ch-ua-platform":["\\"Windows\\""],"upgrade-insecure-requests":["1"],"user-agent":["Mozilla\\/5.0 (Windows NT 10.0; Win64; x64) AppleWebKit\\/537.36 (KHTML, like Gecko) Chrome\\/120.0.0.0 Safari\\/537.36"],"accept":["text\\/html,application\\/xhtml+xml,application\\/xml;q=0.9,image\\/avif,image\\/webp,image\\/apng,*\\/*;q=0.8,application\\/signed-exchange;v=b3;q=0.7"],"sec-fetch-site":["same-origin"],"sec-fetch-mode":["navigate"],"sec-fetch-user":["?1"],"sec-fetch-dest":["document"],"referer":["http:\\/\\/127.0.0.1:8000\\/"],"accept-encoding":["gzip, deflate, br"],"accept-language":["en-GB,en-US;q=0.9,en;q=0.8"],"cookie":["sidebar_collapsed=0; XSRF-TOKEN=eyJpdiI6IktuaWxtUVJVOUM5NFU0dmJzODdFRXc9PSIsInZhbHVlIjoid3JKRmZHNjB3dWlRTW5WRUg2Y2JtalFkL0ZVRG44QXdUWDBLYmFIdS9rNjh4SjlxYWtVbWxXRXJXVW42UUNkNEZsR0ExUjArK1NrYWtUK2xkNmtlUU1MU3BGaXFxL0t1bTNSTUc4c1BaWXdha3V1aVRDdVAyUjlTakVnV2R1OU4iLCJtYWMiOiIxMGU0ZGIzMDVjNjQ3ZjE4MWI5Yzg3ZGRlZmU4ZDNmNmUyOTg1ZTc3MjUyYzk2MDJkMWNhNWIwM2RkODlkNDMyIiwidGFnIjoiIn0%3D; bagisto_session=eyJpdiI6IkZNRmI1QVhobkJVM3FiTDArbklFUXc9PSIsInZhbHVlIjoibk1zUENTajNrTjJaNkMrSWNNdWVyV0lIc2UraTdoTGRCWGMyeXBSV21FMnVlRXUyUW9YZTIrZGxSSFJuSTlzMVZySjlockpFeVJPV2gxalNybmhjVTJiN1hSM0kvQ1o2bU5VK1dheG9QNVhuMU5Ld1Q4M3lKYmJ4ekNuY3VpZjEiLCJtYWMiOiIzMWExZThjMjk1ZTJiZmRhNTAxMDJjNDQ5ODlkMzEzM2NiYzkwYTQ2MGZkOWQyOWY1YzA4NDBmZDBjNWY0ZmU0IiwidGFnIjoiIn0%3D"]}', 'WebKit', 'Windows', 'Chrome', '127.0.0.1', 'Webkul\\Product\\Models\\Product', 24, NULL, NULL, '2023-12-30 01:46:16', '2023-12-30 01:46:16'),
	(12, 'GET', '[]', 'http://127.0.0.1:8000/pillow', 'http://127.0.0.1:8000/bedgear-hybrid-performance-h6-hybrid-performance-plush-mattress', '["en-gb","en-us","en"]', 'Mozilla/5.0 (Windows NT 10.0; Win64; x64) AppleWebKit/537.36 (KHTML, like Gecko) Chrome/120.0.0.0 Safari/537.36', '{"host":["127.0.0.1:8000"],"connection":["keep-alive"],"sec-ch-ua":["\\"Not_A Brand\\";v=\\"8\\", \\"Chromium\\";v=\\"120\\", \\"Google Chrome\\";v=\\"120\\""],"sec-ch-ua-mobile":["?0"],"sec-ch-ua-platform":["\\"Windows\\""],"upgrade-insecure-requests":["1"],"user-agent":["Mozilla\\/5.0 (Windows NT 10.0; Win64; x64) AppleWebKit\\/537.36 (KHTML, like Gecko) Chrome\\/120.0.0.0 Safari\\/537.36"],"accept":["text\\/html,application\\/xhtml+xml,application\\/xml;q=0.9,image\\/avif,image\\/webp,image\\/apng,*\\/*;q=0.8,application\\/signed-exchange;v=b3;q=0.7"],"sec-fetch-site":["same-origin"],"sec-fetch-mode":["navigate"],"sec-fetch-user":["?1"],"sec-fetch-dest":["document"],"referer":["http:\\/\\/127.0.0.1:8000\\/bedgear-hybrid-performance-h6-hybrid-performance-plush-mattress"],"accept-encoding":["gzip, deflate, br"],"accept-language":["en-GB,en-US;q=0.9,en;q=0.8"],"cookie":["sidebar_collapsed=0; XSRF-TOKEN=eyJpdiI6ImdHMTJnL0VRQ1FqdFBMSDBYeUhuUkE9PSIsInZhbHVlIjoiVjJZOGd5Y1l3VWJlMXh0cUxrUzVtWnVjRyt2U1RrbzYwQVBkSFM3K1J2SzVicGdyNVlqM21iMDZGb21qQ1dRSjBVMktxZkxkdzUxQjdXWjNmUkhkcFZYaXpYdnJpUC9tbEx2MHBabFJrelJWc0pkL0YrNzJKSmZpSFJPaSszSTkiLCJtYWMiOiJhOGEwNDJlOGZjYWM1MWNhZDUzN2Q1MWE5MDQ5MDVlMzViOTU4YWU2OWNhMDJmYWMxOTAzYTlmYTMyY2QxOTYwIiwidGFnIjoiIn0%3D; bagisto_session=eyJpdiI6IlZEZkpOM0dCd1FpYllqK05lQzBSa1E9PSIsInZhbHVlIjoiWU8wUVhtSHVnSkcxTG04N3c4U0F2UWZpNHdNdG9uVUg5VFhncEd0cjdtakVjN0hDQ0VvODlBdFBhc3B0RW5pb0gxcFRUU2liamMwTlpVUHloeU1pV3lyd0hpbnNINGk0Q3RBZngwanBuOG9tbjBrWGxSaEMyZEpBUUNFSGFaZ0ciLCJtYWMiOiIxM2ZhZGFkY2M2N2RlZTMwNDg4NDlhYWZjNTJjNjE0MGRkZDU2YzNhMmY1OTU1MTFkY2RiYmFiMWMxYjQ0ZTdhIiwidGFnIjoiIn0%3D"]}', 'WebKit', 'Windows', 'Chrome', '127.0.0.1', 'Webkul\\Category\\Models\\Category', 3, NULL, NULL, '2023-12-30 13:02:18', '2023-12-30 13:02:18'),
	(13, 'GET', '[]', 'http://127.0.0.1:8000/hoceine-el-idrissi', 'http://127.0.0.1:8000/', '["en-gb","en-us","en"]', 'Mozilla/5.0 (Windows NT 10.0; Win64; x64) AppleWebKit/537.36 (KHTML, like Gecko) Chrome/120.0.0.0 Safari/537.36', '{"host":["127.0.0.1:8000"],"connection":["keep-alive"],"sec-ch-ua":["\\"Not_A Brand\\";v=\\"8\\", \\"Chromium\\";v=\\"120\\", \\"Google Chrome\\";v=\\"120\\""],"sec-ch-ua-mobile":["?0"],"sec-ch-ua-platform":["\\"Windows\\""],"upgrade-insecure-requests":["1"],"user-agent":["Mozilla\\/5.0 (Windows NT 10.0; Win64; x64) AppleWebKit\\/537.36 (KHTML, like Gecko) Chrome\\/120.0.0.0 Safari\\/537.36"],"accept":["text\\/html,application\\/xhtml+xml,application\\/xml;q=0.9,image\\/avif,image\\/webp,image\\/apng,*\\/*;q=0.8,application\\/signed-exchange;v=b3;q=0.7"],"sec-fetch-site":["same-origin"],"sec-fetch-mode":["navigate"],"sec-fetch-user":["?1"],"sec-fetch-dest":["document"],"referer":["http:\\/\\/127.0.0.1:8000\\/"],"accept-encoding":["gzip, deflate, br"],"accept-language":["en-GB,en-US;q=0.9,en;q=0.8"],"cookie":["sidebar_collapsed=0; XSRF-TOKEN=eyJpdiI6IkhKQWNJYUJBV1U5TEtvTkhOMWtZZFE9PSIsInZhbHVlIjoiNzlTUCsyL3NWMWkvN2V1NHgxM2JpSEdNOTY3WXpBeGJ1Znh3azFHOVB5YklkR2s1RHlWMTA3b3NsaVRjT0hZajBrS0ZtWEZTY05Ra0VxT2FITUZpcllxK3p5Y2VtZmRhYi9aTGNUeHl6aCtwM3c4Snc0d0REQ3N2VHVVWVlSYWMiLCJtYWMiOiIzMGMwYTNjNGUxNWJhZmNjNzBjM2MzMDlhZTVmNTZhYzc0OTk3M2FhYjRlMDI5OGQ1ZjAxODkxMmYwNzQ1ZTI0IiwidGFnIjoiIn0%3D; bagisto_session=eyJpdiI6IjRobHdvQ0ZqRktNdk9ETDk3NERTbXc9PSIsInZhbHVlIjoicFFpejRPdkhtSFZtWDVmUGN5SXZFc2lHaHNaZXFQcFNZYTloYmxoek5uYkp0MWQ2WWpVcEpheTFTaFdTRWg3RURtS2J0djJHUWZ2TlVBOEo3c25vdk5EVW5sbkpneHVYWEMxZVIyZlVHa0xuVlQxa1hJUjVrV0VuYkxIajFqWHAiLCJtYWMiOiIwOTdlNThjYTc1MjhjZDIwOGU2MzhkMGQ0YmFhMDk0Yjg3ZDVjNDc2YTJjMzRlNTY1OGI2YTA3NzQ1NzQ0MDlmIiwidGFnIjoiIn0%3D"]}', 'WebKit', 'Windows', 'Chrome', '127.0.0.1', 'Webkul\\Product\\Models\\Product', 28, NULL, NULL, '2023-12-30 14:53:15', '2023-12-30 14:53:15'),
	(14, 'GET', '[]', 'http://127.0.0.1:8000/paul-atkins', 'http://127.0.0.1:8000/pillow?sort=created_at-desc&limit=12&mode=grid', '["en-gb","en-us","en"]', 'Mozilla/5.0 (Windows NT 10.0; Win64; x64) AppleWebKit/537.36 (KHTML, like Gecko) Chrome/120.0.0.0 Safari/537.36', '{"host":["127.0.0.1:8000"],"connection":["keep-alive"],"sec-ch-ua":["\\"Not_A Brand\\";v=\\"8\\", \\"Chromium\\";v=\\"120\\", \\"Google Chrome\\";v=\\"120\\""],"sec-ch-ua-mobile":["?0"],"sec-ch-ua-platform":["\\"Windows\\""],"upgrade-insecure-requests":["1"],"user-agent":["Mozilla\\/5.0 (Windows NT 10.0; Win64; x64) AppleWebKit\\/537.36 (KHTML, like Gecko) Chrome\\/120.0.0.0 Safari\\/537.36"],"accept":["text\\/html,application\\/xhtml+xml,application\\/xml;q=0.9,image\\/avif,image\\/webp,image\\/apng,*\\/*;q=0.8,application\\/signed-exchange;v=b3;q=0.7"],"sec-fetch-site":["same-origin"],"sec-fetch-mode":["navigate"],"sec-fetch-user":["?1"],"sec-fetch-dest":["document"],"referer":["http:\\/\\/127.0.0.1:8000\\/pillow?sort=created_at-desc&limit=12&mode=grid"],"accept-encoding":["gzip, deflate, br"],"accept-language":["en-GB,en-US;q=0.9,en;q=0.8"],"cookie":["sidebar_collapsed=0; XSRF-TOKEN=eyJpdiI6IitLcHJiNWxvb0RYejFmaWVXbEZPZWc9PSIsInZhbHVlIjoiSHFld00wbFY3cGcxR1JTbkFFOUFPRDdESUF6alZuN0xXMnpobkpEczhHRDNWOXN4R0UxM0NMTkNNbFRKRmJEWkxMcldGc0lKZFhuR3dDdGg0ajBISTFNSEJOMFNzTFNuU3cvaU5qbjI3L2N5OEFGbnROYWNUZXltdXhaZjVNenQiLCJtYWMiOiJkOGY0NTNkYjlmMTUxNjlkNzMyNzBjODgyODdmNzExOTE4OGMzMzExYWM5YjlkYTcyZTI5ZTZlNmQ2OGZiMjAyIiwidGFnIjoiIn0%3D; bagisto_session=eyJpdiI6Ik1aWkhKSDZYbStIWW9pYlFoK2QxZmc9PSIsInZhbHVlIjoiaENiOEpIdU56a2JSZkhrUHpIbDAzRTFWanl0SlNLZVZsNVh2UDVWV2xOR2ZKWElwdnZwbmlCTEFvT1hnelFqNytsaFl5TGd2SDk5NmZNSlJJQTFCTjliVElVc1NqU0FyOFQvL3lxdDNOeEQyTjBVRTFBNlJUL3UybFl1YklFMXYiLCJtYWMiOiI1ZWQ2MTJiMTIxMjY3ZWUyYzBmZDIzNDUyNjVjNWE4NTdlMTk2ZTZkNjQ1NmMyYjMxYWJiNjFhOGZkYTMwY2I2IiwidGFnIjoiIn0%3D"]}', 'WebKit', 'Windows', 'Chrome', '127.0.0.1', 'Webkul\\Product\\Models\\Product', 23, NULL, NULL, '2023-12-30 15:22:09', '2023-12-30 15:22:09'),
	(15, 'GET', '[]', 'http://127.0.0.1:8000/vendor/webkul/ui/assets/fonts/Hind/Hind-Regular.ttf', NULL, '[]', 'Dompdf/2.0.3 https://github.com/dompdf/dompdf', '{"host":["127.0.0.1:8000"],"connection":["close"],"user-agent":["Dompdf\\/2.0.3 https:\\/\\/github.com\\/dompdf\\/dompdf"]}', '', '', '', '127.0.0.1', NULL, NULL, NULL, NULL, '2023-12-30 16:40:13', '2023-12-30 16:40:13'),
	(16, 'GET', '[]', 'http://127.0.0.1:8000/configurable-product', 'http://127.0.0.1:8000/bed?sort=created_at-desc&limit=12&mode=grid', '["en-gb","en-us","en"]', 'Mozilla/5.0 (Windows NT 10.0; Win64; x64) AppleWebKit/537.36 (KHTML, like Gecko) Chrome/120.0.0.0 Safari/537.36', '{"host":["127.0.0.1:8000"],"connection":["keep-alive"],"sec-ch-ua":["\\"Not_A Brand\\";v=\\"8\\", \\"Chromium\\";v=\\"120\\", \\"Google Chrome\\";v=\\"120\\""],"sec-ch-ua-mobile":["?0"],"sec-ch-ua-platform":["\\"Windows\\""],"upgrade-insecure-requests":["1"],"user-agent":["Mozilla\\/5.0 (Windows NT 10.0; Win64; x64) AppleWebKit\\/537.36 (KHTML, like Gecko) Chrome\\/120.0.0.0 Safari\\/537.36"],"accept":["text\\/html,application\\/xhtml+xml,application\\/xml;q=0.9,image\\/avif,image\\/webp,image\\/apng,*\\/*;q=0.8,application\\/signed-exchange;v=b3;q=0.7"],"sec-fetch-site":["same-origin"],"sec-fetch-mode":["navigate"],"sec-fetch-user":["?1"],"sec-fetch-dest":["document"],"referer":["http:\\/\\/127.0.0.1:8000\\/bed?sort=created_at-desc&limit=12&mode=grid"],"accept-encoding":["gzip, deflate, br"],"accept-language":["en-GB,en-US;q=0.9,en;q=0.8"],"cookie":["sidebar_collapsed=0; dark_mode=0; XSRF-TOKEN=eyJpdiI6IkdHZlZDNFBCM3FZeW5KbG1QbGtCUHc9PSIsInZhbHVlIjoiNGVzRzByTHJ6ZXpwYVJCR2VsbGd6aGpFVGZ0ZC9RdzRlcmVyT3YzSmkrWW9RNHNyVTBtT3o4OTROV1VBdnBWcHYrenJLUDMwSUUrMldJME4xaDRjN0hXNW1aNkV0ditEdDNMOTJaNnE4bG4wZ2p6U3VQTmx1TVd5TE5hRGFERmsiLCJtYWMiOiJmYjU3NTgwOWViMDJmYzUzYTY0ZmY4ZDBmNThkMzgzOGFmNDEwYTI3NzhkNGY3YTVjMGYzMTU4NTZhNzgwOTg4IiwidGFnIjoiIn0%3D; bagisto_session=eyJpdiI6InJ2OE1xSnVINjZrOWZpc1hDcXdxTWc9PSIsInZhbHVlIjoiRzA5dFdnL3QrRkI4L1l5ZDlKVytsRVM0VXpuKzRBbmU2aGgrcm5YSzZNNm4zRWxtRy9GVHZDbmhKcjJLOFNUYTVVTkh5eWh4MC9wdkhUMXplZStUTFNiWC9PcHo0MjBQbnZ4d1NTU2xHdWUzM2tUTUJTdnZTTGF4akVNZUpPVUUiLCJtYWMiOiIxZWQxYzEwMDRlMTdlNmNhMDdmNjVmNDMzMTU0ZmZiYWE1ODg3YmQxNjRhNmU2MGMyZmQzZWM5ODZjYWYwZTczIiwidGFnIjoiIn0%3D"]}', 'WebKit', 'Windows', 'Chrome', '127.0.0.1', 'Webkul\\Product\\Models\\Product', 38, NULL, NULL, '2023-12-30 19:06:56', '2023-12-30 19:06:56'),
	(17, 'GET', '[]', 'http://127.0.0.1:8000', 'http://127.0.0.1:8000/bedgear-hybrid-performance-h6-hybrid-performance-plush-mattress?locale=en', '["en-gb","en-us","en"]', 'Mozilla/5.0 (Windows NT 10.0; Win64; x64) AppleWebKit/537.36 (KHTML, like Gecko) Chrome/120.0.0.0 Safari/537.36', '{"host":["127.0.0.1:8000"],"connection":["keep-alive"],"cache-control":["max-age=0"],"sec-ch-ua":["\\"Not_A Brand\\";v=\\"8\\", \\"Chromium\\";v=\\"120\\", \\"Google Chrome\\";v=\\"120\\""],"sec-ch-ua-mobile":["?0"],"sec-ch-ua-platform":["\\"Windows\\""],"upgrade-insecure-requests":["1"],"user-agent":["Mozilla\\/5.0 (Windows NT 10.0; Win64; x64) AppleWebKit\\/537.36 (KHTML, like Gecko) Chrome\\/120.0.0.0 Safari\\/537.36"],"accept":["text\\/html,application\\/xhtml+xml,application\\/xml;q=0.9,image\\/avif,image\\/webp,image\\/apng,*\\/*;q=0.8,application\\/signed-exchange;v=b3;q=0.7"],"sec-fetch-site":["same-origin"],"sec-fetch-mode":["navigate"],"sec-fetch-user":["?1"],"sec-fetch-dest":["document"],"referer":["http:\\/\\/127.0.0.1:8000\\/bedgear-hybrid-performance-h6-hybrid-performance-plush-mattress?locale=en"],"accept-encoding":["gzip, deflate, br"],"accept-language":["en-GB,en-US;q=0.9,en;q=0.8"],"cookie":["sidebar_collapsed=0; dark_mode=0; XSRF-TOKEN=eyJpdiI6ImZZRVZzcDhoc0RlcVdQd3VWekNRTFE9PSIsInZhbHVlIjoiTVBBazFaeFRsbW5zWDB5bWRHNVBYamxhVVpOUGRYSTdQWGlFc1V2VHM1b0pqOFlWeERhM052QzJhMmlHRU03QkNoc216VjFhbStIT1l6dnhqV2JtWi9GTkIzL005eVlKUldZZmZmM080N3gzaUZEbHRMemlDZ3J1REthK25sRHEiLCJtYWMiOiI2NjdhOTFmOTlkMzllMjVlNDFhZmQ3ZTk5M2E5ZDgyMTkxNDhmZDliNzg0OTg5MGM5ZmVmN2MyNzFiNWYzNTI0IiwidGFnIjoiIn0%3D; bagisto_session=eyJpdiI6ImJYb3MvK2FxaVAyL3FLMnp4TEdmWWc9PSIsInZhbHVlIjoiakpYR3lXSXRsdlMwdHZNNGxvaDRUZncyNmpPSjhXaVpNN0dqaG16dkhFS0dkbzRrWjVyYnJoenNlN3ZvWm9hZ3hZYjhCeS9xbjZLNVQ1ckpFNXY4QzM2WjExRFZ2aW1xOCt0TlFpRk4wMlVadlE2MWlTQ01aT3dFRHI2WG4rNTUiLCJtYWMiOiIxODYxZTdiMWZkZTAzZmU4NGExNGU0Y2JlMTI3MTg2NjM2YmI0MDk1NWM5MjVmMzNkYzFmNGRhM2EyZmUzZGY3IiwidGFnIjoiIn0%3D"]}', 'WebKit', 'Windows', 'Chrome', '127.0.0.1', NULL, NULL, NULL, NULL, '2024-01-01 00:52:38', '2024-01-01 00:52:38'),
	(18, 'GET', '[]', 'http://127.0.0.1:8000/bedgear-hybrid-performance-h6-hybrid-performance-plush-mattress', 'http://127.0.0.1:8000/', '["en-gb","en-us","en"]', 'Mozilla/5.0 (Windows NT 10.0; Win64; x64) AppleWebKit/537.36 (KHTML, like Gecko) Chrome/120.0.0.0 Safari/537.36', '{"host":["127.0.0.1:8000"],"connection":["keep-alive"],"sec-ch-ua":["\\"Not_A Brand\\";v=\\"8\\", \\"Chromium\\";v=\\"120\\", \\"Google Chrome\\";v=\\"120\\""],"sec-ch-ua-mobile":["?0"],"sec-ch-ua-platform":["\\"Windows\\""],"upgrade-insecure-requests":["1"],"user-agent":["Mozilla\\/5.0 (Windows NT 10.0; Win64; x64) AppleWebKit\\/537.36 (KHTML, like Gecko) Chrome\\/120.0.0.0 Safari\\/537.36"],"accept":["text\\/html,application\\/xhtml+xml,application\\/xml;q=0.9,image\\/avif,image\\/webp,image\\/apng,*\\/*;q=0.8,application\\/signed-exchange;v=b3;q=0.7"],"sec-fetch-site":["same-origin"],"sec-fetch-mode":["navigate"],"sec-fetch-user":["?1"],"sec-fetch-dest":["document"],"referer":["http:\\/\\/127.0.0.1:8000\\/"],"accept-encoding":["gzip, deflate, br"],"accept-language":["en-GB,en-US;q=0.9,en;q=0.8"],"cookie":["sidebar_collapsed=0; dark_mode=0; XSRF-TOKEN=eyJpdiI6IkVBMVdZbnEwVE5ORERQNnkyTTJtZVE9PSIsInZhbHVlIjoia1E0dHgvTzdrTTZnWU9MbUR1UHdaVC9udWkrS3licUNOWUpBamx6ODB0MHNBbHJnaTVlTi9wSlpEYUlYNm5tRlVneFZFSGhIOWo5aW1PU1hFSWMzQ2VYUGtKMk9QRVVpYWl4eHdhMlBicWp3MmZJZzdYSmtCVFNvVXlVZ1hBaGkiLCJtYWMiOiIwY2VlYWVmMmQ1Y2JmOWViZjA3NmIwNzVmNjBhZWNhNWQ2ZmE4MGFjMzI4OThlYzhlZDhlNmJlYjgzNDEwZGMxIiwidGFnIjoiIn0%3D; bagisto_session=eyJpdiI6Im92ek82MnpsWkpVbmdnL0NYenNabGc9PSIsInZhbHVlIjoiZnFXL2lhWmdEcUJPTmxQakVlN0JLMXE3eGxGdkQ0ampWOHpKb2lCWmg3UmpDcFd5bTlRV1NtSXNHK01ma3FZYVhNNzlURndHeVhKNG9RY3IyNW1WLzJYTDJ3Sk9oRVZQRi9ZWmp0aGYvWlp5L1kxdnNIOHMvMjdNQlBYQlArcXciLCJtYWMiOiI2ZTJjNzU0NTNmNWM5ZjIyN2NjZDU2MmYzMWM5ZGYxM2NmOWVhMWI2ODI1OTg4MzQxNDE5MTU4YTIwOWI0MjRkIiwidGFnIjoiIn0%3D"]}', 'WebKit', 'Windows', 'Chrome', '127.0.0.1', 'Webkul\\Product\\Models\\Product', 24, NULL, NULL, '2024-01-01 00:52:52', '2024-01-01 00:52:52'),
	(19, 'GET', '[]', 'http://127.0.0.1:8000/bed', 'http://127.0.0.1:8000/', '["en-gb","en-us","en"]', 'Mozilla/5.0 (Windows NT 10.0; Win64; x64) AppleWebKit/537.36 (KHTML, like Gecko) Chrome/120.0.0.0 Safari/537.36', '{"host":["127.0.0.1:8000"],"connection":["keep-alive"],"sec-ch-ua":["\\"Not_A Brand\\";v=\\"8\\", \\"Chromium\\";v=\\"120\\", \\"Google Chrome\\";v=\\"120\\""],"sec-ch-ua-mobile":["?0"],"sec-ch-ua-platform":["\\"Windows\\""],"upgrade-insecure-requests":["1"],"user-agent":["Mozilla\\/5.0 (Windows NT 10.0; Win64; x64) AppleWebKit\\/537.36 (KHTML, like Gecko) Chrome\\/120.0.0.0 Safari\\/537.36"],"accept":["text\\/html,application\\/xhtml+xml,application\\/xml;q=0.9,image\\/avif,image\\/webp,image\\/apng,*\\/*;q=0.8,application\\/signed-exchange;v=b3;q=0.7"],"sec-fetch-site":["same-origin"],"sec-fetch-mode":["navigate"],"sec-fetch-user":["?1"],"sec-fetch-dest":["document"],"referer":["http:\\/\\/127.0.0.1:8000\\/"],"accept-encoding":["gzip, deflate, br"],"accept-language":["en-GB,en-US;q=0.9,en;q=0.8"],"cookie":["sidebar_collapsed=0; dark_mode=0; XSRF-TOKEN=eyJpdiI6IkQvUzVyZnhQWkV0K3NIWUZTanM1TkE9PSIsInZhbHVlIjoidCsram43cTVPa1dQa01FcXFYSnZ6TjRDOVJvWmdKSUVmVURWNTJKRS9iN05LUGgzWWVyc1Zzak91aC9OaHdGbllKOXRJRXJBWjBBbmZ6YXlWZDd5Qk55N3R1RHl4RXorc2tqVGRLblQ5VEtaRnVBUWh2VW1TNXRzcTF4NkVTb3MiLCJtYWMiOiJlOGViOWQ0YWVjYjMxZjMyZTNlMjdhOWU4MDFkMDI2OGYxNzBmNjQ0NzZlYzA0YWViYzc2NWU0YThmZmY4ZDBiIiwidGFnIjoiIn0%3D; bagisto_session=eyJpdiI6Ik9IcEZSdFBxVlozaW5YVDhRZEF5Mnc9PSIsInZhbHVlIjoiKzhQbE03ZDduL0FEZ0pod0dmRXNwTnNyZzA3Smw0K1MrOXQ0dXFzUDI3a1hCSm5FVGhwNWNjUDNwTk5TZHp6a2phYk9oSVI4NVBSTU1PWVhmbEthM3k3cVNyanZXbjk1WUtBMlRWVVQxUjlMMEtQWnRCa0tVNk9HcE1pUTc1SHUiLCJtYWMiOiJlYWQzYWJiNWRjYmY1N2E3NDQxNTU0YTNiYWIxMWJiMzE5NjZhYjM3NGVlYmRiN2VlY2FlMjY2MzE3ZWFmOTAzIiwidGFnIjoiIn0%3D"]}', 'WebKit', 'Windows', 'Chrome', '127.0.0.1', 'Webkul\\Category\\Models\\Category', 2, NULL, NULL, '2024-01-01 00:53:20', '2024-01-01 00:53:20'),
	(20, 'GET', '[]', 'http://127.0.0.1:8000/configurable-product', 'http://127.0.0.1:8000/bed?sort=created_at-desc&limit=12&mode=grid', '["en-gb","en-us","en"]', 'Mozilla/5.0 (Windows NT 10.0; Win64; x64) AppleWebKit/537.36 (KHTML, like Gecko) Chrome/120.0.0.0 Safari/537.36', '{"host":["127.0.0.1:8000"],"connection":["keep-alive"],"sec-ch-ua":["\\"Not_A Brand\\";v=\\"8\\", \\"Chromium\\";v=\\"120\\", \\"Google Chrome\\";v=\\"120\\""],"sec-ch-ua-mobile":["?0"],"sec-ch-ua-platform":["\\"Windows\\""],"upgrade-insecure-requests":["1"],"user-agent":["Mozilla\\/5.0 (Windows NT 10.0; Win64; x64) AppleWebKit\\/537.36 (KHTML, like Gecko) Chrome\\/120.0.0.0 Safari\\/537.36"],"accept":["text\\/html,application\\/xhtml+xml,application\\/xml;q=0.9,image\\/avif,image\\/webp,image\\/apng,*\\/*;q=0.8,application\\/signed-exchange;v=b3;q=0.7"],"sec-fetch-site":["same-origin"],"sec-fetch-mode":["navigate"],"sec-fetch-user":["?1"],"sec-fetch-dest":["document"],"referer":["http:\\/\\/127.0.0.1:8000\\/bed?sort=created_at-desc&limit=12&mode=grid"],"accept-encoding":["gzip, deflate, br"],"accept-language":["en-GB,en-US;q=0.9,en;q=0.8"],"cookie":["sidebar_collapsed=0; dark_mode=0; XSRF-TOKEN=eyJpdiI6IlhMSTEyVmpFVHVVT1VRM1JYbFFqeWc9PSIsInZhbHVlIjoiV3B5eC9DWjR2K3BEV1JaVFpZVm1vMktUcld5bXFJRU1zS3kwOUZHemlHRzROaDlOdDd4OXhubUs2RXhlNHh2WWY4ajdjYmNtRWh2YUMxQk9ES1JhWE1SeTVUOGgyMDFGNVlSelZEY0pUQ0tqa1Z3azlrb1dFaUJFVkFuNFpoc0UiLCJtYWMiOiI1MjgyNmM2N2ZlMzE5ZTk4YTQxYmIxMmVhNTVkNjhkNTlmNzdiYTZkYzQ5NzgxM2NlYmEyOTdjMmViNjY3NjFhIiwidGFnIjoiIn0%3D; bagisto_session=eyJpdiI6InAyeDdwdHBBNjR0WlJvcnVTcm9ISHc9PSIsInZhbHVlIjoiNTFHblBEMlQxbXVvNTdTRlZ0dTFNTUV1OWUzQ3hwQ3hWVGlTTWRXNkM5UDlTMjJMN29mSTBweE5Cdk5hbEVqQ1RncmJJQUc0NVNVcjZZVGJLNjJEYUtMSThqV3hPT3BIQWdzcEVPWDlYem9NV1JUVlA3TS9WV2xFLzNXa2IxWU8iLCJtYWMiOiIxNzE2NjNjYzI5NzUzZGJmZWI4OGZkNzU0ZDk5ZTE3ZjQzNDZmODE5NTJhZDU2MzNjNzVhNWE2NjE3YmVlMjUxIiwidGFnIjoiIn0%3D"]}', 'WebKit', 'Windows', 'Chrome', '127.0.0.1', 'Webkul\\Product\\Models\\Product', 47, NULL, NULL, '2024-01-01 00:53:27', '2024-01-01 00:53:27'),
	(21, 'GET', '[]', 'http://127.0.0.1:8000/vendor/webkul/ui/assets/fonts/Hind/Hind-Regular.ttf', NULL, '[]', 'Dompdf/2.0.4 https://github.com/dompdf/dompdf', '{"host":["127.0.0.1:8000"],"connection":["close"],"user-agent":["Dompdf\\/2.0.4 https:\\/\\/github.com\\/dompdf\\/dompdf"]}', '', '', '', '127.0.0.1', NULL, NULL, NULL, NULL, '2024-01-01 01:01:13', '2024-01-01 01:01:13'),
	(22, 'GET', '[]', 'http://127.0.0.1:8000/vendor/webkul/ui/assets/fonts/Noto/NotoSans-Regular.ttf', NULL, '[]', 'Dompdf/2.0.4 https://github.com/dompdf/dompdf', '{"host":["127.0.0.1:8000"],"connection":["close"],"user-agent":["Dompdf\\/2.0.4 https:\\/\\/github.com\\/dompdf\\/dompdf"]}', '', '', '', '127.0.0.1', NULL, NULL, NULL, NULL, '2024-01-01 01:01:15', '2024-01-01 01:01:15'),
	(23, 'GET', '[]', 'http://c2a2-41-250-188-45.ngrok-free.app', NULL, '["en-gb","en-us","en"]', 'Mozilla/5.0 (Windows NT 10.0; Win64; x64) AppleWebKit/537.36 (KHTML, like Gecko) Chrome/120.0.0.0 Safari/537.36', '{"host":["c2a2-41-250-188-45.ngrok-free.app"],"user-agent":["Mozilla\\/5.0 (Windows NT 10.0; Win64; x64) AppleWebKit\\/537.36 (KHTML, like Gecko) Chrome\\/120.0.0.0 Safari\\/537.36"],"accept":["text\\/html,application\\/xhtml+xml,application\\/xml;q=0.9,image\\/avif,image\\/webp,image\\/apng,*\\/*;q=0.8,application\\/signed-exchange;v=b3;q=0.7"],"accept-encoding":["gzip, deflate, br"],"accept-language":["en-GB,en-US;q=0.9,en;q=0.8"],"cache-control":["max-age=0"],"cookie":["abuse_interstitial=c2a2-41-250-188-45.ngrok-free.app"],"sec-ch-ua":["\\"Not_A Brand\\";v=\\"8\\", \\"Chromium\\";v=\\"120\\", \\"Google Chrome\\";v=\\"120\\""],"sec-ch-ua-mobile":["?0"],"sec-ch-ua-platform":["\\"Windows\\""],"sec-fetch-dest":["document"],"sec-fetch-mode":["navigate"],"sec-fetch-site":["same-origin"],"sec-fetch-user":["?1"],"upgrade-insecure-requests":["1"],"x-forwarded-for":["41.250.188.45"],"x-forwarded-host":["c2a2-41-250-188-45.ngrok-free.app"],"x-forwarded-proto":["https"]}', 'WebKit', 'Windows', 'Chrome', '127.0.0.1', NULL, NULL, NULL, NULL, '2024-01-01 01:20:26', '2024-01-01 01:20:26'),
	(24, 'GET', '[]', 'http://2234-41-250-188-45.ngrok-free.app', NULL, '["en-gb","en-us","en"]', 'Mozilla/5.0 (Windows NT 10.0; Win64; x64) AppleWebKit/537.36 (KHTML, like Gecko) Chrome/120.0.0.0 Safari/537.36', '{"host":["2234-41-250-188-45.ngrok-free.app"],"user-agent":["Mozilla\\/5.0 (Windows NT 10.0; Win64; x64) AppleWebKit\\/537.36 (KHTML, like Gecko) Chrome\\/120.0.0.0 Safari\\/537.36"],"accept":["text\\/html,application\\/xhtml+xml,application\\/xml;q=0.9,image\\/avif,image\\/webp,image\\/apng,*\\/*;q=0.8,application\\/signed-exchange;v=b3;q=0.7"],"accept-encoding":["gzip, deflate, br"],"accept-language":["en-GB,en-US;q=0.9,en;q=0.8"],"cache-control":["max-age=0"],"cookie":["abuse_interstitial=2234-41-250-188-45.ngrok-free.app"],"sec-ch-ua":["\\"Not_A Brand\\";v=\\"8\\", \\"Chromium\\";v=\\"120\\", \\"Google Chrome\\";v=\\"120\\""],"sec-ch-ua-mobile":["?0"],"sec-ch-ua-platform":["\\"Windows\\""],"sec-fetch-dest":["document"],"sec-fetch-mode":["navigate"],"sec-fetch-site":["same-origin"],"sec-fetch-user":["?1"],"upgrade-insecure-requests":["1"],"x-forwarded-for":["41.250.188.45"],"x-forwarded-host":["2234-41-250-188-45.ngrok-free.app"],"x-forwarded-proto":["https"]}', 'WebKit', 'Windows', 'Chrome', '127.0.0.1', NULL, NULL, NULL, NULL, '2024-01-01 01:52:06', '2024-01-01 01:52:06'),
	(25, 'GET', '[]', 'http://localhost:8000', NULL, '[]', 'GuzzleHttp/7', '{"connection":["close"],"host":["localhost:8000"],"user-agent":["GuzzleHttp\\/7"],"x-forwarded-for":["165.227.153.27"],"x-forwarded-proto":["https"],"accept-encoding":["gzip"],"x-expose-request-id":["6591e47db5c64"],"upgrade-insecure-requests":["1"],"x-exposed-by":["Expose 2.6.2"],"x-original-host":["3jtre1a7wb.sharedwithexpose.com"],"x-forwarded-host":["3jtre1a7wb.sharedwithexpose.com"]}', '', '', '', '127.0.0.1', NULL, NULL, NULL, NULL, '2024-01-01 02:27:21', '2024-01-01 02:27:21'),
	(26, 'GET', '[]', 'http://127.0.0.1:8000/storage/theme/1/2.webp', 'http://127.0.0.1:8000/', '["en-gb","en-us","en"]', 'Mozilla/5.0 (Windows NT 10.0; Win64; x64) AppleWebKit/537.36 (KHTML, like Gecko) Chrome/120.0.0.0 Safari/537.36', '{"host":["127.0.0.1:8000"],"connection":["keep-alive"],"pragma":["no-cache"],"cache-control":["no-cache"],"sec-ch-ua":["\\"Not_A Brand\\";v=\\"8\\", \\"Chromium\\";v=\\"120\\", \\"Google Chrome\\";v=\\"120\\""],"sec-ch-ua-mobile":["?0"],"user-agent":["Mozilla\\/5.0 (Windows NT 10.0; Win64; x64) AppleWebKit\\/537.36 (KHTML, like Gecko) Chrome\\/120.0.0.0 Safari\\/537.36"],"sec-ch-ua-platform":["\\"Windows\\""],"accept":["image\\/avif,image\\/webp,image\\/apng,image\\/svg+xml,image\\/*,*\\/*;q=0.8"],"sec-fetch-site":["same-origin"],"sec-fetch-mode":["no-cors"],"sec-fetch-dest":["image"],"referer":["http:\\/\\/127.0.0.1:8000\\/"],"accept-encoding":["gzip, deflate, br"],"accept-language":["en-GB,en-US;q=0.9,en;q=0.8"],"cookie":["sidebar_collapsed=0; dark_mode=0; XSRF-TOKEN=eyJpdiI6ImZ5WFp0TFZtYkFielF6V0o1T2FHU0E9PSIsInZhbHVlIjoiYjJiV1p0dmhtVmc3UG4vUFVzTzRiUmZQbHFsMDhpYjRZT1VWT3pTUzJrbFlQY2YwbjdVa3ZxaWE1cVB3YllCUExJT2d6RC9sM05kUnVJRis3aTh2S21qMmg5TTUwcU1Nd3U3dDQ4dFB4djVid3NHb2FaSlF4R3pSRlFZOVBEZWsiLCJtYWMiOiJmNzVkZTI5YmI5N2Y0ZDk2ZWIzMDE4OTdhMjJiYmFlOTBhMGU1ZTVmMmRiZTI3NDI4YzQ4NTM3NDRiMjcxYzU0IiwidGFnIjoiIn0%3D; bagisto_session=eyJpdiI6InV6Zlo5K1BoNVkwN1hmZnl2M1FHeUE9PSIsInZhbHVlIjoiMnVzMU13SFJPM2pQNVVyN1JEbjRVbTF0d05PUFEyK3JQMzEzOUh4aU52YTV2MktSbmNCdmlPL0NiV0hzc3NIVE05bWdaUnRoRTF0K2xFajZxcEpySzdnYVdzT2g3ZmE0dmNJOWQvMGRoaVlkRkpnQkVESjFZdkxoQTREYm9sUWQiLCJtYWMiOiJiMGQwNTVjYjZmZWQ5ZjEyMDg3ZjMzZDJmOTQ3MzJlNDJiNTA4N2U3MTVjZjgxZWI3NDUyNzlhYTNiYTI5MzBiIiwidGFnIjoiIn0%3D"]}', 'WebKit', 'Windows', 'Chrome', '127.0.0.1', NULL, NULL, NULL, NULL, '2024-01-01 09:45:18', '2024-01-01 09:45:18'),
	(27, 'GET', '[]', 'http://127.0.0.1:8000/storage/theme/1/3.webp', 'http://127.0.0.1:8000/', '["en-gb","en-us","en"]', 'Mozilla/5.0 (Windows NT 10.0; Win64; x64) AppleWebKit/537.36 (KHTML, like Gecko) Chrome/120.0.0.0 Safari/537.36', '{"host":["127.0.0.1:8000"],"connection":["keep-alive"],"pragma":["no-cache"],"cache-control":["no-cache"],"sec-ch-ua":["\\"Not_A Brand\\";v=\\"8\\", \\"Chromium\\";v=\\"120\\", \\"Google Chrome\\";v=\\"120\\""],"sec-ch-ua-mobile":["?0"],"user-agent":["Mozilla\\/5.0 (Windows NT 10.0; Win64; x64) AppleWebKit\\/537.36 (KHTML, like Gecko) Chrome\\/120.0.0.0 Safari\\/537.36"],"sec-ch-ua-platform":["\\"Windows\\""],"accept":["image\\/avif,image\\/webp,image\\/apng,image\\/svg+xml,image\\/*,*\\/*;q=0.8"],"sec-fetch-site":["same-origin"],"sec-fetch-mode":["no-cors"],"sec-fetch-dest":["image"],"referer":["http:\\/\\/127.0.0.1:8000\\/"],"accept-encoding":["gzip, deflate, br"],"accept-language":["en-GB,en-US;q=0.9,en;q=0.8"],"cookie":["sidebar_collapsed=0; dark_mode=0; XSRF-TOKEN=eyJpdiI6ImZ5WFp0TFZtYkFielF6V0o1T2FHU0E9PSIsInZhbHVlIjoiYjJiV1p0dmhtVmc3UG4vUFVzTzRiUmZQbHFsMDhpYjRZT1VWT3pTUzJrbFlQY2YwbjdVa3ZxaWE1cVB3YllCUExJT2d6RC9sM05kUnVJRis3aTh2S21qMmg5TTUwcU1Nd3U3dDQ4dFB4djVid3NHb2FaSlF4R3pSRlFZOVBEZWsiLCJtYWMiOiJmNzVkZTI5YmI5N2Y0ZDk2ZWIzMDE4OTdhMjJiYmFlOTBhMGU1ZTVmMmRiZTI3NDI4YzQ4NTM3NDRiMjcxYzU0IiwidGFnIjoiIn0%3D; bagisto_session=eyJpdiI6InV6Zlo5K1BoNVkwN1hmZnl2M1FHeUE9PSIsInZhbHVlIjoiMnVzMU13SFJPM2pQNVVyN1JEbjRVbTF0d05PUFEyK3JQMzEzOUh4aU52YTV2MktSbmNCdmlPL0NiV0hzc3NIVE05bWdaUnRoRTF0K2xFajZxcEpySzdnYVdzT2g3ZmE0dmNJOWQvMGRoaVlkRkpnQkVESjFZdkxoQTREYm9sUWQiLCJtYWMiOiJiMGQwNTVjYjZmZWQ5ZjEyMDg3ZjMzZDJmOTQ3MzJlNDJiNTA4N2U3MTVjZjgxZWI3NDUyNzlhYTNiYTI5MzBiIiwidGFnIjoiIn0%3D"]}', 'WebKit', 'Windows', 'Chrome', '127.0.0.1', NULL, NULL, NULL, NULL, '2024-01-01 09:45:19', '2024-01-01 09:45:19'),
	(28, 'GET', '[]', 'http://127.0.0.1:8000/storage/theme/1/4.webp', 'http://127.0.0.1:8000/', '["en-gb","en-us","en"]', 'Mozilla/5.0 (Windows NT 10.0; Win64; x64) AppleWebKit/537.36 (KHTML, like Gecko) Chrome/120.0.0.0 Safari/537.36', '{"host":["127.0.0.1:8000"],"connection":["keep-alive"],"pragma":["no-cache"],"cache-control":["no-cache"],"sec-ch-ua":["\\"Not_A Brand\\";v=\\"8\\", \\"Chromium\\";v=\\"120\\", \\"Google Chrome\\";v=\\"120\\""],"sec-ch-ua-mobile":["?0"],"user-agent":["Mozilla\\/5.0 (Windows NT 10.0; Win64; x64) AppleWebKit\\/537.36 (KHTML, like Gecko) Chrome\\/120.0.0.0 Safari\\/537.36"],"sec-ch-ua-platform":["\\"Windows\\""],"accept":["image\\/avif,image\\/webp,image\\/apng,image\\/svg+xml,image\\/*,*\\/*;q=0.8"],"sec-fetch-site":["same-origin"],"sec-fetch-mode":["no-cors"],"sec-fetch-dest":["image"],"referer":["http:\\/\\/127.0.0.1:8000\\/"],"accept-encoding":["gzip, deflate, br"],"accept-language":["en-GB,en-US;q=0.9,en;q=0.8"],"cookie":["sidebar_collapsed=0; dark_mode=0; XSRF-TOKEN=eyJpdiI6ImZ5WFp0TFZtYkFielF6V0o1T2FHU0E9PSIsInZhbHVlIjoiYjJiV1p0dmhtVmc3UG4vUFVzTzRiUmZQbHFsMDhpYjRZT1VWT3pTUzJrbFlQY2YwbjdVa3ZxaWE1cVB3YllCUExJT2d6RC9sM05kUnVJRis3aTh2S21qMmg5TTUwcU1Nd3U3dDQ4dFB4djVid3NHb2FaSlF4R3pSRlFZOVBEZWsiLCJtYWMiOiJmNzVkZTI5YmI5N2Y0ZDk2ZWIzMDE4OTdhMjJiYmFlOTBhMGU1ZTVmMmRiZTI3NDI4YzQ4NTM3NDRiMjcxYzU0IiwidGFnIjoiIn0%3D; bagisto_session=eyJpdiI6InV6Zlo5K1BoNVkwN1hmZnl2M1FHeUE9PSIsInZhbHVlIjoiMnVzMU13SFJPM2pQNVVyN1JEbjRVbTF0d05PUFEyK3JQMzEzOUh4aU52YTV2MktSbmNCdmlPL0NiV0hzc3NIVE05bWdaUnRoRTF0K2xFajZxcEpySzdnYVdzT2g3ZmE0dmNJOWQvMGRoaVlkRkpnQkVESjFZdkxoQTREYm9sUWQiLCJtYWMiOiJiMGQwNTVjYjZmZWQ5ZjEyMDg3ZjMzZDJmOTQ3MzJlNDJiNTA4N2U3MTVjZjgxZWI3NDUyNzlhYTNiYTI5MzBiIiwidGFnIjoiIn0%3D"]}', 'WebKit', 'Windows', 'Chrome', '127.0.0.1', NULL, NULL, NULL, NULL, '2024-01-01 09:45:20', '2024-01-01 09:45:20');

-- Dumping structure for table matress.wishlist
DROP TABLE IF EXISTS `wishlist`;
CREATE TABLE IF NOT EXISTS `wishlist` (
  `id` int unsigned NOT NULL AUTO_INCREMENT,
  `channel_id` int unsigned NOT NULL,
  `product_id` int unsigned NOT NULL,
  `customer_id` int unsigned NOT NULL,
  `item_options` json DEFAULT NULL,
  `moved_to_cart` date DEFAULT NULL,
  `shared` tinyint(1) DEFAULT NULL,
  `time_of_moving` date DEFAULT NULL,
  `additional` json DEFAULT NULL,
  `created_at` timestamp NULL DEFAULT NULL,
  `updated_at` timestamp NULL DEFAULT NULL,
  PRIMARY KEY (`id`),
  KEY `wishlist_channel_id_foreign` (`channel_id`),
  KEY `wishlist_product_id_foreign` (`product_id`),
  KEY `wishlist_customer_id_foreign` (`customer_id`),
  CONSTRAINT `wishlist_channel_id_foreign` FOREIGN KEY (`channel_id`) REFERENCES `channels` (`id`) ON DELETE CASCADE,
  CONSTRAINT `wishlist_customer_id_foreign` FOREIGN KEY (`customer_id`) REFERENCES `customers` (`id`) ON DELETE CASCADE,
  CONSTRAINT `wishlist_product_id_foreign` FOREIGN KEY (`product_id`) REFERENCES `products` (`id`) ON DELETE CASCADE
) ENGINE=InnoDB DEFAULT CHARSET=utf8mb4 COLLATE=utf8mb4_unicode_ci ROW_FORMAT=DYNAMIC;

-- Dumping data for table matress.wishlist: ~0 rows (approximately)

-- Dumping structure for table matress.wishlist_items
DROP TABLE IF EXISTS `wishlist_items`;
CREATE TABLE IF NOT EXISTS `wishlist_items` (
  `id` int unsigned NOT NULL AUTO_INCREMENT,
  `channel_id` int unsigned NOT NULL,
  `product_id` int unsigned NOT NULL,
  `customer_id` int unsigned NOT NULL,
  `additional` json DEFAULT NULL,
  `moved_to_cart` date DEFAULT NULL,
  `shared` tinyint(1) DEFAULT NULL,
  `created_at` timestamp NULL DEFAULT NULL,
  `updated_at` timestamp NULL DEFAULT NULL,
  PRIMARY KEY (`id`),
  KEY `wishlist_items_channel_id_foreign` (`channel_id`),
  KEY `wishlist_items_product_id_foreign` (`product_id`),
  KEY `wishlist_items_customer_id_foreign` (`customer_id`),
  CONSTRAINT `wishlist_items_channel_id_foreign` FOREIGN KEY (`channel_id`) REFERENCES `channels` (`id`) ON DELETE CASCADE,
  CONSTRAINT `wishlist_items_customer_id_foreign` FOREIGN KEY (`customer_id`) REFERENCES `customers` (`id`) ON DELETE CASCADE,
  CONSTRAINT `wishlist_items_product_id_foreign` FOREIGN KEY (`product_id`) REFERENCES `products` (`id`) ON DELETE CASCADE
) ENGINE=InnoDB DEFAULT CHARSET=utf8mb4 COLLATE=utf8mb4_unicode_ci ROW_FORMAT=DYNAMIC;

-- Dumping data for table matress.wishlist_items: ~0 rows (approximately)

/*!40103 SET TIME_ZONE=IFNULL(@OLD_TIME_ZONE, 'system') */;
/*!40101 SET SQL_MODE=IFNULL(@OLD_SQL_MODE, '') */;
/*!40014 SET FOREIGN_KEY_CHECKS=IFNULL(@OLD_FOREIGN_KEY_CHECKS, 1) */;
/*!40101 SET CHARACTER_SET_CLIENT=@OLD_CHARACTER_SET_CLIENT */;
/*!40111 SET SQL_NOTES=IFNULL(@OLD_SQL_NOTES, 1) */;
